# Blender 5.1.2
# www.blender.org
mtllib cross.mtl
o 円柱.003
v -0.783818 0.120198 -0.063379
v -0.783818 0.120198 0.039716
v -0.773761 0.119208 -0.063379
v -0.773761 0.119208 0.039716
v -0.764091 0.116274 -0.063379
v -0.764091 0.116274 0.039716
v -0.755179 0.111511 -0.063379
v -0.755179 0.111511 0.039716
v -0.747368 0.105100 -0.063379
v -0.747368 0.105100 0.039716
v -0.740957 0.097289 -0.063379
v -0.740957 0.097289 0.039716
v -0.736194 0.088377 -0.063379
v -0.736194 0.088377 0.039716
v -0.733260 0.078707 -0.063379
v -0.733260 0.078707 0.039716
v -0.732270 0.068650 -0.063379
v -0.732270 0.068650 0.039716
v -0.733260 0.058594 -0.063379
v -0.733260 0.058594 0.039716
v -0.736194 0.048924 -0.063379
v -0.736194 0.048924 0.039716
v -0.740957 0.040012 -0.063379
v -0.740957 0.040012 0.039716
v -0.747368 0.032201 -0.063379
v -0.747368 0.032201 0.039716
v -0.755179 0.025790 -0.063379
v -0.755179 0.025790 0.039716
v -0.764091 0.021026 -0.063379
v -0.764091 0.021026 0.039716
v -0.773761 0.018093 -0.063379
v -0.773761 0.018093 0.039716
v -0.783818 0.017103 -0.063379
v -0.783818 0.017103 0.039716
v -0.793874 0.018093 -0.063379
v -0.793874 0.018093 0.039716
v -0.803544 0.021026 -0.063379
v -0.803544 0.021026 0.039716
v -0.812456 0.025790 -0.063379
v -0.812456 0.025790 0.039716
v -0.820267 0.032201 -0.063379
v -0.820267 0.032201 0.039716
v -0.826678 0.040012 -0.063379
v -0.826678 0.040012 0.039716
v -0.831441 0.048924 -0.063379
v -0.831441 0.048924 0.039716
v -0.834375 0.058594 -0.063379
v -0.834375 0.058594 0.039716
v -0.835365 0.068650 -0.063379
v -0.835365 0.068650 0.039716
v -0.834375 0.078707 -0.063379
v -0.834375 0.078707 0.039716
v -0.831441 0.088377 -0.063379
v -0.831441 0.088377 0.039716
v -0.826678 0.097289 -0.063379
v -0.826678 0.097289 0.039716
v -0.820267 0.105100 -0.063379
v -0.820267 0.105100 0.039716
v -0.812456 0.111511 -0.063379
v -0.812456 0.111511 0.039716
v -0.803544 0.116274 -0.063379
v -0.803544 0.116274 0.039716
v -0.793874 0.119208 -0.063379
v -0.793874 0.119208 0.039716
v 0.750532 1.961228 -0.063379
v 0.750532 1.961228 0.039716
v 0.760588 1.960238 -0.063379
v 0.760588 1.960238 0.039716
v 0.770258 1.957304 -0.063379
v 0.770258 1.957304 0.039716
v 0.779170 1.952541 -0.063379
v 0.779170 1.952541 0.039716
v 0.786982 1.946130 -0.063379
v 0.786982 1.946130 0.039716
v 0.793392 1.938319 -0.063379
v 0.793392 1.938319 0.039716
v 0.798156 1.929407 -0.063379
v 0.798156 1.929407 0.039716
v 0.801089 1.919737 -0.063379
v 0.801089 1.919737 0.039716
v 0.802080 1.909680 -0.063379
v 0.802080 1.909680 0.039716
v 0.801089 1.899624 -0.063379
v 0.801089 1.899624 0.039716
v 0.798156 1.889954 -0.063379
v 0.798156 1.889954 0.039716
v 0.793392 1.881042 -0.063379
v 0.793392 1.881042 0.039716
v 0.786982 1.873230 -0.063379
v 0.786982 1.873230 0.039716
v 0.779170 1.866820 -0.063379
v 0.779170 1.866820 0.039716
v 0.770258 1.862056 -0.063379
v 0.770258 1.862056 0.039716
v 0.760588 1.859123 -0.063379
v 0.760588 1.859123 0.039716
v 0.750532 1.858132 -0.063379
v 0.750532 1.858132 0.039716
v 0.740475 1.859123 -0.063379
v 0.740475 1.859123 0.039716
v 0.730805 1.862056 -0.063379
v 0.730805 1.862056 0.039716
v 0.721893 1.866820 -0.063379
v 0.721893 1.866820 0.039716
v 0.714082 1.873230 -0.063379
v 0.714082 1.873230 0.039716
v 0.707671 1.881042 -0.063379
v 0.707671 1.881042 0.039716
v 0.702908 1.889954 -0.063379
v 0.702908 1.889954 0.039716
v 0.699974 1.899624 -0.063379
v 0.699974 1.899624 0.039716
v 0.698984 1.909680 -0.063379
v 0.698984 1.909680 0.039716
v 0.699974 1.919737 -0.063379
v 0.699974 1.919737 0.039716
v 0.702908 1.929407 -0.063379
v 0.702908 1.929407 0.039716
v 0.707671 1.938319 -0.063379
v 0.707671 1.938319 0.039716
v 0.714082 1.946130 -0.063379
v 0.714082 1.946130 0.039716
v 0.721893 1.952541 -0.063379
v 0.721893 1.952541 0.039716
v 0.730805 1.957304 -0.063379
v 0.730805 1.957304 0.039716
v 0.740475 1.960238 -0.063379
v 0.740475 1.960238 0.039716
v 0.882350 1.763391 -0.063379
v 0.882350 1.763391 0.039716
v 0.892407 1.762400 -0.063379
v 0.892407 1.762400 0.039716
v 0.902077 1.759467 -0.063379
v 0.902077 1.759467 0.039716
v 0.910988 1.754704 -0.063379
v 0.910988 1.754704 0.039716
v 0.918800 1.748293 -0.063379
v 0.918800 1.748293 0.039716
v 0.925211 1.740481 -0.063379
v 0.925211 1.740481 0.039716
v 0.929974 1.731570 -0.063379
v 0.929974 1.731570 0.039716
v 0.932907 1.721900 -0.063379
v 0.932907 1.721900 0.039716
v 0.933898 1.711843 -0.063379
v 0.933898 1.711843 0.039716
v 0.932907 1.701787 -0.063379
v 0.932907 1.701787 0.039716
v 0.929974 1.692117 -0.063379
v 0.929974 1.692117 0.039716
v 0.925211 1.683205 -0.063379
v 0.925211 1.683205 0.039716
v 0.918800 1.675393 -0.063379
v 0.918800 1.675393 0.039716
v 0.910988 1.668983 -0.063379
v 0.910988 1.668983 0.039716
v 0.902077 1.664219 -0.063379
v 0.902077 1.664219 0.039716
v 0.892407 1.661286 -0.063379
v 0.892407 1.661286 0.039716
v 0.882350 1.660295 -0.063379
v 0.882350 1.660295 0.039716
v 0.872294 1.661286 -0.063379
v 0.872294 1.661286 0.039716
v 0.862624 1.664219 -0.063379
v 0.862624 1.664219 0.039716
v 0.853712 1.668983 -0.063379
v 0.853712 1.668983 0.039716
v 0.845900 1.675393 -0.063379
v 0.845900 1.675393 0.039716
v 0.839490 1.683205 -0.063379
v 0.839490 1.683205 0.039716
v 0.834726 1.692117 -0.063379
v 0.834726 1.692117 0.039716
v 0.831793 1.701787 -0.063379
v 0.831793 1.701787 0.039716
v 0.830803 1.711843 -0.063379
v 0.830803 1.711843 0.039716
v 0.831793 1.721900 -0.063379
v 0.831793 1.721900 0.039716
v 0.834726 1.731570 -0.063379
v 0.834726 1.731570 0.039716
v 0.839490 1.740481 -0.063379
v 0.839490 1.740481 0.039716
v 0.845900 1.748293 -0.063379
v 0.845900 1.748293 0.039716
v 0.853712 1.754704 -0.063379
v 0.853712 1.754704 0.039716
v 0.862624 1.759467 -0.063379
v 0.862624 1.759467 0.039716
v 0.872294 1.762400 -0.063379
v 0.872294 1.762400 0.039716
v -0.860307 0.335424 -0.063379
v -0.860307 0.335424 0.039716
v -0.850250 0.334434 -0.063379
v -0.850250 0.334434 0.039716
v -0.840580 0.331501 -0.063379
v -0.840580 0.331501 0.039716
v -0.831668 0.326737 -0.063379
v -0.831668 0.326737 0.039716
v -0.823857 0.320326 -0.063379
v -0.823857 0.320326 0.039716
v -0.817446 0.312515 -0.063379
v -0.817446 0.312515 0.039716
v -0.812683 0.303603 -0.063379
v -0.812683 0.303603 0.039716
v -0.809749 0.293933 -0.063379
v -0.809749 0.293933 0.039716
v -0.808759 0.283877 -0.063379
v -0.808759 0.283877 0.039716
v -0.809749 0.273820 -0.063379
v -0.809749 0.273820 0.039716
v -0.812683 0.264150 -0.063379
v -0.812683 0.264150 0.039716
v -0.817446 0.255238 -0.063379
v -0.817446 0.255238 0.039716
v -0.823857 0.247427 -0.063379
v -0.823857 0.247427 0.039716
v -0.831668 0.241016 -0.063379
v -0.831668 0.241016 0.039716
v -0.840580 0.236253 -0.063379
v -0.840580 0.236253 0.039716
v -0.850250 0.233319 -0.063379
v -0.850250 0.233319 0.039716
v -0.860307 0.232329 -0.063379
v -0.860307 0.232329 0.039716
v -0.870363 0.233319 -0.063379
v -0.870363 0.233319 0.039716
v -0.880033 0.236253 -0.063379
v -0.880033 0.236253 0.039716
v -0.888945 0.241016 -0.063379
v -0.888945 0.241016 0.039716
v -0.896756 0.247427 -0.063379
v -0.896756 0.247427 0.039716
v -0.903167 0.255238 -0.063379
v -0.903167 0.255238 0.039716
v -0.907931 0.264150 -0.063379
v -0.907931 0.264150 0.039716
v -0.910864 0.273820 -0.063379
v -0.910864 0.273820 0.039716
v -0.911855 0.283877 -0.063379
v -0.911855 0.283877 0.039716
v -0.910864 0.293933 -0.063379
v -0.910864 0.293933 0.039716
v -0.907931 0.303603 -0.063379
v -0.907931 0.303603 0.039716
v -0.903167 0.312515 -0.063379
v -0.903167 0.312515 0.039716
v -0.896756 0.320326 -0.063379
v -0.896756 0.320326 0.039716
v -0.888945 0.326737 -0.063379
v -0.888945 0.326737 0.039716
v -0.880033 0.331501 -0.063379
v -0.880033 0.331501 0.039716
v -0.870363 0.334434 -0.063379
v -0.870363 0.334434 0.039716
v -1.084376 0.199261 -0.022096
v 0.805877 2.085131 -0.022096
v -1.084376 0.199261 -0.115360
v 0.805877 2.085131 -0.115360
v -0.814313 -0.087812 -0.022096
v 1.063373 1.785520 -0.022096
v -0.814313 -0.087812 -0.115360
v 1.063373 1.785520 -0.115360
v 0.982687 1.824380 -0.104201
v 0.990744 1.816304 -0.104201
v 0.949678 1.902750 -0.104201
v 0.954460 1.891407 -0.104201
v 0.906460 1.989736 -0.104201
v 0.915825 1.982970 -0.104201
v 0.831242 2.007191 -0.104201
v 0.840209 2.000024 -0.104201
v -1.004914 0.159180 -0.104201
v -1.013498 0.166730 -0.104201
v -0.961042 0.091651 -0.104201
v -0.968852 0.099985 -0.104201
v -0.897355 0.043885 -0.104201
v -0.904885 0.052487 -0.104201
v -0.858337 -0.028489 -0.104201
v -0.864549 -0.018573 -0.104201
v -0.864549 -0.018573 -0.115360
v -0.858337 -0.028489 -0.115360
v -0.861773 -0.023860 -0.114010
v -0.904885 0.052487 -0.115360
v -0.897355 0.043885 -0.115360
v -0.900132 0.049172 -0.114010
v -0.968852 0.099985 -0.115360
v -0.961042 0.091651 -0.115360
v -0.965793 0.094964 -0.114010
v -1.013498 0.166730 -0.115360
v -1.004914 0.159180 -0.115360
v -1.007966 0.164191 -0.114010
v 0.840209 2.000024 -0.115360
v 0.831242 2.007191 -0.115360
v 0.833221 2.001109 -0.114010
v 0.915825 1.982970 -0.115360
v 0.906460 1.989736 -0.115360
v 0.913427 1.988655 -0.114010
v 0.954460 1.891407 -0.115360
v 0.949678 1.902750 -0.115360
v 0.952071 1.897080 -0.114010
v 0.990744 1.816304 -0.115360
v 0.982687 1.824380 -0.115360
v 0.985076 1.818707 -0.114010
v -1.004914 0.159180 -0.022096
v -1.013498 0.166730 -0.022096
v -1.007966 0.164191 -0.023447
v -0.961042 0.091651 -0.022096
v -0.968852 0.099985 -0.022096
v -0.965793 0.094964 -0.023446
v -0.897355 0.043885 -0.022096
v -0.904885 0.052487 -0.022096
v -0.900132 0.049172 -0.023446
v -0.858337 -0.028489 -0.022096
v -0.864549 -0.018573 -0.022096
v -0.861773 -0.023860 -0.023446
v 0.982687 1.824380 -0.022096
v 0.990744 1.816304 -0.022096
v 0.985076 1.818707 -0.023446
v 0.949678 1.902750 -0.022096
v 0.954460 1.891407 -0.022096
v 0.952071 1.897080 -0.023447
v 0.906460 1.989736 -0.022096
v 0.915825 1.982970 -0.022096
v 0.913427 1.988655 -0.023447
v 0.831242 2.007191 -0.022096
v 0.840209 2.000024 -0.022096
v 0.833221 2.001109 -0.023447
v -1.004914 0.159180 -0.033256
v -1.013498 0.166730 -0.033256
v -0.961042 0.091651 -0.033256
v -0.968852 0.099985 -0.033256
v -0.897355 0.043885 -0.033256
v -0.904885 0.052487 -0.033256
v -0.858337 -0.028489 -0.033256
v -0.864549 -0.018573 -0.033256
v 0.982687 1.824380 -0.033256
v 0.990744 1.816304 -0.033256
v 0.949678 1.902750 -0.033256
v 0.954460 1.891407 -0.033256
v 0.906460 1.989736 -0.033256
v 0.915825 1.982970 -0.033256
v 0.831242 2.007191 -0.033256
v 0.840209 2.000024 -0.033256
v -0.829860 0.458492 0.045343
v -0.554636 0.733077 0.085252
v -0.279412 1.007663 0.100531
v -0.004188 1.282249 0.100531
v 0.271036 1.556834 0.085252
v 0.546260 1.831420 0.045343
v 0.546260 1.831420 -0.047921
v 0.271036 1.556834 -0.008013
v -0.004188 1.282249 0.020863
v -0.279412 1.007663 0.020863
v -0.554636 0.733077 -0.008013
v -0.829860 0.458492 -0.047921
v -0.764247 0.418724 -0.036761
v -0.495650 0.686698 0.003147
v -0.227053 0.954672 0.032023
v 0.041544 1.222647 0.032023
v 0.310142 1.490621 0.003147
v 0.578739 1.758595 -0.036761
v 0.810532 1.527879 -0.047921
v 0.537138 1.255119 -0.008013
v 0.263744 0.982359 0.020863
v -0.009650 0.709599 0.020863
v -0.283044 0.436839 -0.008013
v -0.556438 0.164078 -0.047921
v 0.810532 1.527879 0.045343
v 0.537138 1.255119 0.085252
v 0.263744 0.982359 0.100531
v -0.009650 0.709599 0.100531
v -0.283044 0.436839 0.085252
v -0.556438 0.164078 0.045343
v -0.612073 0.230224 -0.036761
v -0.343113 0.498561 0.003147
v -0.074152 0.766898 0.032023
v 0.194809 1.035235 0.032023
v 0.463769 1.303572 0.003147
v 0.732730 1.571909 -0.036761
v 0.703294 1.639558 -0.036761
v 0.433667 1.370556 0.003147
v 0.164039 1.101554 0.032023
v -0.105588 0.832552 0.032023
v -0.375215 0.563550 0.003147
v -0.644843 0.294547 -0.036761
v 0.578739 1.758595 0.034184
v 0.310142 1.490621 0.074092
v 0.041544 1.222647 0.102968
v -0.227053 0.954672 0.102968
v -0.495650 0.686698 0.074092
v -0.764247 0.418724 0.034184
v -0.706105 0.349607 0.034184
v -0.432830 0.624987 0.074092
v -0.159555 0.900366 0.102968
v 0.113720 1.175745 0.102968
v 0.386995 1.451124 0.074092
v 0.660269 1.726503 0.034184
v -0.644843 0.294547 0.034184
v -0.375215 0.563550 0.074092
v -0.105588 0.832552 0.102968
v 0.164039 1.101554 0.102968
v 0.433667 1.370556 0.074092
v 0.703294 1.639558 0.034184
v -0.605473 0.220386 0.034184
v -0.336244 0.488990 0.074092
v -0.067015 0.757595 0.102968
v 0.202215 1.026200 0.102968
v 0.471444 1.294805 0.074092
v 0.740673 1.563410 0.034184
v 0.732730 1.571909 0.034184
v 0.463769 1.303572 0.074092
v 0.194809 1.035235 0.102968
v -0.074152 0.766898 0.102968
v -0.343113 0.498561 0.074092
v -0.612073 0.230224 0.034184
v 0.698020 1.650720 0.034184
v 0.427993 1.381318 0.074092
v 0.157965 1.111917 0.102968
v -0.112062 0.842516 0.102968
v -0.382090 0.573115 0.074092
v -0.652117 0.303713 0.034184
v 0.650950 1.733628 0.034184
v 0.377902 1.458477 0.074092
v 0.104854 1.183326 0.102968
v -0.168195 0.908175 0.102968
v -0.441243 0.633024 0.074092
v -0.714292 0.357873 0.034184
v 0.587822 1.751234 -0.036761
v 0.319170 1.483204 0.003147
v 0.050517 1.215174 0.032023
v -0.218136 0.947145 0.032023
v -0.486789 0.679115 0.003147
v -0.755442 0.411085 -0.036761
v -0.714292 0.357873 -0.036761
v -0.441243 0.633024 0.003147
v -0.168195 0.908175 0.032023
v 0.104854 1.183326 0.032023
v 0.377902 1.458477 0.003147
v 0.650950 1.733628 -0.036761
v 0.740673 1.563410 -0.036761
v 0.471444 1.294805 0.003147
v 0.202215 1.026200 0.032023
v -0.067015 0.757595 0.032023
v -0.336244 0.488990 0.003147
v -0.605473 0.220386 -0.036761
v -0.755442 0.411085 0.034184
v -0.486789 0.679115 0.074092
v -0.218136 0.947145 0.102968
v 0.050517 1.215175 0.102968
v 0.319170 1.483204 0.074092
v 0.587822 1.751234 0.034184
v 0.660269 1.726503 -0.036761
v 0.386994 1.451124 0.003147
v 0.113720 1.175745 0.032023
v -0.159555 0.900366 0.032023
v -0.432830 0.624987 0.003147
v -0.706105 0.349607 -0.036761
v -0.652117 0.303713 -0.036761
v -0.382090 0.573115 0.003147
v -0.112062 0.842516 0.032023
v 0.157965 1.111917 0.032023
v 0.427993 1.381319 0.003147
v 0.698020 1.650720 -0.036761
v 0.732730 1.571909 0.045343
v 0.463769 1.303572 0.085252
v 0.194809 1.035235 0.100531
v -0.074152 0.766898 0.100531
v -0.343113 0.498561 0.085252
v -0.612073 0.230224 0.045343
v -0.605473 0.220386 0.045343
v -0.336244 0.488990 0.085252
v -0.067015 0.757595 0.100531
v 0.202215 1.026200 0.100531
v 0.471444 1.294805 0.085252
v 0.740673 1.563410 0.045343
v 0.698020 1.650720 0.045343
v 0.427993 1.381318 0.085252
v 0.157965 1.111917 0.100531
v -0.112062 0.842516 0.100531
v -0.382090 0.573115 0.085252
v -0.652117 0.303713 0.045343
v -0.644843 0.294547 0.045343
v -0.375215 0.563550 0.085252
v -0.105588 0.832552 0.100531
v 0.164039 1.101554 0.100531
v 0.433667 1.370556 0.085252
v 0.703294 1.639558 0.045343
v 0.650950 1.733628 0.045343
v 0.377902 1.458477 0.085252
v 0.104854 1.183326 0.100531
v -0.168195 0.908175 0.100531
v -0.441243 0.633024 0.085252
v -0.714292 0.357873 0.045343
v -0.706105 0.349607 0.045343
v -0.432830 0.624987 0.085252
v -0.159555 0.900366 0.100531
v 0.113720 1.175745 0.100531
v 0.386995 1.451124 0.085252
v 0.660269 1.726503 0.045343
v 0.578739 1.758595 0.045343
v 0.310142 1.490621 0.085252
v 0.041544 1.222647 0.100531
v -0.227053 0.954672 0.100531
v -0.495650 0.686698 0.085252
v -0.764247 0.418724 0.045343
v -0.755442 0.411085 0.045343
v -0.486789 0.679115 0.085252
v -0.218136 0.947145 0.100531
v 0.050517 1.215175 0.100531
v 0.319170 1.483204 0.085252
v 0.587822 1.751234 0.045343
v 0.587822 1.751234 -0.047921
v 0.319170 1.483204 -0.008013
v 0.050517 1.215174 0.020863
v -0.218136 0.947145 0.020863
v -0.486789 0.679115 -0.008013
v -0.755442 0.411085 -0.047921
v -0.764247 0.418724 -0.047921
v -0.495650 0.686698 -0.008013
v -0.227053 0.954672 0.020863
v 0.041544 1.222647 0.020863
v 0.310142 1.490621 -0.008013
v 0.578739 1.758595 -0.047921
v 0.660269 1.726503 -0.047921
v 0.386994 1.451124 -0.008013
v 0.113720 1.175745 0.020863
v -0.159555 0.900366 0.020863
v -0.432830 0.624987 -0.008013
v -0.706105 0.349607 -0.047921
v -0.714292 0.357873 -0.047921
v -0.441243 0.633024 -0.008013
v -0.168195 0.908175 0.020863
v 0.104854 1.183326 0.020863
v 0.377902 1.458477 -0.008013
v 0.650950 1.733628 -0.047921
v 0.703294 1.639558 -0.047921
v 0.433667 1.370556 -0.008013
v 0.164039 1.101554 0.020863
v -0.105588 0.832552 0.020863
v -0.375215 0.563550 -0.008013
v -0.644843 0.294547 -0.047921
v -0.652117 0.303713 -0.047921
v -0.382090 0.573115 -0.008013
v -0.112062 0.842516 0.020863
v 0.157965 1.111917 0.020863
v 0.427993 1.381319 -0.008013
v 0.698020 1.650720 -0.047921
v 0.740673 1.563410 -0.047921
v 0.471444 1.294805 -0.008013
v 0.202215 1.026200 0.020863
v -0.067015 0.757595 0.020863
v -0.336244 0.488990 -0.008013
v -0.605473 0.220386 -0.047921
v -0.612073 0.230224 -0.047921
v -0.343113 0.498561 -0.008013
v -0.074152 0.766898 0.020863
v 0.194809 1.035235 0.020863
v 0.463769 1.303572 -0.008013
v 0.732730 1.571909 -0.047921
v 0.783818 0.120198 -0.035671
v 0.783818 0.120198 0.067424
v 0.773761 0.119208 -0.035671
v 0.773761 0.119208 0.067424
v 0.764091 0.116274 -0.035671
v 0.764091 0.116274 0.067424
v 0.755179 0.111511 -0.035671
v 0.755179 0.111511 0.067424
v 0.747368 0.105100 -0.035671
v 0.747368 0.105100 0.067424
v 0.740957 0.097289 -0.035671
v 0.740957 0.097289 0.067424
v 0.736194 0.088377 -0.035671
v 0.736194 0.088377 0.067424
v 0.733260 0.078707 -0.035671
v 0.733260 0.078707 0.067424
v 0.732270 0.068650 -0.035671
v 0.732270 0.068650 0.067424
v 0.733260 0.058594 -0.035671
v 0.733260 0.058594 0.067424
v 0.736194 0.048924 -0.035671
v 0.736194 0.048924 0.067424
v 0.740957 0.040012 -0.035671
v 0.740957 0.040012 0.067424
v 0.747368 0.032201 -0.035671
v 0.747368 0.032201 0.067424
v 0.755179 0.025790 -0.035671
v 0.755179 0.025790 0.067424
v 0.764091 0.021026 -0.035671
v 0.764091 0.021026 0.067424
v 0.773761 0.018093 -0.035671
v 0.773761 0.018093 0.067424
v 0.783818 0.017103 -0.035671
v 0.783818 0.017103 0.067424
v 0.793874 0.018093 -0.035671
v 0.793874 0.018093 0.067424
v 0.803544 0.021026 -0.035671
v 0.803544 0.021026 0.067424
v 0.812456 0.025790 -0.035671
v 0.812456 0.025790 0.067424
v 0.820267 0.032201 -0.035671
v 0.820267 0.032201 0.067424
v 0.826678 0.040012 -0.035671
v 0.826678 0.040012 0.067424
v 0.831441 0.048924 -0.035671
v 0.831441 0.048924 0.067424
v 0.834375 0.058594 -0.035671
v 0.834375 0.058594 0.067424
v 0.835365 0.068650 -0.035671
v 0.835365 0.068650 0.067424
v 0.834375 0.078707 -0.035671
v 0.834375 0.078707 0.067424
v 0.831441 0.088377 -0.035671
v 0.831441 0.088377 0.067424
v 0.826678 0.097289 -0.035671
v 0.826678 0.097289 0.067424
v 0.820267 0.105100 -0.035671
v 0.820267 0.105100 0.067424
v 0.812456 0.111511 -0.035671
v 0.812456 0.111511 0.067424
v 0.803544 0.116274 -0.035671
v 0.803544 0.116274 0.067424
v 0.793874 0.119208 -0.035671
v 0.793874 0.119208 0.067424
v -0.750532 1.961228 -0.035671
v -0.750532 1.961228 0.067424
v -0.760588 1.960238 -0.035671
v -0.760588 1.960238 0.067424
v -0.770258 1.957304 -0.035671
v -0.770258 1.957304 0.067424
v -0.779170 1.952541 -0.035671
v -0.779170 1.952541 0.067424
v -0.786982 1.946130 -0.035671
v -0.786982 1.946130 0.067424
v -0.793392 1.938319 -0.035671
v -0.793392 1.938319 0.067424
v -0.798156 1.929407 -0.035671
v -0.798156 1.929407 0.067424
v -0.801089 1.919737 -0.035671
v -0.801089 1.919737 0.067424
v -0.802080 1.909680 -0.035671
v -0.802080 1.909680 0.067424
v -0.801089 1.899624 -0.035671
v -0.801089 1.899624 0.067424
v -0.798156 1.889954 -0.035671
v -0.798156 1.889954 0.067424
v -0.793392 1.881042 -0.035671
v -0.793392 1.881042 0.067424
v -0.786982 1.873230 -0.035671
v -0.786982 1.873230 0.067424
v -0.779170 1.866820 -0.035671
v -0.779170 1.866820 0.067424
v -0.770258 1.862056 -0.035671
v -0.770258 1.862056 0.067424
v -0.760588 1.859123 -0.035671
v -0.760588 1.859123 0.067424
v -0.750532 1.858132 -0.035671
v -0.750532 1.858132 0.067424
v -0.740475 1.859123 -0.035671
v -0.740475 1.859123 0.067424
v -0.730805 1.862056 -0.035671
v -0.730805 1.862056 0.067424
v -0.721893 1.866820 -0.035671
v -0.721893 1.866820 0.067424
v -0.714082 1.873230 -0.035671
v -0.714082 1.873230 0.067424
v -0.707671 1.881042 -0.035671
v -0.707671 1.881042 0.067424
v -0.702908 1.889954 -0.035671
v -0.702908 1.889954 0.067424
v -0.699974 1.899624 -0.035671
v -0.699974 1.899624 0.067424
v -0.698984 1.909680 -0.035671
v -0.698984 1.909680 0.067424
v -0.699974 1.919737 -0.035671
v -0.699974 1.919737 0.067424
v -0.702908 1.929407 -0.035671
v -0.702908 1.929407 0.067424
v -0.707671 1.938319 -0.035671
v -0.707671 1.938319 0.067424
v -0.714082 1.946130 -0.035671
v -0.714082 1.946130 0.067424
v -0.721893 1.952541 -0.035671
v -0.721893 1.952541 0.067424
v -0.730805 1.957304 -0.035671
v -0.730805 1.957304 0.067424
v -0.740475 1.960238 -0.035671
v -0.740475 1.960238 0.067424
v -0.882350 1.763391 -0.035671
v -0.882350 1.763391 0.067424
v -0.892407 1.762400 -0.035671
v -0.892407 1.762400 0.067424
v -0.902077 1.759467 -0.035671
v -0.902077 1.759467 0.067424
v -0.910988 1.754704 -0.035671
v -0.910988 1.754704 0.067424
v -0.918800 1.748293 -0.035671
v -0.918800 1.748293 0.067424
v -0.925211 1.740481 -0.035671
v -0.925211 1.740481 0.067424
v -0.929974 1.731570 -0.035671
v -0.929974 1.731570 0.067424
v -0.932907 1.721900 -0.035671
v -0.932907 1.721900 0.067424
v -0.933898 1.711843 -0.035671
v -0.933898 1.711843 0.067424
v -0.932907 1.701787 -0.035671
v -0.932907 1.701787 0.067424
v -0.929974 1.692117 -0.035671
v -0.929974 1.692117 0.067424
v -0.925211 1.683205 -0.035671
v -0.925211 1.683205 0.067424
v -0.918800 1.675393 -0.035671
v -0.918800 1.675393 0.067424
v -0.910988 1.668983 -0.035671
v -0.910988 1.668983 0.067424
v -0.902077 1.664219 -0.035671
v -0.902077 1.664219 0.067424
v -0.892407 1.661286 -0.035671
v -0.892407 1.661286 0.067424
v -0.882350 1.660295 -0.035671
v -0.882350 1.660295 0.067424
v -0.872294 1.661286 -0.035671
v -0.872294 1.661286 0.067424
v -0.862624 1.664219 -0.035671
v -0.862624 1.664219 0.067424
v -0.853712 1.668983 -0.035671
v -0.853712 1.668983 0.067424
v -0.845900 1.675393 -0.035671
v -0.845900 1.675393 0.067424
v -0.839490 1.683205 -0.035671
v -0.839490 1.683205 0.067424
v -0.834726 1.692117 -0.035671
v -0.834726 1.692117 0.067424
v -0.831793 1.701787 -0.035671
v -0.831793 1.701787 0.067424
v -0.830803 1.711843 -0.035671
v -0.830803 1.711843 0.067424
v -0.831793 1.721900 -0.035671
v -0.831793 1.721900 0.067424
v -0.834726 1.731570 -0.035671
v -0.834726 1.731570 0.067424
v -0.839490 1.740481 -0.035671
v -0.839490 1.740481 0.067424
v -0.845900 1.748293 -0.035671
v -0.845900 1.748293 0.067424
v -0.853712 1.754704 -0.035671
v -0.853712 1.754704 0.067424
v -0.862624 1.759467 -0.035671
v -0.862624 1.759467 0.067424
v -0.872294 1.762400 -0.035671
v -0.872294 1.762400 0.067424
v 0.860307 0.335424 -0.035671
v 0.860307 0.335424 0.067424
v 0.850250 0.334434 -0.035671
v 0.850250 0.334434 0.067424
v 0.840580 0.331501 -0.035671
v 0.840580 0.331501 0.067424
v 0.831668 0.326737 -0.035671
v 0.831668 0.326737 0.067424
v 0.823857 0.320326 -0.035671
v 0.823857 0.320326 0.067424
v 0.817446 0.312515 -0.035671
v 0.817446 0.312515 0.067424
v 0.812683 0.303603 -0.035671
v 0.812683 0.303603 0.067424
v 0.809749 0.293933 -0.035671
v 0.809749 0.293933 0.067424
v 0.808759 0.283877 -0.035671
v 0.808759 0.283877 0.067424
v 0.809749 0.273820 -0.035671
v 0.809749 0.273820 0.067424
v 0.812683 0.264150 -0.035671
v 0.812683 0.264150 0.067424
v 0.817446 0.255238 -0.035671
v 0.817446 0.255238 0.067424
v 0.823857 0.247427 -0.035671
v 0.823857 0.247427 0.067424
v 0.831668 0.241016 -0.035671
v 0.831668 0.241016 0.067424
v 0.840580 0.236253 -0.035671
v 0.840580 0.236253 0.067424
v 0.850250 0.233319 -0.035671
v 0.850250 0.233319 0.067424
v 0.860307 0.232329 -0.035671
v 0.860307 0.232329 0.067424
v 0.870363 0.233319 -0.035671
v 0.870363 0.233319 0.067424
v 0.880033 0.236253 -0.035671
v 0.880033 0.236253 0.067424
v 0.888945 0.241016 -0.035671
v 0.888945 0.241016 0.067424
v 0.896756 0.247427 -0.035671
v 0.896756 0.247427 0.067424
v 0.903167 0.255238 -0.035671
v 0.903167 0.255238 0.067424
v 0.907931 0.264150 -0.035671
v 0.907931 0.264150 0.067424
v 0.910864 0.273820 -0.035671
v 0.910864 0.273820 0.067424
v 0.911855 0.283877 -0.035671
v 0.911855 0.283877 0.067424
v 0.910864 0.293933 -0.035671
v 0.910864 0.293933 0.067424
v 0.907931 0.303603 -0.035671
v 0.907931 0.303603 0.067424
v 0.903167 0.312515 -0.035671
v 0.903167 0.312515 0.067424
v 0.896756 0.320326 -0.035671
v 0.896756 0.320326 0.067424
v 0.888945 0.326737 -0.035671
v 0.888945 0.326737 0.067424
v 0.880033 0.331501 -0.035671
v 0.880033 0.331501 0.067424
v 0.870363 0.334434 -0.035671
v 0.870363 0.334434 0.067424
v 1.084376 0.199261 0.005612
v -0.805877 2.085131 0.005612
v 1.084376 0.199261 -0.087652
v -0.805877 2.085131 -0.087652
v 0.814313 -0.087812 0.005612
v -1.063373 1.785520 0.005612
v 0.814313 -0.087812 -0.087652
v -1.063373 1.785520 -0.087652
v -0.982687 1.824380 -0.076493
v -0.990744 1.816304 -0.076493
v -0.949678 1.902750 -0.076493
v -0.954460 1.891407 -0.076493
v -0.906460 1.989736 -0.076493
v -0.915825 1.982970 -0.076493
v -0.831242 2.007191 -0.076493
v -0.840209 2.000024 -0.076493
v 1.004914 0.159180 -0.076493
v 1.013498 0.166730 -0.076493
v 0.961042 0.091651 -0.076493
v 0.968852 0.099985 -0.076493
v 0.897355 0.043885 -0.076493
v 0.904885 0.052487 -0.076493
v 0.858337 -0.028489 -0.076493
v 0.864549 -0.018573 -0.076493
v 0.864549 -0.018573 -0.087652
v 0.858337 -0.028489 -0.087652
v 0.861773 -0.023860 -0.086302
v 0.904885 0.052487 -0.087652
v 0.897355 0.043885 -0.087652
v 0.900132 0.049172 -0.086302
v 0.968852 0.099985 -0.087652
v 0.961042 0.091651 -0.087652
v 0.965793 0.094964 -0.086302
v 1.013498 0.166730 -0.087652
v 1.004914 0.159180 -0.087652
v 1.007966 0.164191 -0.086302
v -0.840209 2.000024 -0.087652
v -0.831242 2.007191 -0.087652
v -0.833221 2.001109 -0.086302
v -0.915825 1.982970 -0.087652
v -0.906460 1.989736 -0.087652
v -0.913427 1.988655 -0.086302
v -0.954460 1.891407 -0.087652
v -0.949678 1.902750 -0.087652
v -0.952071 1.897080 -0.086302
v -0.990744 1.816304 -0.087652
v -0.982687 1.824380 -0.087652
v -0.985076 1.818707 -0.086302
v 1.004914 0.159180 0.005612
v 1.013498 0.166730 0.005612
v 1.007966 0.164191 0.004261
v 0.961042 0.091651 0.005612
v 0.968852 0.099985 0.005612
v 0.965793 0.094964 0.004262
v 0.897355 0.043885 0.005612
v 0.904885 0.052487 0.005612
v 0.900132 0.049172 0.004262
v 0.858337 -0.028489 0.005612
v 0.864549 -0.018573 0.005612
v 0.861773 -0.023860 0.004262
v -0.982687 1.824380 0.005612
v -0.990744 1.816304 0.005612
v -0.985076 1.818707 0.004262
v -0.949678 1.902750 0.005612
v -0.954460 1.891407 0.005612
v -0.952071 1.897080 0.004261
v -0.906460 1.989736 0.005612
v -0.915825 1.982970 0.005612
v -0.913427 1.988655 0.004261
v -0.831242 2.007191 0.005612
v -0.840209 2.000024 0.005612
v -0.833221 2.001109 0.004261
v 1.004914 0.159180 -0.005548
v 1.013498 0.166730 -0.005548
v 0.961042 0.091651 -0.005548
v 0.968852 0.099985 -0.005548
v 0.897355 0.043885 -0.005548
v 0.904885 0.052487 -0.005548
v 0.858337 -0.028489 -0.005548
v 0.864549 -0.018573 -0.005548
v -0.982687 1.824380 -0.005548
v -0.990744 1.816304 -0.005548
v -0.949678 1.902750 -0.005548
v -0.954460 1.891407 -0.005548
v -0.906460 1.989736 -0.005548
v -0.915825 1.982970 -0.005548
v -0.831242 2.007191 -0.005548
v -0.840209 2.000024 -0.005548
v 0.829860 0.458492 0.073051
v 0.554636 0.733077 0.112960
v 0.279412 1.007663 0.128239
v 0.004188 1.282249 0.128239
v -0.271036 1.556834 0.112960
v -0.546260 1.831420 0.073051
v -0.546260 1.831420 -0.020213
v -0.271036 1.556834 0.019696
v 0.004188 1.282249 0.048571
v 0.279412 1.007663 0.048571
v 0.554636 0.733077 0.019696
v 0.829860 0.458492 -0.020213
v 0.764247 0.418724 -0.009053
v 0.495650 0.686698 0.030855
v 0.227053 0.954672 0.059731
v -0.041544 1.222647 0.059731
v -0.310142 1.490621 0.030855
v -0.578739 1.758595 -0.009053
v -0.810532 1.527879 -0.020213
v -0.537138 1.255119 0.019696
v -0.263744 0.982359 0.048571
v 0.009650 0.709599 0.048571
v 0.283044 0.436839 0.019696
v 0.556438 0.164078 -0.020213
v -0.810532 1.527879 0.073051
v -0.537138 1.255119 0.112960
v -0.263744 0.982359 0.128239
v 0.009650 0.709599 0.128239
v 0.283044 0.436839 0.112960
v 0.556438 0.164078 0.073051
v 0.612073 0.230224 -0.009053
v 0.343113 0.498561 0.030855
v 0.074152 0.766898 0.059731
v -0.194809 1.035235 0.059731
v -0.463769 1.303572 0.030855
v -0.732730 1.571909 -0.009053
v -0.703294 1.639558 -0.009053
v -0.433667 1.370556 0.030855
v -0.164039 1.101554 0.059731
v 0.105588 0.832552 0.059731
v 0.375215 0.563550 0.030855
v 0.644843 0.294547 -0.009053
v -0.578739 1.758595 0.061892
v -0.310142 1.490621 0.101800
v -0.041544 1.222647 0.130676
v 0.227053 0.954672 0.130676
v 0.495650 0.686698 0.101800
v 0.764247 0.418724 0.061892
v 0.706105 0.349607 0.061892
v 0.432830 0.624987 0.101800
v 0.159555 0.900366 0.130676
v -0.113720 1.175745 0.130676
v -0.386995 1.451124 0.101800
v -0.660269 1.726503 0.061892
v 0.644843 0.294547 0.061892
v 0.375215 0.563550 0.101800
v 0.105588 0.832552 0.130676
v -0.164039 1.101554 0.130676
v -0.433667 1.370556 0.101800
v -0.703294 1.639558 0.061892
v 0.605473 0.220386 0.061892
v 0.336244 0.488990 0.101800
v 0.067015 0.757595 0.130676
v -0.202215 1.026200 0.130676
v -0.471444 1.294805 0.101800
v -0.740673 1.563410 0.061892
v -0.732730 1.571909 0.061892
v -0.463769 1.303572 0.101800
v -0.194809 1.035235 0.130676
v 0.074152 0.766898 0.130676
v 0.343113 0.498561 0.101800
v 0.612073 0.230224 0.061892
v -0.698020 1.650720 0.061892
v -0.427993 1.381318 0.101800
v -0.157965 1.111917 0.130676
v 0.112062 0.842516 0.130676
v 0.382090 0.573115 0.101800
v 0.652117 0.303713 0.061892
v -0.650950 1.733628 0.061892
v -0.377902 1.458477 0.101800
v -0.104854 1.183326 0.130676
v 0.168195 0.908175 0.130676
v 0.441243 0.633024 0.101800
v 0.714292 0.357873 0.061892
v -0.587822 1.751234 -0.009053
v -0.319170 1.483204 0.030855
v -0.050517 1.215174 0.059731
v 0.218136 0.947145 0.059731
v 0.486789 0.679115 0.030855
v 0.755442 0.411085 -0.009053
v 0.714292 0.357873 -0.009053
v 0.441243 0.633024 0.030855
v 0.168195 0.908175 0.059731
v -0.104854 1.183326 0.059731
v -0.377902 1.458477 0.030855
v -0.650950 1.733628 -0.009053
v -0.740673 1.563410 -0.009053
v -0.471444 1.294805 0.030855
v -0.202215 1.026200 0.059731
v 0.067015 0.757595 0.059731
v 0.336244 0.488990 0.030855
v 0.605473 0.220386 -0.009053
v 0.755442 0.411085 0.061892
v 0.486789 0.679115 0.101800
v 0.218136 0.947145 0.130676
v -0.050517 1.215175 0.130676
v -0.319170 1.483204 0.101800
v -0.587822 1.751234 0.061892
v -0.660269 1.726503 -0.009053
v -0.386994 1.451124 0.030855
v -0.113720 1.175745 0.059731
v 0.159555 0.900366 0.059731
v 0.432830 0.624987 0.030855
v 0.706105 0.349607 -0.009053
v 0.652117 0.303713 -0.009053
v 0.382090 0.573115 0.030855
v 0.112062 0.842516 0.059731
v -0.157965 1.111917 0.059731
v -0.427993 1.381319 0.030855
v -0.698020 1.650720 -0.009053
v -0.732730 1.571909 0.073051
v -0.463769 1.303572 0.112960
v -0.194809 1.035235 0.128239
v 0.074152 0.766898 0.128239
v 0.343113 0.498561 0.112960
v 0.612073 0.230224 0.073051
v 0.605473 0.220386 0.073051
v 0.336244 0.488990 0.112960
v 0.067015 0.757595 0.128239
v -0.202215 1.026200 0.128239
v -0.471444 1.294805 0.112960
v -0.740673 1.563410 0.073051
v -0.698020 1.650720 0.073051
v -0.427993 1.381318 0.112960
v -0.157965 1.111917 0.128239
v 0.112062 0.842516 0.128239
v 0.382090 0.573115 0.112960
v 0.652117 0.303713 0.073051
v 0.644843 0.294547 0.073051
v 0.375215 0.563550 0.112960
v 0.105588 0.832552 0.128239
v -0.164039 1.101554 0.128239
v -0.433667 1.370556 0.112960
v -0.703294 1.639558 0.073051
v -0.650950 1.733628 0.073051
v -0.377902 1.458477 0.112960
v -0.104854 1.183326 0.128239
v 0.168195 0.908175 0.128239
v 0.441243 0.633024 0.112960
v 0.714292 0.357873 0.073051
v 0.706105 0.349607 0.073051
v 0.432830 0.624987 0.112960
v 0.159555 0.900366 0.128239
v -0.113720 1.175745 0.128239
v -0.386995 1.451124 0.112960
v -0.660269 1.726503 0.073051
v -0.578739 1.758595 0.073051
v -0.310142 1.490621 0.112960
v -0.041544 1.222647 0.128239
v 0.227053 0.954672 0.128239
v 0.495650 0.686698 0.112960
v 0.764247 0.418724 0.073051
v 0.755442 0.411085 0.073051
v 0.486789 0.679115 0.112960
v 0.218136 0.947145 0.128239
v -0.050517 1.215175 0.128239
v -0.319170 1.483204 0.112960
v -0.587822 1.751234 0.073051
v -0.587822 1.751234 -0.020213
v -0.319170 1.483204 0.019696
v -0.050517 1.215174 0.048571
v 0.218136 0.947145 0.048571
v 0.486789 0.679115 0.019696
v 0.755442 0.411085 -0.020213
v 0.764247 0.418724 -0.020213
v 0.495650 0.686698 0.019696
v 0.227053 0.954672 0.048571
v -0.041544 1.222647 0.048571
v -0.310142 1.490621 0.019696
v -0.578739 1.758595 -0.020213
v -0.660269 1.726503 -0.020213
v -0.386994 1.451124 0.019696
v -0.113720 1.175745 0.048571
v 0.159555 0.900366 0.048571
v 0.432830 0.624987 0.019696
v 0.706105 0.349607 -0.020213
v 0.714292 0.357873 -0.020213
v 0.441243 0.633024 0.019696
v 0.168195 0.908175 0.048571
v -0.104854 1.183326 0.048571
v -0.377902 1.458477 0.019696
v -0.650950 1.733628 -0.020213
v -0.703294 1.639558 -0.020213
v -0.433667 1.370556 0.019696
v -0.164039 1.101554 0.048571
v 0.105588 0.832552 0.048571
v 0.375215 0.563550 0.019696
v 0.644843 0.294547 -0.020213
v 0.652117 0.303713 -0.020213
v 0.382090 0.573115 0.019696
v 0.112062 0.842516 0.048571
v -0.157965 1.111917 0.048571
v -0.427993 1.381319 0.019696
v -0.698020 1.650720 -0.020213
v -0.740673 1.563410 -0.020213
v -0.471444 1.294805 0.019696
v -0.202215 1.026200 0.048571
v 0.067015 0.757595 0.048571
v 0.336244 0.488990 0.019696
v 0.605473 0.220386 -0.020213
v 0.612073 0.230224 -0.020213
v 0.343113 0.498561 0.019696
v 0.074152 0.766898 0.048571
v -0.194809 1.035235 0.048571
v -0.463769 1.303572 0.019696
v -0.732730 1.571909 -0.020213
vn -0.0000 1.0000 -0.0000
vn 0.1951 0.9808 -0.0000
vn 0.3827 0.9239 -0.0000
vn 0.5556 0.8315 -0.0000
vn 0.7071 0.7071 -0.0000
vn 0.8315 0.5556 -0.0000
vn 0.9239 0.3827 -0.0000
vn 0.9808 0.1951 -0.0000
vn 1.0000 -0.0000 -0.0000
vn 0.9808 -0.1951 -0.0000
vn 0.9239 -0.3827 -0.0000
vn 0.8315 -0.5556 -0.0000
vn 0.7071 -0.7071 -0.0000
vn 0.5556 -0.8315 -0.0000
vn 0.3827 -0.9239 -0.0000
vn 0.1951 -0.9808 -0.0000
vn -0.0000 -1.0000 -0.0000
vn -0.1951 -0.9808 -0.0000
vn -0.3827 -0.9239 -0.0000
vn -0.5556 -0.8315 -0.0000
vn -0.7071 -0.7071 -0.0000
vn -0.8315 -0.5556 -0.0000
vn -0.9239 -0.3827 -0.0000
vn -0.9808 -0.1951 -0.0000
vn -1.0000 -0.0000 -0.0000
vn -0.9808 0.1951 -0.0000
vn -0.9239 0.3827 -0.0000
vn -0.8315 0.5556 -0.0000
vn -0.7071 0.7071 -0.0000
vn -0.5556 0.8315 -0.0000
vn -0.3827 0.9239 -0.0000
vn -0.0000 -0.0000 1.0000
vn -0.1951 0.9808 -0.0000
vn -0.0000 -0.0000 -1.0000
vn -0.6989 0.7152 -0.0000
vn -0.7023 0.7119 -0.0000
vn -0.7030 0.7112 -0.0000
vn 0.1236 0.1406 -0.9823
vn 0.0970 0.1118 -0.9890
vn 0.0946 0.1091 -0.9895
vn 0.7103 -0.7039 -0.0000
vn 0.7137 -0.7004 -0.0000
vn 0.7097 -0.7045 -0.0000
vn -0.1405 -0.1228 0.9824
vn -0.1166 -0.0927 0.9888
vn -0.1122 -0.0890 0.9897
vn -0.1619 -0.1015 0.9816
vn -0.1274 -0.0854 0.9882
vn -0.1190 -0.0799 0.9897
vn -0.5856 -0.8106 -0.0000
vn -0.7086 0.7056 -0.0000
vn -0.7105 0.7037 -0.0000
vn -0.7082 0.7060 -0.0000
vn -0.7020 0.7122 -0.0000
vn -0.7040 0.7102 -0.0000
vn -0.7044 0.7098 -0.0000
vn 0.7297 0.6838 -0.0000
vn 0.8474 0.5309 -0.0000
vn 0.7110 -0.7032 -0.0000
vn 0.7088 -0.7054 -0.0000
vn 0.7084 -0.7058 -0.0000
vn -0.9215 -0.3885 -0.0000
vn -0.9215 -0.3884 -0.0000
vn -0.6243 -0.7812 -0.0000
vn -0.7084 0.7058 -0.0000
vn -0.7090 0.7052 -0.0000
vn -0.7092 0.7051 -0.0000
vn 0.7117 -0.7025 -0.0000
vn 0.7108 -0.7034 -0.0000
vn 0.7107 -0.7035 -0.0000
vn 0.6604 0.7509 -0.0000
vn 0.1274 0.0854 -0.9882
vn 0.1619 0.1015 -0.9816
vn 0.1190 0.0799 -0.9897
vn 0.1166 0.0927 -0.9888
vn 0.1405 0.1228 -0.9824
vn 0.1122 0.0890 -0.9897
vn 0.1017 0.1007 -0.9897
vn 0.1334 0.1252 -0.9831
vn 0.1013 0.1003 -0.9898
vn -0.0970 -0.1118 0.9890
vn -0.1236 -0.1406 0.9823
vn -0.0946 -0.1091 0.9895
vn -0.1334 -0.1252 0.9831
vn -0.1017 -0.1007 0.9897
vn -0.1013 -0.1003 0.9898
vn -0.8825 -0.4696 -0.0238
vn -0.8062 -0.5911 -0.0246
vn -0.8389 -0.5266 -0.1375
vn -0.5848 -0.8076 0.0758
vn -0.8751 -0.4784 0.0736
vn -0.7102 -0.6252 0.3236
vn -0.8445 -0.5317 -0.0643
vn -0.5832 -0.8097 -0.0652
vn -0.6961 -0.6538 -0.2967
vn -0.4039 -0.4592 0.7912
vn 0.2239 0.2801 0.9335
vn 0.2275 0.3149 -0.9215
vn 0.9216 0.3882 -0.0001
vn 0.9213 0.3888 -0.0001
vn 0.9215 0.3885 -0.0007
vn 0.3566 0.3558 0.8639
vn -0.4039 -0.4592 -0.7912
vn -0.5832 -0.8097 0.0652
vn -0.8445 -0.5317 0.0643
vn -0.6961 -0.6538 0.2967
vn -0.8751 -0.4784 -0.0736
vn -0.5848 -0.8076 -0.0758
vn -0.7102 -0.6252 -0.3236
vn -0.8062 -0.5911 0.0246
vn -0.8825 -0.4696 0.0238
vn -0.8389 -0.5266 0.1375
vn 0.3566 0.3558 -0.8639
vn 0.9213 0.3888 0.0001
vn 0.9216 0.3881 0.0001
vn 0.9215 0.3885 0.0007
vn 0.2275 0.3149 0.9215
vn 0.2239 0.2801 -0.9335
vn -0.7081 0.7061 -0.0000
vn -0.7073 0.7070 -0.0000
vn -0.7079 -0.7063 -0.0000
vn 0.7049 -0.7093 -0.0000
vn 0.7056 -0.7087 -0.0000
vn 0.7057 -0.7085 -0.0000
vn 0.7087 -0.7055 -0.0000
vn 0.7106 -0.7036 -0.0000
vn 0.7083 -0.7060 -0.0000
vn -0.7111 0.7031 -0.0000
vn -0.7089 0.7053 -0.0000
vn -0.7085 0.7058 -0.0000
vn -0.7037 0.7105 -0.0000
vn -0.7015 0.7127 -0.0000
vn -0.7041 0.7101 -0.0000
vn -0.1529 -0.0664 -0.9860
vn -0.1848 -0.0781 -0.9797
vn -0.1336 -0.0582 -0.9893
vn -0.0781 -0.1804 -0.9805
vn -0.0719 -0.1434 -0.9870
vn -0.0654 -0.1274 -0.9897
vn -0.1447 -0.0710 -0.9869
vn -0.1810 -0.0780 -0.9804
vn -0.1279 -0.0642 -0.9897
vn -0.0363 -0.2209 -0.9746
vn -0.0476 -0.1757 -0.9833
vn -0.0410 -0.1441 -0.9887
vn -0.8540 -0.5203 -0.0000
vn -0.6651 -0.7468 -0.0000
vn -0.1511 -0.0658 -0.9863
vn -0.1918 -0.0648 -0.9793
vn -0.1312 -0.0594 -0.9896
vn -0.4171 -0.9088 -0.0000
vn 0.9509 0.3095 -0.0000
vn 0.1534 0.9882 -0.0000
vn 0.9216 0.3881 -0.0000
vn 0.7079 0.7063 -0.0000
vn 0.3903 0.9207 -0.0000
vn 0.0476 0.1757 0.9833
vn 0.0363 0.2209 0.9746
vn 0.0410 0.1441 0.9887
vn 0.1918 0.0648 0.9793
vn 0.1511 0.0658 0.9863
vn 0.1312 0.0594 0.9896
vn 0.1810 0.0780 0.9804
vn 0.1447 0.0710 0.9869
vn 0.1279 0.0642 0.9897
vn 0.1848 0.0781 0.9797
vn 0.1529 0.0664 0.9860
vn 0.1336 0.0582 0.9893
vn 0.0719 0.1434 0.9870
vn 0.0781 0.1804 0.9805
vn 0.0654 0.1274 0.9897
vn 0.7037 -0.7105 -0.0000
vn 0.7016 -0.7126 -0.0000
vn 0.7042 -0.7100 -0.0000
vn 0.7524 0.6587 -0.0000
vn -0.7106 0.7036 -0.0000
vn -0.7113 0.7029 -0.0000
vn 0.7079 -0.7063 -0.0000
vn 0.7090 -0.7052 -0.0000
vn -0.7053 0.7089 -0.0000
vn -0.7045 0.7097 -0.0000
vn -0.7055 0.7087 -0.0000
vn 0.7070 -0.7072 -0.0000
vn 0.7076 -0.7066 -0.0000
vn 0.7069 -0.7073 -0.0000
vn 0.7019 -0.7123 -0.0000
vn 0.7039 -0.7103 -0.0000
vn 0.7043 -0.7099 -0.0000
vn 0.7063 -0.7079 -0.0000
vn -0.7063 0.7079 -0.0000
vn 0.7098 -0.7044 -0.0000
vn -0.7098 0.7044 -0.0000
vn -0.1112 -0.0956 0.9892
vn -0.1480 -0.1120 0.9826
vn -0.1490 -0.1106 0.9826
vn -0.0506 -0.0512 0.9974
vn -0.1079 -0.0946 0.9896
vn -0.0136 -0.0160 0.9998
vn -0.0508 -0.0518 0.9974
vn -0.0120 -0.0144 0.9998
vn 0.0106 0.0148 0.9998
vn 0.0129 0.0185 0.9997
vn 0.0358 0.0590 0.9976
vn 0.0406 0.0682 0.9968
vn -0.1434 -0.0732 0.9870
vn -0.1728 -0.0905 0.9808
vn -0.1726 -0.0907 0.9808
vn -0.0745 -0.0369 0.9965
vn -0.1286 -0.0654 0.9895
vn -0.0233 -0.0112 0.9997
vn -0.0621 -0.0306 0.9976
vn 0.0151 0.0070 0.9999
vn -0.0150 -0.0072 0.9999
vn 0.0633 0.0285 0.9976
vn 0.0237 0.0110 0.9997
vn 0.0777 0.0348 0.9964
vn -0.1077 -0.1510 0.9827
vn -0.0942 -0.1124 0.9892
vn -0.1061 -0.1521 0.9827
vn -0.0928 -0.1083 0.9898
vn -0.0510 -0.0503 0.9974
vn -0.0161 -0.0135 0.9998
vn -0.0517 -0.0505 0.9974
vn 0.0148 0.0103 0.9998
vn -0.0143 -0.0117 0.9998
vn 0.0592 0.0350 0.9976
vn 0.0188 0.0128 0.9997
vn 0.0689 0.0399 0.9968
vn -0.0829 -0.1746 0.9811
vn -0.0792 -0.1335 0.9879
vn -0.0808 -0.1759 0.9811
vn -0.0744 -0.1212 0.9898
vn -0.0457 -0.0594 0.9972
vn -0.0435 -0.0548 0.9975
vn -0.0140 -0.0143 0.9998
vn 0.0148 0.0113 0.9998
vn -0.0144 -0.0142 0.9998
vn 0.0592 0.0353 0.9976
vn 0.0176 0.0131 0.9998
vn 0.0690 0.0398 0.9968
vn -0.1190 -0.0904 0.9888
vn -0.1597 -0.0998 0.9821
vn -0.1609 -0.0980 0.9821
vn -0.0519 -0.0506 0.9974
vn -0.1124 -0.0878 0.9898
vn -0.0134 -0.0167 0.9998
vn -0.0515 -0.0509 0.9974
vn -0.0113 -0.0145 0.9998
vn 0.0088 0.0150 0.9998
vn 0.0120 0.0210 0.9997
vn 0.0270 0.0635 0.9976
vn 0.0329 0.0800 0.9963
vn 0.0792 0.1335 -0.9879
vn 0.0829 0.1746 -0.9811
vn 0.0808 0.1759 -0.9811
vn 0.0557 0.0721 -0.9958
vn 0.0744 0.1212 -0.9898
vn 0.0264 0.0269 -0.9993
vn 0.0554 0.0695 -0.9960
vn -0.0279 -0.0214 -0.9994
vn 0.0271 0.0268 -0.9993
vn -0.0332 -0.0247 -0.9991
vn -0.0769 -0.0461 -0.9960
vn -0.0820 -0.0475 -0.9955
vn 0.1597 0.0998 -0.9821
vn 0.1190 0.0904 -0.9888
vn 0.1609 0.0980 -0.9821
vn 0.1124 0.0878 -0.9898
vn 0.0642 0.0632 -0.9959
vn 0.0253 0.0315 -0.9992
vn 0.0642 0.0634 -0.9959
vn -0.0166 -0.0283 -0.9995
vn 0.0213 0.0273 -0.9994
vn -0.0363 -0.0849 -0.9957
vn -0.0226 -0.0396 -0.9990
vn -0.0384 -0.0930 -0.9949
vn 0.0942 0.1124 -0.9892
vn 0.1077 0.1510 -0.9827
vn 0.1061 0.1521 -0.9827
vn 0.0639 0.0627 -0.9960
vn 0.0928 0.1083 -0.9898
vn 0.0304 0.0255 -0.9992
vn 0.0642 0.0628 -0.9960
vn 0.0270 0.0222 -0.9994
vn -0.0280 -0.0194 -0.9994
vn -0.0354 -0.0241 -0.9991
vn -0.0771 -0.0457 -0.9960
vn -0.0819 -0.0475 -0.9955
vn 0.1480 0.1120 -0.9826
vn 0.1112 0.0956 -0.9892
vn 0.1490 0.1106 -0.9826
vn 0.1079 0.0946 -0.9896
vn 0.0629 0.0640 -0.9960
vn 0.0257 0.0302 -0.9992
vn 0.0631 0.0644 -0.9959
vn -0.0199 -0.0280 -0.9994
vn 0.0227 0.0271 -0.9994
vn -0.0467 -0.0767 -0.9960
vn -0.0244 -0.0348 -0.9991
vn -0.0485 -0.0812 -0.9955
vn 0.1728 0.0905 -0.9808
vn 0.1434 0.0732 -0.9870
vn 0.1726 0.0907 -0.9808
vn 0.1286 0.0654 -0.9895
vn 0.0879 0.0435 -0.9952
vn 0.0824 0.0406 -0.9958
vn 0.0439 0.0211 -0.9988
vn 0.0284 0.0136 -0.9995
vn -0.0285 -0.0132 -0.9995
vn -0.0448 -0.0207 -0.9988
vn -0.0845 -0.0380 -0.9957
vn -0.0910 -0.0408 -0.9950
vn 0.1086 0.1502 0.9827
vn 0.0895 0.1172 0.9891
vn 0.1085 0.1502 0.9827
vn 0.0855 0.1118 0.9900
vn 0.0564 0.0698 0.9960
vn 0.0553 0.0683 0.9961
vn 0.0253 0.0297 0.9992
vn 0.0231 0.0270 0.9994
vn -0.0242 -0.0268 0.9993
vn -0.0257 -0.0284 0.9993
vn -0.0609 -0.0638 0.9961
vn -0.0612 -0.0640 0.9961
vn 0.1175 0.1470 0.9821
vn 0.0942 0.1162 0.9887
vn 0.0906 0.1118 0.9896
vn 0.0581 0.0708 0.9958
vn 0.0570 0.0694 0.9960
vn 0.0258 0.0310 0.9992
vn 0.0230 0.0276 0.9994
vn -0.0232 -0.0275 0.9994
vn -0.0259 -0.0307 0.9992
vn -0.0584 -0.0682 0.9960
vn -0.0593 -0.0693 0.9958
vn -0.0895 -0.1172 -0.9891
vn -0.1086 -0.1502 -0.9827
vn -0.1085 -0.1502 -0.9827
vn -0.0564 -0.0698 -0.9960
vn -0.0855 -0.1118 -0.9900
vn -0.0253 -0.0297 -0.9992
vn -0.0553 -0.0683 -0.9961
vn 0.0242 0.0268 -0.9993
vn -0.0231 -0.0270 -0.9994
vn 0.0609 0.0638 -0.9961
vn 0.0257 0.0284 -0.9993
vn 0.0612 0.0640 -0.9961
vn -0.1845 -0.0779 -0.9797
vn -0.1479 -0.0698 -0.9865
vn -0.1846 -0.0778 -0.9797
vn -0.1308 -0.0618 -0.9895
vn -0.0857 -0.0451 -0.9953
vn -0.0806 -0.0425 -0.9958
vn -0.0392 -0.0229 -0.9990
vn -0.0283 -0.0166 -0.9995
vn 0.0281 0.0182 -0.9994
vn 0.0366 0.0238 -0.9990
vn 0.0727 0.0522 -0.9960
vn 0.0751 0.0540 -0.9957
vn -0.1321 -0.1316 -0.9825
vn -0.1070 -0.1001 -0.9892
vn -0.1320 -0.1317 -0.9825
vn -0.1057 -0.0988 -0.9895
vn -0.0683 -0.0599 -0.9959
vn -0.0675 -0.0591 -0.9960
vn -0.0312 -0.0256 -0.9992
vn -0.0276 -0.0226 -0.9994
vn 0.0278 0.0214 -0.9994
vn 0.0329 0.0252 -0.9991
vn 0.0729 0.0524 -0.9960
vn 0.0754 0.0541 -0.9957
vn 0.1070 0.1001 0.9892
vn 0.1321 0.1316 0.9825
vn 0.1320 0.1317 0.9825
vn 0.0683 0.0599 0.9959
vn 0.1057 0.0988 0.9895
vn 0.0312 0.0256 0.9992
vn 0.0675 0.0591 0.9960
vn -0.0278 -0.0214 0.9994
vn 0.0276 0.0226 0.9994
vn -0.0729 -0.0524 0.9960
vn -0.0329 -0.0252 0.9991
vn -0.0754 -0.0541 0.9957
vn 0.1479 0.0698 0.9865
vn 0.1845 0.0779 0.9797
vn 0.1846 0.0778 0.9797
vn 0.0857 0.0451 0.9953
vn 0.1308 0.0618 0.9895
vn 0.0392 0.0229 0.9990
vn 0.0806 0.0425 0.9958
vn -0.0281 -0.0182 0.9994
vn 0.0283 0.0166 0.9995
vn -0.0727 -0.0522 0.9960
vn -0.0366 -0.0238 0.9990
vn -0.0751 -0.0540 0.9957
vn 0.7022 -0.7120 -0.0000
vn 0.6988 -0.7154 -0.0000
vn 0.7029 -0.7113 -0.0000
vn -0.0942 -0.1162 -0.9887
vn -0.1175 -0.1470 -0.9821
vn -0.0581 -0.0708 -0.9958
vn -0.0906 -0.1118 -0.9896
vn -0.0258 -0.0310 -0.9992
vn -0.0570 -0.0694 -0.9960
vn 0.0232 0.0275 -0.9994
vn -0.0230 -0.0276 -0.9994
vn 0.0584 0.0682 -0.9960
vn 0.0259 0.0307 -0.9992
vn 0.0593 0.0693 -0.9958
vn -0.7136 0.7006 -0.0000
vn -0.7103 0.7039 -0.0000
vn -0.7096 0.7046 -0.0000
vn 0.7023 0.7119 -0.0000
vn 0.6989 0.7152 -0.0000
vn 0.7030 0.7112 -0.0000
vn -0.0970 0.1118 -0.9890
vn -0.1236 0.1406 -0.9823
vn -0.0946 0.1091 -0.9895
vn -0.7103 -0.7039 -0.0000
vn -0.7137 -0.7004 -0.0000
vn 0.1166 -0.0927 0.9888
vn 0.1405 -0.1228 0.9824
vn 0.1122 -0.0890 0.9897
vn 0.1274 -0.0854 0.9882
vn 0.1619 -0.1015 0.9816
vn 0.1190 -0.0799 0.9897
vn 0.5856 -0.8106 -0.0000
vn 0.7086 0.7056 -0.0000
vn 0.7105 0.7037 -0.0000
vn 0.7040 0.7102 -0.0000
vn 0.7020 0.7122 -0.0000
vn 0.7044 0.7098 -0.0000
vn -0.7297 0.6838 -0.0000
vn -0.8474 0.5309 -0.0000
vn -0.7088 -0.7054 -0.0000
vn -0.7110 -0.7032 -0.0000
vn -0.7084 -0.7058 -0.0000
vn 0.9215 -0.3885 -0.0000
vn 0.9215 -0.3884 -0.0000
vn 0.6243 -0.7812 -0.0000
vn 0.7090 0.7052 -0.0000
vn 0.7084 0.7058 -0.0000
vn 0.7092 0.7050 -0.0000
vn -0.7108 -0.7034 -0.0000
vn -0.7117 -0.7025 -0.0000
vn -0.7107 -0.7035 -0.0000
vn -0.6604 0.7509 -0.0000
vn -0.1274 0.0854 -0.9882
vn -0.1619 0.1015 -0.9816
vn -0.1166 0.0927 -0.9888
vn -0.1405 0.1228 -0.9824
vn -0.1404 0.1229 -0.9824
vn -0.1017 0.1007 -0.9897
vn -0.1334 0.1252 -0.9831
vn -0.1335 0.1251 -0.9831
vn 0.0970 -0.1118 0.9890
vn 0.1236 -0.1406 0.9823
vn 0.1017 -0.1007 0.9897
vn 0.1334 -0.1252 0.9831
vn 0.1013 -0.1003 0.9898
vn 0.8825 -0.4696 -0.0238
vn 0.8389 -0.5266 -0.1375
vn 0.8062 -0.5911 -0.0246
vn 0.5848 -0.8076 0.0758
vn 0.7102 -0.6252 0.3236
vn 0.8751 -0.4784 0.0736
vn 0.8445 -0.5317 -0.0643
vn 0.6961 -0.6538 -0.2967
vn 0.5832 -0.8097 -0.0652
vn 0.4039 -0.4592 0.7912
vn -0.2239 0.2801 0.9335
vn -0.2275 0.3149 -0.9215
vn -0.9216 0.3882 -0.0001
vn -0.9215 0.3885 -0.0007
vn -0.9213 0.3888 -0.0001
vn -0.3566 0.3558 0.8639
vn 0.4039 -0.4592 -0.7912
vn 0.5832 -0.8097 0.0652
vn 0.6961 -0.6538 0.2967
vn 0.8445 -0.5317 0.0643
vn 0.8751 -0.4784 -0.0736
vn 0.7102 -0.6252 -0.3236
vn 0.5848 -0.8076 -0.0758
vn 0.8062 -0.5911 0.0246
vn 0.8389 -0.5266 0.1375
vn 0.8825 -0.4696 0.0238
vn -0.3566 0.3558 -0.8639
vn -0.9213 0.3888 0.0001
vn -0.9215 0.3885 0.0007
vn -0.9216 0.3881 0.0001
vn -0.2275 0.3149 0.9215
vn -0.2239 0.2801 -0.9335
vn 0.7073 0.7070 -0.0000
vn 0.7081 0.7061 -0.0000
vn -0.7056 -0.7087 -0.0000
vn -0.7049 -0.7093 -0.0000
vn -0.7057 -0.7085 -0.0000
vn -0.7087 -0.7055 -0.0000
vn -0.7106 -0.7036 -0.0000
vn 0.7089 0.7053 -0.0000
vn 0.7111 0.7031 -0.0000
vn 0.7085 0.7058 -0.0000
vn 0.7037 0.7105 -0.0000
vn 0.7015 0.7127 -0.0000
vn 0.8030 -0.5959 -0.0000
vn 0.1529 -0.0664 -0.9860
vn 0.1848 -0.0781 -0.9797
vn 0.1849 -0.0779 -0.9797
vn 0.0719 -0.1434 -0.9870
vn 0.0781 -0.1804 -0.9805
vn 0.0654 -0.1274 -0.9897
vn 0.1447 -0.0710 -0.9869
vn 0.1810 -0.0780 -0.9804
vn 0.1817 -0.0767 -0.9804
vn 0.0476 -0.1757 -0.9833
vn 0.0363 -0.2209 -0.9746
vn 0.0410 -0.1441 -0.9887
vn 0.8540 -0.5203 -0.0000
vn 0.1511 -0.0658 -0.9863
vn 0.1918 -0.0648 -0.9793
vn 0.1930 -0.0628 -0.9792
vn 0.6651 -0.7468 -0.0000
vn 0.6651 -0.7467 -0.0000
vn 0.4171 -0.9088 -0.0000
vn -0.9509 0.3095 -0.0000
vn -0.1535 0.9882 -0.0000
vn -0.1534 0.9882 -0.0000
vn -0.9213 0.3888 -0.0000
vn -0.9216 0.3881 -0.0000
vn -0.7079 0.7063 -0.0000
vn -0.3903 0.9207 -0.0000
vn -0.0476 0.1757 0.9833
vn -0.0363 0.2209 0.9746
vn -0.0345 0.2222 0.9744
vn -0.1511 0.0658 0.9863
vn -0.1918 0.0648 0.9793
vn -0.1312 0.0594 0.9896
vn -0.1447 0.0710 0.9869
vn -0.1810 0.0780 0.9804
vn -0.1279 0.0642 0.9897
vn -0.1529 0.0664 0.9860
vn -0.1848 0.0781 0.9797
vn -0.1336 0.0582 0.9893
vn -0.0719 0.1434 0.9870
vn -0.0781 0.1804 0.9805
vn -0.0768 0.1812 0.9804
vn -0.7037 -0.7105 -0.0000
vn -0.7016 -0.7126 -0.0000
vn -0.7524 0.6587 -0.0000
vn 0.7106 0.7036 -0.0000
vn 0.7113 0.7029 -0.0000
vn 0.7053 0.7089 -0.0000
vn 0.7045 0.7097 -0.0000
vn -0.7070 -0.7072 -0.0000
vn -0.7076 -0.7066 -0.0000
vn -0.7039 -0.7103 -0.0000
vn -0.7019 -0.7123 -0.0000
vn -0.7043 -0.7099 -0.0000
vn -0.7083 -0.7060 -0.0000
vn -0.7063 -0.7079 -0.0000
vn 0.7063 0.7079 -0.0000
vn -0.7069 -0.7073 -0.0000
vn 0.7055 0.7087 -0.0000
vn -0.7098 -0.7044 -0.0000
vn -0.7090 -0.7052 -0.0000
vn 0.7092 0.7051 -0.0000
vn 0.7098 0.7044 -0.0000
vn -0.7042 -0.7100 -0.0000
vn 0.1480 -0.1120 0.9826
vn 0.1112 -0.0956 0.9892
vn 0.1490 -0.1106 0.9826
vn 0.1079 -0.0946 0.9896
vn 0.0506 -0.0512 0.9974
vn 0.0136 -0.0160 0.9998
vn 0.0120 -0.0144 0.9998
vn -0.0106 0.0148 0.9998
vn -0.0129 0.0185 0.9997
vn -0.0358 0.0590 0.9976
vn -0.0406 0.0682 0.9968
vn -0.0654 0.1274 0.9897
vn 0.1728 -0.0905 0.9808
vn 0.1434 -0.0732 0.9870
vn 0.1726 -0.0907 0.9808
vn 0.1286 -0.0654 0.9895
vn 0.0745 -0.0369 0.9965
vn 0.0621 -0.0306 0.9976
vn 0.0233 -0.0112 0.9997
vn 0.0150 -0.0072 0.9999
vn -0.0151 0.0070 0.9999
vn -0.0237 0.0110 0.9997
vn -0.0633 0.0285 0.9976
vn -0.0777 0.0348 0.9964
vn 0.1077 -0.1510 0.9827
vn 0.0942 -0.1124 0.9892
vn 0.0928 -0.1083 0.9898
vn 0.0510 -0.0503 0.9974
vn 0.0517 -0.0505 0.9974
vn 0.0161 -0.0135 0.9998
vn 0.0143 -0.0117 0.9998
vn -0.0148 0.0103 0.9998
vn -0.0188 0.0128 0.9997
vn -0.0592 0.0350 0.9976
vn -0.0689 0.0399 0.9968
vn 0.0829 -0.1746 0.9811
vn 0.0792 -0.1335 0.9879
vn 0.0744 -0.1212 0.9898
vn 0.0457 -0.0594 0.9972
vn 0.0435 -0.0548 0.9975
vn 0.0140 -0.0143 0.9998
vn 0.0144 -0.0142 0.9998
vn -0.0148 0.0113 0.9998
vn -0.0176 0.0131 0.9998
vn -0.0592 0.0353 0.9976
vn -0.0690 0.0398 0.9968
vn 0.1597 -0.0998 0.9821
vn 0.1190 -0.0904 0.9888
vn 0.1609 -0.0980 0.9821
vn 0.1124 -0.0878 0.9898
vn 0.0519 -0.0506 0.9974
vn 0.0134 -0.0167 0.9998
vn 0.0113 -0.0145 0.9998
vn -0.0088 0.0150 0.9998
vn -0.0120 0.0210 0.9997
vn -0.0270 0.0635 0.9976
vn -0.0329 0.0800 0.9963
vn -0.0410 0.1441 0.9887
vn -0.0829 0.1746 -0.9811
vn -0.0792 0.1335 -0.9879
vn -0.0808 0.1759 -0.9811
vn -0.0744 0.1212 -0.9898
vn -0.0557 0.0721 -0.9958
vn -0.0554 0.0695 -0.9960
vn -0.0264 0.0269 -0.9993
vn 0.0279 -0.0214 -0.9994
vn 0.0332 -0.0247 -0.9991
vn 0.0769 -0.0461 -0.9960
vn 0.0820 -0.0475 -0.9955
vn 0.1312 -0.0594 -0.9896
vn -0.1597 0.0998 -0.9821
vn -0.1190 0.0904 -0.9888
vn -0.1124 0.0878 -0.9898
vn -0.0642 0.0632 -0.9959
vn -0.0642 0.0634 -0.9959
vn -0.0253 0.0315 -0.9992
vn -0.0213 0.0273 -0.9994
vn 0.0166 -0.0283 -0.9995
vn 0.0226 -0.0396 -0.9990
vn 0.0363 -0.0849 -0.9957
vn 0.0384 -0.0930 -0.9949
vn -0.1077 0.1510 -0.9827
vn -0.0942 0.1124 -0.9892
vn -0.1061 0.1521 -0.9827
vn -0.0928 0.1083 -0.9898
vn -0.0639 0.0627 -0.9960
vn -0.0304 0.0255 -0.9992
vn -0.0270 0.0222 -0.9994
vn 0.0280 -0.0194 -0.9994
vn 0.0354 -0.0241 -0.9991
vn 0.0771 -0.0457 -0.9960
vn 0.0819 -0.0475 -0.9955
vn 0.1279 -0.0642 -0.9897
vn -0.1480 0.1120 -0.9826
vn -0.1112 0.0956 -0.9892
vn -0.1079 0.0946 -0.9896
vn -0.0629 0.0640 -0.9960
vn -0.0631 0.0644 -0.9959
vn -0.0257 0.0302 -0.9992
vn -0.0227 0.0271 -0.9994
vn 0.0199 -0.0280 -0.9994
vn 0.0244 -0.0348 -0.9991
vn 0.0467 -0.0767 -0.9960
vn 0.0485 -0.0812 -0.9955
vn -0.1728 0.0905 -0.9808
vn -0.1434 0.0732 -0.9870
vn -0.1286 0.0654 -0.9895
vn -0.0879 0.0435 -0.9952
vn -0.0824 0.0406 -0.9958
vn -0.0439 0.0211 -0.9988
vn -0.0284 0.0136 -0.9995
vn 0.0285 -0.0132 -0.9995
vn 0.0448 -0.0207 -0.9988
vn 0.0845 -0.0380 -0.9957
vn 0.0910 -0.0408 -0.9950
vn 0.1336 -0.0582 -0.9893
vn 0.7041 0.7101 -0.0000
vn -0.1086 0.1502 0.9827
vn -0.0895 0.1172 0.9891
vn -0.0855 0.1118 0.9900
vn -0.0564 0.0698 0.9960
vn -0.0553 0.0683 0.9961
vn -0.0253 0.0297 0.9992
vn -0.0231 0.0270 0.9994
vn 0.0242 -0.0268 0.9993
vn 0.0257 -0.0284 0.9993
vn 0.0609 -0.0638 0.9961
vn 0.0612 -0.0640 0.9961
vn -0.1175 0.1470 0.9821
vn -0.0942 0.1162 0.9887
vn -0.0906 0.1118 0.9896
vn -0.0581 0.0708 0.9958
vn -0.0570 0.0694 0.9960
vn -0.0258 0.0310 0.9992
vn -0.0230 0.0276 0.9994
vn 0.0232 -0.0275 0.9994
vn 0.0259 -0.0307 0.9992
vn 0.0584 -0.0682 0.9960
vn 0.0593 -0.0693 0.9958
vn 0.0946 -0.1091 0.9895
vn 0.1086 -0.1502 -0.9827
vn 0.0895 -0.1172 -0.9891
vn 0.1085 -0.1502 -0.9827
vn 0.0855 -0.1118 -0.9900
vn 0.0564 -0.0698 -0.9960
vn 0.0553 -0.0683 -0.9961
vn 0.0253 -0.0297 -0.9992
vn 0.0231 -0.0270 -0.9994
vn -0.0242 0.0268 -0.9993
vn -0.0257 0.0284 -0.9993
vn -0.0609 0.0638 -0.9961
vn -0.0612 0.0640 -0.9961
vn 0.1845 -0.0779 -0.9797
vn 0.1479 -0.0698 -0.9865
vn 0.1308 -0.0618 -0.9895
vn 0.0857 -0.0451 -0.9953
vn 0.0806 -0.0425 -0.9958
vn 0.0392 -0.0229 -0.9990
vn 0.0283 -0.0166 -0.9995
vn -0.0281 0.0182 -0.9994
vn -0.0366 0.0238 -0.9990
vn -0.0727 0.0522 -0.9960
vn -0.0751 0.0540 -0.9957
vn -0.1122 0.0890 -0.9897
vn 0.1321 -0.1316 -0.9825
vn 0.1070 -0.1001 -0.9892
vn 0.1057 -0.0988 -0.9895
vn 0.0683 -0.0599 -0.9959
vn 0.0675 -0.0591 -0.9960
vn 0.0312 -0.0256 -0.9992
vn 0.0276 -0.0226 -0.9994
vn -0.0278 0.0214 -0.9994
vn -0.0329 0.0252 -0.9991
vn -0.0729 0.0524 -0.9960
vn -0.0754 0.0541 -0.9957
vn -0.1190 0.0799 -0.9897
vn 0.7082 0.7060 -0.0000
vn -0.1321 0.1316 0.9825
vn -0.1070 0.1001 0.9892
vn -0.1320 0.1317 0.9825
vn -0.1057 0.0988 0.9895
vn -0.0683 0.0599 0.9959
vn -0.0675 0.0591 0.9960
vn -0.0312 0.0256 0.9992
vn -0.0276 0.0226 0.9994
vn 0.0278 -0.0214 0.9994
vn 0.0329 -0.0252 0.9991
vn 0.0729 -0.0524 0.9960
vn 0.0754 -0.0541 0.9957
vn -0.1845 0.0779 0.9797
vn -0.1479 0.0698 0.9865
vn -0.1846 0.0778 0.9797
vn -0.1308 0.0618 0.9895
vn -0.0857 0.0451 0.9953
vn -0.0806 0.0425 0.9958
vn -0.0392 0.0229 0.9990
vn -0.0283 0.0166 0.9995
vn 0.0281 -0.0182 0.9994
vn 0.0366 -0.0238 0.9990
vn 0.0727 -0.0522 0.9960
vn 0.0751 -0.0540 0.9957
vn -0.6988 -0.7154 -0.0000
vn -0.7022 -0.7120 -0.0000
vn -0.7029 -0.7113 -0.0000
vn -0.7097 -0.7045 -0.0000
vn 0.1175 -0.1470 -0.9821
vn 0.0942 -0.1162 -0.9887
vn 0.0906 -0.1118 -0.9896
vn 0.0581 -0.0708 -0.9958
vn 0.0570 -0.0694 -0.9960
vn 0.0258 -0.0310 -0.9992
vn 0.0230 -0.0276 -0.9994
vn -0.0232 0.0275 -0.9994
vn -0.0259 0.0307 -0.9992
vn -0.0584 0.0682 -0.9960
vn -0.0593 0.0693 -0.9958
vn 0.7136 0.7006 -0.0000
vn 0.7103 0.7039 -0.0000
vn 0.7096 0.7046 -0.0000
vn -0.1404 -0.1229 0.9824
vn 0.1404 0.1229 -0.9824
vn 0.1335 0.1251 -0.9831
vn -0.1335 -0.1251 0.9831
vn -0.8030 -0.5959 -0.0000
vn -0.1849 -0.0779 -0.9797
vn -0.0768 -0.1812 -0.9804
vn -0.1817 -0.0767 -0.9804
vn -0.0345 -0.2222 -0.9744
vn -0.6651 -0.7467 -0.0000
vn -0.1930 -0.0628 -0.9792
vn 0.1535 0.9882 -0.0000
vn 0.9213 0.3888 -0.0000
vn 0.0345 0.2222 0.9744
vn 0.1930 0.0628 0.9792
vn 0.1817 0.0767 0.9804
vn 0.1849 0.0779 0.9797
vn 0.0768 0.1812 0.9804
vn 0.1404 -0.1229 0.9824
vn -0.1013 0.1003 -0.9898
vn 0.1335 -0.1251 0.9831
vn 0.0768 -0.1812 -0.9804
vn 0.0345 -0.2222 -0.9744
vn -0.1930 0.0628 0.9792
vn -0.1817 0.0767 0.9804
vn -0.1849 0.0779 0.9797
vn 0.0508 -0.0518 0.9974
vn 0.1061 -0.1521 0.9827
vn 0.0808 -0.1759 0.9811
vn 0.0515 -0.0509 0.9974
vn -0.0271 0.0268 -0.9993
vn -0.1609 0.0980 -0.9821
vn -0.0642 0.0628 -0.9960
vn -0.1490 0.1106 -0.9826
vn -0.1726 0.0907 -0.9808
vn -0.1085 0.1502 0.9827
vn 0.1846 -0.0778 -0.9797
vn 0.1320 -0.1317 -0.9825
vt 1.000000 1.000000
vt 0.968750 0.500000
vt 1.000000 0.500000
vt 0.968750 1.000000
vt 0.937500 0.500000
vt 0.937500 1.000000
vt 0.906250 0.500000
vt 0.906250 1.000000
vt 0.875000 0.500000
vt 0.875000 1.000000
vt 0.843750 0.500000
vt 0.843750 1.000000
vt 0.812500 0.500000
vt 0.812500 1.000000
vt 0.781250 0.500000
vt 0.781250 1.000000
vt 0.750000 0.500000
vt 0.750000 1.000000
vt 0.718750 0.500000
vt 0.718750 1.000000
vt 0.687500 0.500000
vt 0.687500 1.000000
vt 0.656250 0.500000
vt 0.656250 1.000000
vt 0.625000 0.500000
vt 0.625000 1.000000
vt 0.593750 0.500000
vt 0.593750 1.000000
vt 0.562500 0.500000
vt 0.562500 1.000000
vt 0.531250 0.500000
vt 0.531250 1.000000
vt 0.500000 0.500000
vt 0.500000 1.000000
vt 0.468750 0.500000
vt 0.468750 1.000000
vt 0.437500 0.500000
vt 0.406250 1.000000
vt 0.406250 0.500000
vt 0.375000 0.500000
vt 0.375000 1.000000
vt 0.343750 0.500000
vt 0.343750 1.000000
vt 0.312500 0.500000
vt 0.312500 1.000000
vt 0.281250 0.500000
vt 0.281250 1.000000
vt 0.250000 0.500000
vt 0.218750 1.000000
vt 0.218750 0.500000
vt 0.187500 0.500000
vt 0.187500 1.000000
vt 0.156250 0.500000
vt 0.156250 1.000000
vt 0.125000 0.500000
vt 0.093750 1.000000
vt 0.093750 0.500000
vt 0.062500 1.000000
vt 0.062500 0.500000
vt 0.158156 0.028269
vt 0.471731 0.158156
vt 0.341844 0.471731
vt 0.031250 0.500000
vt 0.031250 1.000000
vt 0.000000 0.500000
vt 0.703178 0.485388
vt 0.985388 0.296822
vt 0.796822 0.014612
vt 0.437500 1.000000
vt 0.250000 1.000000
vt 0.125000 1.000000
vt 0.471731 0.341844
vt 0.514612 0.203178
vt 0.028269 0.341844
vt 0.433983 0.955865
vt 0.431644 0.830927
vt 0.455452 0.046103
vt 0.451736 0.167893
vt 0.455741 0.168148
vt 0.569786 0.820371
vt 0.569514 0.944636
vt 0.505759 0.044118
vt 0.511017 0.166304
vt 0.507019 0.166793
vt 0.532820 0.036444
vt 0.538591 0.157635
vt 0.534595 0.158452
vt 0.481695 0.956784
vt 0.485626 0.957388
vt 0.462967 0.943296
vt 0.461211 0.821311
vt 0.478598 0.040305
vt 0.482527 0.040149
vt 0.536739 0.035514
vt 0.451523 0.045880
vt 0.513311 0.945902
vt 0.517225 0.944276
vt 0.459036 0.942887
vt 0.484949 0.832755
vt 0.478688 0.165046
vt 0.538591 0.157635
vt 0.534595 0.158452
vt 0.511018 0.166303
vt 0.482693 0.164998
vt 0.455741 0.168148
vt 0.482692 0.164998
vt 0.534778 0.035819
vt 0.509683 0.043829
vt 0.507725 0.044454
vt 0.480561 0.039814
vt 0.453493 0.046594
vt 0.460991 0.941874
vt 0.483664 0.958202
vt 0.515268 0.945090
vt 0.544269 0.934632
vt 0.540342 0.934665
vt 0.542299 0.933851
vt 0.536739 0.035514
vt 0.516508 0.821836
vt 0.540072 0.812364
vt 0.544073 0.812200
vt 0.512517 0.823298
vt 0.480942 0.832250
vt 0.457205 0.820921
vt 0.426285 0.036728
vt 0.538977 0.681582
vt 0.537881 0.550800
vt 0.536786 0.420017
vt 0.535691 0.289235
vt 0.508119 0.298094
vt 0.509218 0.429395
vt 0.510318 0.560696
vt 0.511418 0.691997
vt 0.515410 0.690730
vt 0.514312 0.559623
vt 0.513214 0.428517
vt 0.512116 0.297410
vt 0.479139 0.298487
vt 0.479590 0.431928
vt 0.480041 0.565369
vt 0.480492 0.698809
vt 0.484498 0.699204
vt 0.484046 0.565652
vt 0.483595 0.432101
vt 0.483144 0.298549
vt 0.452830 0.298499
vt 0.453924 0.429104
vt 0.455018 0.559710
vt 0.456111 0.690315
vt 0.564220 0.155680
vt 0.561868 0.031609
vt 0.565333 0.288618
vt 0.540784 0.419461
vt 0.539688 0.288548
vt 0.566446 0.421557
vt 0.541880 0.550374
vt 0.567560 0.554495
vt 0.542977 0.681287
vt 0.568673 0.687433
vt 0.483144 0.298549
vt 0.510318 0.560696
vt 0.483595 0.432101
vt 0.511418 0.691997
vt 0.484498 0.699204
vt 0.426040 0.161787
vt 0.427161 0.295615
vt 0.428282 0.429443
vt 0.429402 0.563271
vt 0.430523 0.697099
vt 0.457929 0.429413
vt 0.456835 0.298781
vt 0.459023 0.560046
vt 0.460117 0.690679
vt 0.457929 0.429413
vt 0.456835 0.298780
vt 0.459023 0.560046
vt 0.540784 0.419461
vt 0.539688 0.288548
vt 0.566446 0.421557
vt 0.535691 0.289235
vt 0.536786 0.420017
vt 0.537881 0.550800
vt 0.250000 0.010000
vt 0.010000 0.250000
vt 0.250000 0.490000
vt 0.703178 0.014612
vt 0.985388 0.203178
vt 0.796822 0.485388
vt 0.514612 0.296822
vt 0.490000 0.250000
vt 0.296822 0.485388
vt 0.158156 0.471731
vt 0.203178 0.485388
vt 0.116663 0.449553
vt 0.080294 0.419706
vt 0.050447 0.383337
vt 0.014612 0.296822
vt 0.014612 0.203178
vt 0.028269 0.158156
vt 0.050447 0.116663
vt 0.080294 0.080294
vt 0.116663 0.050447
vt 0.203178 0.014612
vt 0.296822 0.014612
vt 0.341844 0.028269
vt 0.383337 0.050447
vt 0.419706 0.080294
vt 0.449553 0.116663
vt 0.485388 0.203178
vt 0.485388 0.296822
vt 0.449553 0.383337
vt 0.419706 0.419706
vt 0.383337 0.449553
vt 0.000000 1.000000
vt 0.750000 0.490000
vt 0.841844 0.471731
vt 0.883337 0.449553
vt 0.919706 0.419706
vt 0.949553 0.383337
vt 0.971731 0.341844
vt 0.990000 0.250000
vt 0.971731 0.158156
vt 0.949553 0.116663
vt 0.919706 0.080294
vt 0.883337 0.050447
vt 0.841844 0.028269
vt 0.750000 0.010000
vt 0.658156 0.028269
vt 0.616663 0.050447
vt 0.580294 0.080294
vt 0.550447 0.116663
vt 0.528269 0.158156
vt 0.510000 0.250000
vt 0.550447 0.383337
vt 0.528269 0.341844
vt 0.580294 0.419706
vt 0.616663 0.449553
vt 0.658156 0.471731
s 1
usemtl マテリアル.002
f 2/1/1 3/2/2 1/3/1
f 4/4/2 5/5/3 3/2/2
f 6/6/3 7/7/4 5/5/3
f 8/8/4 9/9/5 7/7/4
f 10/10/5 11/11/6 9/9/5
f 12/12/6 13/13/7 11/11/6
f 14/14/7 15/15/8 13/13/7
f 16/16/8 17/17/9 15/15/8
f 18/18/9 19/19/10 17/17/9
f 20/20/10 21/21/11 19/19/10
f 22/22/11 23/23/12 21/21/11
f 24/24/12 25/25/13 23/23/12
f 26/26/13 27/27/14 25/25/13
f 28/28/14 29/29/15 27/27/14
f 30/30/15 31/31/16 29/29/15
f 32/32/16 33/33/17 31/31/16
f 34/34/17 35/35/18 33/33/17
f 36/36/18 37/37/19 35/35/18
f 37/37/19 40/38/20 39/39/20
f 40/38/20 41/40/21 39/39/20
f 42/41/21 43/42/22 41/40/21
f 44/43/22 45/44/23 43/42/22
f 46/45/23 47/46/24 45/44/23
f 48/47/24 49/48/25 47/46/24
f 49/48/25 52/49/26 51/50/26
f 52/49/26 53/51/27 51/50/26
f 54/52/27 55/53/28 53/51/27
f 56/54/28 57/55/29 55/53/28
f 57/55/29 60/56/30 59/57/30
f 59/57/30 62/58/31 61/59/31
f 38/60/32 22/61/32 6/62/32
f 62/58/31 63/63/33 61/59/31
f 64/64/33 1/65/1 63/63/33
f 63/66/34 15/67/34 31/68/34
f 66/1/1 67/2/2 65/3/1
f 68/4/2 69/5/3 67/2/2
f 70/6/3 71/7/4 69/5/3
f 72/8/4 73/9/5 71/7/4
f 74/10/5 75/11/6 73/9/5
f 76/12/6 77/13/7 75/11/6
f 78/14/7 79/15/8 77/13/7
f 80/16/8 81/17/9 79/15/8
f 82/18/9 83/19/10 81/17/9
f 84/20/10 85/21/11 83/19/10
f 86/22/11 87/23/12 85/21/11
f 88/24/12 89/25/13 87/23/12
f 90/26/13 91/27/14 89/25/13
f 92/28/14 93/29/15 91/27/14
f 94/30/15 95/31/16 93/29/15
f 96/32/16 97/33/17 95/31/16
f 98/34/17 99/35/18 97/33/17
f 100/36/18 101/37/19 99/35/18
f 102/69/19 103/39/20 101/37/19
f 104/38/20 105/40/21 103/39/20
f 106/41/21 107/42/22 105/40/21
f 108/43/22 109/44/23 107/42/22
f 110/45/23 111/46/24 109/44/23
f 112/47/24 113/48/25 111/46/24
f 114/70/25 115/50/26 113/48/25
f 116/49/26 117/51/27 115/50/26
f 118/52/27 119/53/28 117/51/27
f 120/54/28 121/55/29 119/53/28
f 122/71/29 123/57/30 121/55/29
f 124/56/30 125/59/31 123/57/30
f 86/61/32 78/72/32 70/62/32
f 126/58/31 127/63/33 125/59/31
f 128/64/33 65/65/1 127/63/33
f 95/68/34 111/73/34 127/66/34
f 130/1/1 131/2/2 129/3/1
f 132/4/2 133/5/3 131/2/2
f 134/6/3 135/7/4 133/5/3
f 136/8/4 137/9/5 135/7/4
f 138/10/5 139/11/6 137/9/5
f 140/12/6 141/13/7 139/11/6
f 142/14/7 143/15/8 141/13/7
f 144/16/8 145/17/9 143/15/8
f 146/18/9 147/19/10 145/17/9
f 148/20/10 149/21/11 147/19/10
f 150/22/11 151/23/12 149/21/11
f 152/24/12 153/25/13 151/23/12
f 154/26/13 155/27/14 153/25/13
f 156/28/14 157/29/15 155/27/14
f 158/30/15 159/31/16 157/29/15
f 160/32/16 161/33/17 159/31/16
f 162/34/17 163/35/18 161/33/17
f 164/36/18 165/37/19 163/35/18
f 166/69/19 167/39/20 165/37/19
f 168/38/20 169/40/21 167/39/20
f 170/41/21 171/42/22 169/40/21
f 172/43/22 173/44/23 171/42/22
f 174/45/23 175/46/24 173/44/23
f 176/47/24 177/48/25 175/46/24
f 178/70/25 179/50/26 177/48/25
f 180/49/26 181/51/27 179/50/26
f 182/52/27 183/53/28 181/51/27
f 184/54/28 185/55/29 183/53/28
f 186/71/29 187/57/30 185/55/29
f 188/56/30 189/59/31 187/57/30
f 182/74/32 166/60/32 150/61/32
f 190/58/31 191/63/33 189/59/31
f 192/64/33 129/65/1 191/63/33
f 143/67/34 159/68/34 175/73/34
f 194/1/1 195/2/2 193/3/1
f 196/4/2 197/5/3 195/2/2
f 198/6/3 199/7/4 197/5/3
f 200/8/4 201/9/5 199/7/4
f 202/10/5 203/11/6 201/9/5
f 204/12/6 205/13/7 203/11/6
f 206/14/7 207/15/8 205/13/7
f 208/16/8 209/17/9 207/15/8
f 210/18/9 211/19/10 209/17/9
f 212/20/10 213/21/11 211/19/10
f 214/22/11 215/23/12 213/21/11
f 216/24/12 217/25/13 215/23/12
f 218/26/13 219/27/14 217/25/13
f 220/28/14 221/29/15 219/27/14
f 222/30/15 223/31/16 221/29/15
f 224/32/16 225/33/17 223/31/16
f 226/34/17 227/35/18 225/33/17
f 228/36/18 229/37/19 227/35/18
f 230/69/19 231/39/20 229/37/19
f 232/38/20 233/40/21 231/39/20
f 234/41/21 235/42/22 233/40/21
f 236/43/22 237/44/23 235/42/22
f 238/45/23 239/46/24 237/44/23
f 240/47/24 241/48/25 239/46/24
f 242/70/25 243/50/26 241/48/25
f 244/49/26 245/51/27 243/50/26
f 246/52/27 247/53/28 245/51/27
f 248/54/28 249/55/29 247/53/28
f 250/71/29 251/57/30 249/55/29
f 252/56/30 253/59/31 251/57/30
f 246/74/32 230/60/32 214/61/32
f 254/58/31 255/63/33 253/59/31
f 256/64/33 193/65/1 255/63/33
f 255/66/34 207/67/34 223/68/34
f 2/1/1 4/4/2 3/2/2
f 4/4/2 6/6/3 5/5/3
f 6/6/3 8/8/4 7/7/4
f 8/8/4 10/10/5 9/9/5
f 10/10/5 12/12/6 11/11/6
f 12/12/6 14/14/7 13/13/7
f 14/14/7 16/16/8 15/15/8
f 16/16/8 18/18/9 17/17/9
f 18/18/9 20/20/10 19/19/10
f 20/20/10 22/22/11 21/21/11
f 22/22/11 24/24/12 23/23/12
f 24/24/12 26/26/13 25/25/13
f 26/26/13 28/28/14 27/27/14
f 28/28/14 30/30/15 29/29/15
f 30/30/15 32/32/16 31/31/16
f 32/32/16 34/34/17 33/33/17
f 34/34/17 36/36/18 35/35/18
f 36/36/18 38/69/19 37/37/19
f 37/37/19 38/69/19 40/38/20
f 40/38/20 42/41/21 41/40/21
f 42/41/21 44/43/22 43/42/22
f 44/43/22 46/45/23 45/44/23
f 46/45/23 48/47/24 47/46/24
f 48/47/24 50/70/25 49/48/25
f 49/48/25 50/70/25 52/49/26
f 52/49/26 54/52/27 53/51/27
f 54/52/27 56/54/28 55/53/28
f 56/54/28 58/71/29 57/55/29
f 57/55/29 58/71/29 60/56/30
f 59/57/30 60/56/30 62/58/31
f 6/62/32 4/191/32 62/192/32
f 4/191/32 2/185/32 62/192/32
f 2/185/32 64/193/32 62/192/32
f 62/192/32 60/194/32 58/195/32
f 58/195/32 56/196/32 62/192/32
f 56/196/32 54/74/32 62/192/32
f 54/74/32 52/197/32 50/184/32
f 50/184/32 48/198/32 46/199/32
f 46/199/32 44/200/32 38/60/32
f 44/200/32 42/201/32 38/60/32
f 42/201/32 40/202/32 38/60/32
f 38/60/32 36/203/32 34/183/32
f 34/183/32 32/204/32 30/205/32
f 30/205/32 28/206/32 26/207/32
f 26/207/32 24/208/32 22/61/32
f 22/61/32 20/209/32 14/72/32
f 20/209/32 18/190/32 14/72/32
f 18/190/32 16/210/32 14/72/32
f 14/72/32 12/211/32 10/212/32
f 10/212/32 8/213/32 6/62/32
f 54/74/32 50/184/32 38/60/32
f 50/184/32 46/199/32 38/60/32
f 38/60/32 34/183/32 30/205/32
f 30/205/32 26/207/32 38/60/32
f 26/207/32 22/61/32 38/60/32
f 14/72/32 10/212/32 22/61/32
f 10/212/32 6/62/32 22/61/32
f 6/62/32 62/192/32 38/60/32
f 62/192/32 54/74/32 38/60/32
f 62/58/31 64/64/33 63/63/33
f 64/64/33 2/214/1 1/65/1
f 63/66/34 1/215/34 3/188/34
f 3/188/34 5/216/34 7/217/34
f 7/217/34 9/218/34 15/67/34
f 9/218/34 11/219/34 15/67/34
f 11/219/34 13/220/34 15/67/34
f 15/67/34 17/221/34 19/187/34
f 19/187/34 21/222/34 23/223/34
f 23/223/34 25/224/34 31/68/34
f 25/224/34 27/225/34 31/68/34
f 27/225/34 29/226/34 31/68/34
f 31/68/34 33/227/34 35/186/34
f 35/186/34 37/228/34 31/68/34
f 37/228/34 39/229/34 31/68/34
f 39/229/34 41/230/34 43/231/34
f 43/231/34 45/232/34 47/73/34
f 47/73/34 49/233/34 55/234/34
f 49/233/34 51/189/34 55/234/34
f 51/189/34 53/235/34 55/234/34
f 55/234/34 57/236/34 59/237/34
f 59/237/34 61/238/34 55/234/34
f 61/238/34 63/66/34 55/234/34
f 63/66/34 3/188/34 15/67/34
f 3/188/34 7/217/34 15/67/34
f 15/67/34 19/187/34 31/68/34
f 19/187/34 23/223/34 31/68/34
f 39/229/34 43/231/34 31/68/34
f 43/231/34 47/73/34 31/68/34
f 47/73/34 55/234/34 31/68/34
f 55/234/34 63/66/34 31/68/34
f 66/1/1 68/4/2 67/2/2
f 68/4/2 70/6/3 69/5/3
f 70/6/3 72/8/4 71/7/4
f 72/8/4 74/10/5 73/9/5
f 74/10/5 76/12/6 75/11/6
f 76/12/6 78/14/7 77/13/7
f 78/14/7 80/16/8 79/15/8
f 80/16/8 82/18/9 81/17/9
f 82/18/9 84/20/10 83/19/10
f 84/20/10 86/22/11 85/21/11
f 86/22/11 88/24/12 87/23/12
f 88/24/12 90/26/13 89/25/13
f 90/26/13 92/28/14 91/27/14
f 92/28/14 94/30/15 93/29/15
f 94/30/15 96/32/16 95/31/16
f 96/32/16 98/34/17 97/33/17
f 98/34/17 100/36/18 99/35/18
f 100/36/18 102/69/19 101/37/19
f 102/69/19 104/38/20 103/39/20
f 104/38/20 106/41/21 105/40/21
f 106/41/21 108/43/22 107/42/22
f 108/43/22 110/45/23 109/44/23
f 110/45/23 112/47/24 111/46/24
f 112/47/24 114/70/25 113/48/25
f 114/70/25 116/49/26 115/50/26
f 116/49/26 118/52/27 117/51/27
f 118/52/27 120/54/28 119/53/28
f 120/54/28 122/71/29 121/55/29
f 122/71/29 124/56/30 123/57/30
f 124/56/30 126/58/31 125/59/31
f 70/62/32 68/191/32 66/185/32
f 66/185/32 128/193/32 70/62/32
f 128/193/32 126/192/32 70/62/32
f 126/192/32 124/194/32 122/195/32
f 122/195/32 120/196/32 126/192/32
f 120/196/32 118/74/32 126/192/32
f 118/74/32 116/197/32 114/184/32
f 114/184/32 112/198/32 118/74/32
f 112/198/32 110/199/32 118/74/32
f 110/199/32 108/200/32 102/60/32
f 108/200/32 106/201/32 102/60/32
f 106/201/32 104/202/32 102/60/32
f 102/60/32 100/203/32 98/183/32
f 98/183/32 96/204/32 94/205/32
f 94/205/32 92/206/32 90/207/32
f 90/207/32 88/208/32 94/205/32
f 88/208/32 86/61/32 94/205/32
f 86/61/32 84/209/32 78/72/32
f 84/209/32 82/190/32 78/72/32
f 82/190/32 80/210/32 78/72/32
f 78/72/32 76/211/32 74/212/32
f 74/212/32 72/213/32 78/72/32
f 72/213/32 70/62/32 78/72/32
f 102/60/32 98/183/32 94/205/32
f 70/62/32 126/192/32 102/60/32
f 126/192/32 118/74/32 102/60/32
f 118/74/32 110/199/32 102/60/32
f 102/60/32 94/205/32 70/62/32
f 94/205/32 86/61/32 70/62/32
f 126/58/31 128/64/33 127/63/33
f 128/64/33 66/214/1 65/65/1
f 127/66/34 65/215/34 67/188/34
f 67/188/34 69/216/34 127/66/34
f 69/216/34 71/217/34 127/66/34
f 71/217/34 73/218/34 75/219/34
f 75/219/34 77/220/34 71/217/34
f 77/220/34 79/67/34 71/217/34
f 79/67/34 81/221/34 83/187/34
f 83/187/34 85/222/34 79/67/34
f 85/222/34 87/223/34 79/67/34
f 87/223/34 89/224/34 91/225/34
f 91/225/34 93/226/34 87/223/34
f 93/226/34 95/68/34 87/223/34
f 95/68/34 97/227/34 99/186/34
f 99/186/34 101/228/34 95/68/34
f 101/228/34 103/229/34 95/68/34
f 103/229/34 105/230/34 107/231/34
f 107/231/34 109/232/34 111/73/34
f 111/73/34 113/233/34 115/189/34
f 115/189/34 117/235/34 111/73/34
f 117/235/34 119/234/34 111/73/34
f 119/234/34 121/236/34 123/237/34
f 123/237/34 125/238/34 119/234/34
f 125/238/34 127/66/34 119/234/34
f 103/229/34 107/231/34 95/68/34
f 107/231/34 111/73/34 95/68/34
f 127/66/34 71/217/34 79/67/34
f 79/67/34 87/223/34 127/66/34
f 87/223/34 95/68/34 127/66/34
f 111/73/34 119/234/34 127/66/34
f 130/1/1 132/4/2 131/2/2
f 132/4/2 134/6/3 133/5/3
f 134/6/3 136/8/4 135/7/4
f 136/8/4 138/10/5 137/9/5
f 138/10/5 140/12/6 139/11/6
f 140/12/6 142/14/7 141/13/7
f 142/14/7 144/16/8 143/15/8
f 144/16/8 146/18/9 145/17/9
f 146/18/9 148/20/10 147/19/10
f 148/20/10 150/22/11 149/21/11
f 150/22/11 152/24/12 151/23/12
f 152/24/12 154/26/13 153/25/13
f 154/26/13 156/28/14 155/27/14
f 156/28/14 158/30/15 157/29/15
f 158/30/15 160/32/16 159/31/16
f 160/32/16 162/34/17 161/33/17
f 162/34/17 164/36/18 163/35/18
f 164/36/18 166/69/19 165/37/19
f 166/69/19 168/38/20 167/39/20
f 168/38/20 170/41/21 169/40/21
f 170/41/21 172/43/22 171/42/22
f 172/43/22 174/45/23 173/44/23
f 174/45/23 176/47/24 175/46/24
f 176/47/24 178/70/25 177/48/25
f 178/70/25 180/49/26 179/50/26
f 180/49/26 182/52/27 181/51/27
f 182/52/27 184/54/28 183/53/28
f 184/54/28 186/71/29 185/55/29
f 186/71/29 188/56/30 187/57/30
f 188/56/30 190/58/31 189/59/31
f 134/62/32 132/191/32 130/185/32
f 130/185/32 192/193/32 190/192/32
f 190/192/32 188/194/32 186/195/32
f 186/195/32 184/196/32 190/192/32
f 184/196/32 182/74/32 190/192/32
f 182/74/32 180/197/32 178/184/32
f 178/184/32 176/198/32 182/74/32
f 176/198/32 174/199/32 182/74/32
f 174/199/32 172/200/32 170/201/32
f 170/201/32 168/202/32 166/60/32
f 166/60/32 164/203/32 162/183/32
f 162/183/32 160/204/32 158/205/32
f 158/205/32 156/206/32 150/61/32
f 156/206/32 154/207/32 150/61/32
f 154/207/32 152/208/32 150/61/32
f 150/61/32 148/209/32 146/190/32
f 146/190/32 144/210/32 150/61/32
f 144/210/32 142/72/32 150/61/32
f 142/72/32 140/211/32 134/62/32
f 140/211/32 138/212/32 134/62/32
f 138/212/32 136/213/32 134/62/32
f 134/62/32 130/185/32 190/192/32
f 174/199/32 170/201/32 166/60/32
f 166/60/32 162/183/32 150/61/32
f 162/183/32 158/205/32 150/61/32
f 134/62/32 190/192/32 182/74/32
f 182/74/32 174/199/32 166/60/32
f 150/61/32 142/72/32 134/62/32
f 134/62/32 182/74/32 150/61/32
f 190/58/31 192/64/33 191/63/33
f 192/64/33 130/214/1 129/65/1
f 191/66/34 129/215/34 131/188/34
f 131/188/34 133/216/34 191/66/34
f 133/216/34 135/217/34 191/66/34
f 135/217/34 137/218/34 139/219/34
f 139/219/34 141/220/34 143/67/34
f 143/67/34 145/221/34 147/187/34
f 147/187/34 149/222/34 143/67/34
f 149/222/34 151/223/34 143/67/34
f 151/223/34 153/224/34 155/225/34
f 155/225/34 157/226/34 159/68/34
f 159/68/34 161/227/34 167/229/34
f 161/227/34 163/186/34 167/229/34
f 163/186/34 165/228/34 167/229/34
f 167/229/34 169/230/34 171/231/34
f 171/231/34 173/232/34 167/229/34
f 173/232/34 175/73/34 167/229/34
f 175/73/34 177/233/34 179/189/34
f 179/189/34 181/235/34 175/73/34
f 181/235/34 183/234/34 175/73/34
f 183/234/34 185/236/34 187/237/34
f 187/237/34 189/238/34 183/234/34
f 189/238/34 191/66/34 183/234/34
f 135/217/34 139/219/34 191/66/34
f 139/219/34 143/67/34 191/66/34
f 151/223/34 155/225/34 143/67/34
f 155/225/34 159/68/34 143/67/34
f 159/68/34 167/229/34 175/73/34
f 175/73/34 183/234/34 191/66/34
f 191/66/34 143/67/34 175/73/34
f 194/1/1 196/4/2 195/2/2
f 196/4/2 198/6/3 197/5/3
f 198/6/3 200/8/4 199/7/4
f 200/8/4 202/10/5 201/9/5
f 202/10/5 204/12/6 203/11/6
f 204/12/6 206/14/7 205/13/7
f 206/14/7 208/16/8 207/15/8
f 208/16/8 210/18/9 209/17/9
f 210/18/9 212/20/10 211/19/10
f 212/20/10 214/22/11 213/21/11
f 214/22/11 216/24/12 215/23/12
f 216/24/12 218/26/13 217/25/13
f 218/26/13 220/28/14 219/27/14
f 220/28/14 222/30/15 221/29/15
f 222/30/15 224/32/16 223/31/16
f 224/32/16 226/34/17 225/33/17
f 226/34/17 228/36/18 227/35/18
f 228/36/18 230/69/19 229/37/19
f 230/69/19 232/38/20 231/39/20
f 232/38/20 234/41/21 233/40/21
f 234/41/21 236/43/22 235/42/22
f 236/43/22 238/45/23 237/44/23
f 238/45/23 240/47/24 239/46/24
f 240/47/24 242/70/25 241/48/25
f 242/70/25 244/49/26 243/50/26
f 244/49/26 246/52/27 245/51/27
f 246/52/27 248/54/28 247/53/28
f 248/54/28 250/71/29 249/55/29
f 250/71/29 252/56/30 251/57/30
f 252/56/30 254/58/31 253/59/31
f 198/62/32 196/191/32 194/185/32
f 194/185/32 256/193/32 198/62/32
f 256/193/32 254/192/32 198/62/32
f 254/192/32 252/194/32 250/195/32
f 250/195/32 248/196/32 246/74/32
f 246/74/32 244/197/32 238/199/32
f 244/197/32 242/184/32 238/199/32
f 242/184/32 240/198/32 238/199/32
f 238/199/32 236/200/32 234/201/32
f 234/201/32 232/202/32 238/199/32
f 232/202/32 230/60/32 238/199/32
f 230/60/32 228/203/32 222/205/32
f 228/203/32 226/183/32 222/205/32
f 226/183/32 224/204/32 222/205/32
f 222/205/32 220/206/32 218/207/32
f 218/207/32 216/208/32 214/61/32
f 214/61/32 212/209/32 210/190/32
f 210/190/32 208/210/32 206/72/32
f 206/72/32 204/211/32 202/212/32
f 202/212/32 200/213/32 198/62/32
f 254/192/32 250/195/32 198/62/32
f 250/195/32 246/74/32 198/62/32
f 222/205/32 218/207/32 214/61/32
f 214/61/32 210/190/32 206/72/32
f 206/72/32 202/212/32 214/61/32
f 202/212/32 198/62/32 214/61/32
f 246/74/32 238/199/32 230/60/32
f 230/60/32 222/205/32 214/61/32
f 198/62/32 246/74/32 214/61/32
f 254/58/31 256/64/33 255/63/33
f 256/64/33 194/214/1 193/65/1
f 255/66/34 193/215/34 195/188/34
f 195/188/34 197/216/34 199/217/34
f 199/217/34 201/218/34 207/67/34
f 201/218/34 203/219/34 207/67/34
f 203/219/34 205/220/34 207/67/34
f 207/67/34 209/221/34 211/187/34
f 211/187/34 213/222/34 207/67/34
f 213/222/34 215/223/34 207/67/34
f 215/223/34 217/224/34 219/225/34
f 219/225/34 221/226/34 223/68/34
f 223/68/34 225/227/34 231/229/34
f 225/227/34 227/186/34 231/229/34
f 227/186/34 229/228/34 231/229/34
f 231/229/34 233/230/34 235/231/34
f 235/231/34 237/232/34 231/229/34
f 237/232/34 239/73/34 231/229/34
f 239/73/34 241/233/34 243/189/34
f 243/189/34 245/235/34 239/73/34
f 245/235/34 247/234/34 239/73/34
f 247/234/34 249/236/34 255/66/34
f 249/236/34 251/237/34 255/66/34
f 251/237/34 253/238/34 255/66/34
f 255/66/34 195/188/34 207/67/34
f 195/188/34 199/217/34 207/67/34
f 215/223/34 219/225/34 207/67/34
f 219/225/34 223/68/34 207/67/34
f 223/68/34 231/229/34 255/66/34
f 231/229/34 239/73/34 255/66/34
f 239/73/34 247/234/34 255/66/34
usemtl マテリアル.001
f 258/75/35 351/76/36 350/76/37
f 273/77/38 357/78/39 434/79/40
f 363/80/41 262/81/42 369/80/43
f 334/82/44 399/83/45 422/84/46
f 336/85/47 405/86/48 416/87/49
f 323/88/50 342/89/50 324/89/50
f 296/89/50 269/88/50 297/88/50
f 518/79/51 273/77/52 434/79/53
f 327/90/54 452/91/55 512/91/56
f 309/92/57 331/93/57 332/92/57
f 281/85/58 279/94/58 282/94/58
f 306/95/59 392/78/60 506/78/61
f 320/96/62 340/97/62 321/97/63
f 293/90/64 271/98/64 294/98/64
f 324/89/65 398/99/66 500/99/67
f 309/92/68 428/100/69 494/100/70
f 305/77/71 330/95/71 306/95/71
f 446/101/72 280/85/73 375/102/74
f 386/103/75 278/82/76 459/84/77
f 458/104/78 276/92/79 435/100/80
f 392/78/81 329/77/82 447/105/83
f 332/92/84 393/106/85 428/100/86
f 281/85/87 282/94/88 283/107/89
f 284/82/90 285/108/91 286/109/92
f 287/92/93 288/93/94 289/110/95
f 290/95/96 291/77/96 292/111/96
f 293/90/97 294/98/97 295/112/97
f 296/89/98 297/88/98 298/113/98
f 299/97/99 300/96/100 301/114/101
f 302/115/102 303/116/102 304/117/102
f 305/77/103 306/95/103 307/111/103
f 308/93/104 309/92/105 310/110/106
f 311/108/107 312/82/108 313/109/109
f 314/118/110 315/85/111 316/107/112
f 317/116/113 318/115/113 319/117/113
f 320/96/114 321/97/115 322/114/116
f 323/88/117 324/89/117 325/113/117
f 326/98/118 327/90/118 328/112/118
f 321/97/119 404/119/120 488/119/29
f 317/116/121 338/115/121 318/115/121
f 290/95/71 273/77/71 291/77/71
f 312/82/122 422/84/123 482/84/124
f 560/120/125 265/116/126 380/120/127
f 318/115/128 410/121/129 476/121/130
f 302/115/121 265/116/121 303/116/121
f 554/101/131 279/94/132 446/101/133
f 314/118/110 316/107/112 282/94/88
f 537/119/134 303/116/135 560/120/136
f 311/108/107 313/109/109 285/108/91
f 302/115/137 363/80/138 549/121/139
f 525/99/140 300/96/141 548/122/142
f 308/93/104 310/110/106 288/93/94
f 293/90/143 536/123/144 513/91/145
f 305/77/146 307/111/147 291/77/146
f 351/76/148 294/98/149 524/124/150
f 306/95/151 257/125/151 290/95/151
f 326/98/152 328/112/152 294/98/152
f 323/88/153 325/113/153 297/88/153
f 320/96/114 322/114/116 300/96/100
f 317/116/154 319/117/155 303/116/154
f 318/115/156 262/81/156 302/115/156
f 489/123/157 327/90/158 512/91/159
f 326/98/160 350/76/161 501/124/162
f 320/96/163 500/99/164 477/122/165
f 317/116/166 488/119/167 465/120/168
f 369/80/169 318/115/170 476/121/171
f 524/124/172 271/98/173 362/124/174
f 284/82/175 277/108/175 285/108/175
f 312/82/175 333/108/175 334/82/175
f 530/104/176 275/93/177 458/104/52
f 536/123/60 269/88/178 440/123/179
f 299/97/62 267/96/62 300/96/62
f 326/98/64 344/90/64 327/90/64
f 542/103/180 277/108/181 386/103/182
f 287/92/57 275/93/57 288/93/57
f 314/118/58 336/85/58 315/85/58
f 548/122/183 267/96/184 464/122/185
f 315/85/186 416/87/187 470/87/188
f 317/116/126 411/120/125 337/116/126
f 465/120/127 412/126/189 411/120/125
f 466/126/189 413/127/190 412/126/189
f 468/128/190 413/127/190 467/127/190
f 469/129/189 414/128/190 468/128/190
f 470/87/188 415/129/189 469/129/189
f 543/84/123 278/82/122 284/82/122
f 544/130/189 459/84/124 543/84/123
f 545/131/189 460/130/189 544/130/189
f 546/132/189 461/131/189 545/131/189
f 546/132/189 463/133/189 462/132/189
f 547/133/189 464/122/185 463/133/189
f 537/119/120 268/97/119 299/97/119
f 538/134/190 381/119/29 537/119/120
f 539/135/190 382/134/190 538/134/190
f 540/136/190 383/135/190 539/135/190
f 540/136/190 385/137/190 384/136/190
f 541/137/190 386/103/182 385/137/190
f 531/100/69 276/92/68 287/92/68
f 532/138/191 435/100/70 531/100/69
f 533/139/191 436/138/191 532/138/191
f 534/140/191 437/139/191 533/139/191
f 534/140/191 439/141/191 438/140/191
f 535/141/191 440/123/179 439/141/191
f 525/99/66 270/89/65 296/89/65
f 526/142/192 453/99/67 525/99/66
f 527/143/192 454/142/192 526/142/192
f 528/144/192 455/143/192 527/143/192
f 528/144/192 457/145/192 456/144/192
f 529/145/192 458/104/52 457/145/192
f 519/78/60 274/95/59 290/95/59
f 520/146/189 357/78/61 519/78/60
f 521/147/189 358/146/189 520/146/189
f 522/148/189 359/147/189 521/147/189
f 522/148/189 361/149/189 360/148/189
f 523/149/189 362/124/174 361/149/189
f 374/150/193 314/118/194 261/151/195
f 373/152/196 471/86/197 374/150/193
f 373/152/196 473/153/198 472/154/199
f 372/155/200 474/156/201 473/153/198
f 371/157/202 475/158/203 474/156/201
f 370/159/204 476/121/171 475/158/203
f 470/87/205 311/108/206 315/85/207
f 469/129/208 483/83/209 470/87/205
f 468/128/210 484/137/211 469/129/208
f 467/127/212 485/136/213 468/128/210
f 466/126/214 486/135/215 467/127/212
f 465/120/168 487/134/216 466/126/214
f 312/82/217 495/106/218 308/93/219
f 482/84/220 496/160/221 495/106/218
f 480/131/222 496/160/221 481/130/223
f 479/161/224 497/162/225 480/131/222
f 478/163/226 498/143/227 479/161/224
f 477/122/165 499/164/228 478/163/226
f 306/95/229 345/165/230 257/125/231
f 506/78/232 346/166/233 345/165/230
f 505/146/234 347/167/235 346/166/233
f 503/148/236 347/167/235 504/147/237
f 502/149/238 348/168/239 503/148/236
f 501/124/162 349/169/240 502/149/238
f 494/100/241 305/77/242 309/92/243
f 493/138/244 507/105/245 494/100/241
f 493/138/244 509/170/246 508/171/247
f 492/139/248 510/172/249 509/170/246
f 491/140/250 511/173/251 510/172/249
f 490/141/252 512/91/159 511/173/251
f 356/165/253 290/95/254 259/125/255
f 355/166/256 519/78/257 356/165/253
f 354/167/258 520/146/259 355/166/256
f 354/167/258 522/148/260 521/147/261
f 353/168/262 523/149/263 522/148/260
f 352/169/264 524/124/150 523/149/263
f 291/77/265 531/100/266 287/92/267
f 518/79/268 532/138/269 531/100/266
f 516/174/270 532/138/269 517/175/271
f 515/176/272 533/139/273 516/174/270
f 514/173/274 534/140/275 515/176/272
f 513/91/145 535/141/276 514/173/274
f 530/104/277 284/82/278 288/93/279
f 529/145/280 543/84/281 530/104/277
f 529/145/280 545/131/282 544/130/283
f 528/144/284 546/132/285 545/131/282
f 527/143/286 547/133/287 546/132/285
f 526/142/288 548/122/142 547/133/287
f 282/94/289 368/150/290 263/151/291
f 554/101/292 367/152/293 368/150/290
f 552/177/294 367/152/293 553/178/295
f 551/156/296 366/179/297 552/177/294
f 550/158/298 365/157/299 551/156/296
f 549/121/139 364/159/300 550/158/298
f 285/108/301 555/102/302 281/85/303
f 542/103/304 556/180/305 555/102/302
f 541/137/306 557/181/307 556/180/305
f 540/136/308 558/182/309 557/181/307
f 539/135/310 559/126/311 558/182/309
f 538/134/312 560/120/136 559/126/311
f 549/121/129 266/115/128 302/115/128
f 550/158/190 441/121/130 549/121/129
f 551/156/190 442/158/190 550/158/190
f 552/177/190 443/156/190 551/156/190
f 552/177/190 445/178/190 444/177/190
f 553/178/190 446/101/133 445/178/190
f 314/118/132 405/86/131 335/94/132
f 471/86/133 406/154/190 405/86/131
f 472/154/190 407/153/189 406/154/190
f 474/156/189 407/153/189 473/153/189
f 475/158/190 408/156/189 474/156/189
f 476/121/130 409/158/190 475/158/190
f 555/102/187 280/85/186 281/85/186
f 556/180/189 375/102/188 555/102/187
f 557/181/189 376/180/189 556/180/189
f 558/182/189 377/181/189 557/181/189
f 558/182/189 379/126/189 378/182/189
f 559/126/189 380/120/127 379/126/189
f 320/96/184 417/122/183 339/96/184
f 477/122/185 418/163/189 417/122/183
f 478/163/189 419/161/190 418/163/189
f 480/131/190 419/161/190 479/161/190
f 481/130/189 420/131/190 480/131/190
f 482/84/124 421/130/189 481/130/189
f 311/108/181 399/83/180 333/108/181
f 483/83/182 400/137/190 399/83/180
f 484/137/190 401/136/189 400/137/190
f 486/135/189 401/136/189 485/136/189
f 487/134/190 402/135/189 486/135/189
f 488/119/29 403/134/190 487/134/190
f 341/88/313 398/99/314 342/89/315
f 423/123/316 397/164/317 398/99/314
f 424/141/318 396/143/319 397/164/317
f 425/140/320 395/162/321 396/143/319
f 426/139/322 394/160/323 395/162/321
f 427/138/324 393/106/85 394/160/323
f 343/98/325 452/91/326 344/90/325
f 387/124/327 451/173/328 452/91/326
f 388/149/329 450/172/330 451/173/328
f 389/148/331 449/170/332 450/172/330
f 390/147/333 448/171/334 449/170/332
f 391/146/335 447/105/83 448/171/334
f 453/99/336 269/88/337 270/89/338
f 454/142/339 440/123/340 453/99/336
f 455/143/341 439/141/342 454/142/339
f 456/144/343 438/140/344 455/143/341
f 457/145/345 437/139/346 456/144/343
f 458/104/78 436/138/347 457/145/345
f 268/97/348 464/122/349 267/96/350
f 381/119/351 463/133/352 464/122/349
f 382/134/353 462/132/354 463/133/352
f 383/135/355 461/131/356 462/132/354
f 384/136/357 460/130/358 461/131/356
f 385/137/359 459/84/77 460/130/358
f 266/115/360 380/120/361 265/116/362
f 441/121/363 379/126/364 380/120/361
f 442/158/365 378/182/366 379/126/364
f 443/156/367 377/181/368 378/182/366
f 444/177/369 376/180/370 377/181/368
f 445/178/371 375/102/74 376/180/370
f 323/88/178 423/123/60 341/88/178
f 489/123/179 424/141/191 423/123/60
f 490/141/191 425/140/192 424/141/191
f 492/139/192 425/140/192 491/140/192
f 493/138/191 426/139/192 492/139/192
f 494/100/70 427/138/191 493/138/191
f 308/93/177 393/106/176 331/93/177
f 495/106/52 394/160/192 393/106/176
f 496/160/192 395/162/191 394/160/192
f 498/143/191 395/162/191 497/162/191
f 499/164/192 396/143/191 498/143/191
f 500/99/67 397/164/192 499/164/192
f 326/98/173 387/124/172 343/98/173
f 501/124/174 388/149/189 387/124/172
f 502/149/189 389/148/190 388/149/189
f 504/147/190 389/148/190 503/148/190
f 505/146/189 390/147/190 504/147/190
f 506/78/61 391/146/189 505/146/189
f 305/77/52 447/105/51 329/77/52
f 507/105/53 448/171/190 447/105/51
f 508/171/190 449/170/189 448/171/190
f 510/172/189 449/170/189 509/170/189
f 511/173/190 450/172/189 510/172/189
f 512/91/56 451/173/190 511/173/190
f 513/91/55 272/90/54 293/90/54
f 514/173/190 429/91/56 513/91/55
f 515/176/190 430/173/190 514/173/190
f 516/174/190 431/176/190 515/176/190
f 516/174/190 433/175/190 432/174/190
f 517/175/190 434/79/53 433/175/190
f 411/120/372 338/115/373 337/116/374
f 412/126/375 410/121/376 411/120/372
f 413/127/377 409/158/378 412/126/375
f 414/128/379 408/156/380 413/127/377
f 415/129/381 407/153/382 414/128/379
f 416/87/49 406/154/383 415/129/381
f 417/122/384 340/97/385 339/96/386
f 418/163/387 404/119/388 417/122/384
f 419/161/389 403/134/390 418/163/387
f 420/131/391 402/135/392 419/161/389
f 421/130/393 401/136/394 420/131/391
f 422/84/46 400/137/395 421/130/393
f 368/150/396 261/151/397 263/151/397
f 367/152/189 374/150/398 368/150/396
f 366/179/189 373/152/189 367/152/189
f 365/157/189 372/155/189 366/179/189
f 365/157/189 370/159/189 371/157/189
f 364/159/189 369/80/43 370/159/189
f 429/91/399 271/98/400 272/90/400
f 430/173/401 362/124/402 429/91/399
f 431/176/403 361/149/404 430/173/401
f 432/174/405 360/148/406 431/176/403
f 433/175/407 359/147/408 432/174/405
f 434/79/40 358/146/409 433/175/407
f 257/125/410 356/165/411 259/125/410
f 345/165/412 355/166/190 356/165/411
f 346/166/190 354/167/190 355/166/190
f 348/168/190 354/167/190 347/167/190
f 349/169/190 353/168/190 348/168/190
f 350/76/37 352/169/190 349/169/190
f 258/75/35 260/75/35 351/76/36
f 273/77/38 274/95/38 357/78/39
f 363/80/41 264/81/42 262/81/42
f 334/82/44 333/108/788 399/83/45
f 336/85/47 335/94/47 405/86/48
f 323/88/50 341/88/50 342/89/50
f 296/89/50 270/89/50 269/88/50
f 518/79/51 291/77/52 273/77/52
f 327/90/54 344/90/54 452/91/55
f 309/92/57 308/93/57 331/93/57
f 281/85/58 280/85/58 279/94/58
f 306/95/59 330/95/59 392/78/60
f 320/96/62 339/96/62 340/97/62
f 293/90/64 272/90/64 271/98/64
f 324/89/65 342/89/65 398/99/66
f 309/92/68 332/92/68 428/100/69
f 305/77/71 329/77/71 330/95/71
f 446/101/72 279/94/73 280/85/73
f 386/103/75 277/108/789 278/82/76
f 458/104/78 275/93/790 276/92/79
f 392/78/81 330/95/82 329/77/82
f 332/92/84 331/93/791 393/106/85
f 321/97/119 340/97/119 404/119/120
f 317/116/121 337/116/121 338/115/121
f 290/95/71 274/95/71 273/77/71
f 312/82/122 334/82/122 422/84/123
f 560/120/125 303/116/126 265/116/126
f 318/115/128 338/115/128 410/121/129
f 302/115/121 266/115/121 265/116/121
f 554/101/131 282/94/132 279/94/132
f 316/107/112 283/107/89 282/94/88
f 282/94/88 263/151/792 261/151/792
f 261/151/792 314/118/110 282/94/88
f 537/119/134 299/97/793 303/116/135
f 313/109/109 286/109/92 285/108/91
f 285/108/91 281/85/87 315/85/111
f 281/85/87 283/107/89 315/85/111
f 283/107/89 316/107/112 315/85/111
f 315/85/111 311/108/107 285/108/91
f 302/115/137 264/81/794 363/80/138
f 525/99/140 296/89/795 300/96/141
f 310/110/106 289/110/95 288/93/94
f 288/93/94 284/82/90 312/82/108
f 284/82/90 286/109/92 312/82/108
f 286/109/92 313/109/109 312/82/108
f 312/82/108 308/93/104 288/93/94
f 293/90/143 297/88/796 536/123/144
f 307/111/147 292/111/797 291/77/146
f 291/77/146 287/92/93 309/92/105
f 287/92/93 289/110/95 309/92/105
f 289/110/95 310/110/106 309/92/105
f 309/92/105 305/77/146 291/77/146
f 351/76/148 260/75/798 294/98/149
f 257/125/151 259/125/151 290/95/151
f 290/95/151 292/111/797 307/111/147
f 307/111/147 306/95/151 290/95/151
f 328/112/152 295/112/152 294/98/152
f 294/98/152 260/75/152 258/75/152
f 258/75/152 326/98/152 294/98/152
f 325/113/153 298/113/153 297/88/153
f 297/88/153 293/90/799 327/90/153
f 293/90/799 295/112/799 327/90/153
f 295/112/799 328/112/153 327/90/153
f 327/90/153 323/88/153 297/88/153
f 322/114/116 301/114/101 300/96/100
f 300/96/100 296/89/800 324/89/800
f 296/89/800 298/113/800 324/89/800
f 298/113/800 325/113/800 324/89/800
f 324/89/800 320/96/114 300/96/100
f 319/117/155 304/117/155 303/116/154
f 303/116/154 299/97/99 321/97/115
f 299/97/99 301/114/101 321/97/115
f 301/114/101 322/114/116 321/97/115
f 321/97/115 317/116/154 303/116/154
f 262/81/156 264/81/156 302/115/156
f 302/115/156 304/117/155 319/117/155
f 319/117/155 318/115/156 302/115/156
f 489/123/157 323/88/801 327/90/158
f 326/98/160 258/75/802 350/76/161
f 320/96/163 324/89/803 500/99/164
f 317/116/166 321/97/804 488/119/167
f 369/80/169 262/81/805 318/115/170
f 524/124/172 294/98/173 271/98/173
f 284/82/175 278/82/175 277/108/175
f 312/82/175 311/108/175 333/108/175
f 530/104/176 288/93/177 275/93/177
f 536/123/60 297/88/178 269/88/178
f 299/97/62 268/97/63 267/96/62
f 326/98/64 343/98/64 344/90/64
f 542/103/180 285/108/181 277/108/181
f 287/92/57 276/92/57 275/93/57
f 314/118/58 335/94/58 336/85/58
f 548/122/183 300/96/184 267/96/184
f 315/85/186 336/85/186 416/87/187
f 317/116/126 465/120/127 411/120/125
f 465/120/127 466/126/189 412/126/189
f 466/126/189 467/127/190 413/127/190
f 468/128/190 414/128/190 413/127/190
f 469/129/189 415/129/189 414/128/190
f 470/87/188 416/87/187 415/129/189
f 543/84/123 459/84/124 278/82/122
f 544/130/189 460/130/189 459/84/124
f 545/131/189 461/131/189 460/130/189
f 546/132/189 462/132/189 461/131/189
f 546/132/189 547/133/189 463/133/189
f 547/133/189 548/122/183 464/122/185
f 537/119/120 381/119/29 268/97/119
f 538/134/190 382/134/190 381/119/29
f 539/135/190 383/135/190 382/134/190
f 540/136/190 384/136/190 383/135/190
f 540/136/190 541/137/190 385/137/190
f 541/137/190 542/103/180 386/103/182
f 531/100/69 435/100/70 276/92/68
f 532/138/191 436/138/191 435/100/70
f 533/139/191 437/139/191 436/138/191
f 534/140/191 438/140/191 437/139/191
f 534/140/191 535/141/191 439/141/191
f 535/141/191 536/123/60 440/123/179
f 525/99/66 453/99/67 270/89/65
f 526/142/192 454/142/192 453/99/67
f 527/143/192 455/143/192 454/142/192
f 528/144/192 456/144/192 455/143/192
f 528/144/192 529/145/192 457/145/192
f 529/145/192 530/104/176 458/104/52
f 519/78/60 357/78/61 274/95/59
f 520/146/189 358/146/189 357/78/61
f 521/147/189 359/147/189 358/146/189
f 522/148/189 360/148/189 359/147/189
f 522/148/189 523/149/189 361/149/189
f 523/149/189 524/124/172 362/124/174
f 374/150/193 471/86/197 314/118/194
f 373/152/196 472/154/199 471/86/197
f 373/152/196 372/155/200 473/153/198
f 372/155/200 371/157/202 474/156/201
f 371/157/202 370/159/204 475/158/203
f 370/159/204 369/80/169 476/121/171
f 470/87/205 483/83/209 311/108/206
f 469/129/208 484/137/211 483/83/209
f 468/128/210 485/136/213 484/137/211
f 467/127/212 486/135/215 485/136/213
f 466/126/214 487/134/216 486/135/215
f 465/120/168 488/119/167 487/134/216
f 312/82/217 482/84/220 495/106/218
f 482/84/220 481/130/223 496/160/221
f 480/131/222 497/162/225 496/160/221
f 479/161/224 498/143/227 497/162/225
f 478/163/226 499/164/228 498/143/227
f 477/122/165 500/99/164 499/164/228
f 306/95/229 506/78/232 345/165/230
f 506/78/232 505/146/234 346/166/233
f 505/146/234 504/147/237 347/167/235
f 503/148/236 348/168/239 347/167/235
f 502/149/238 349/169/240 348/168/239
f 501/124/162 350/76/161 349/169/240
f 494/100/241 507/105/245 305/77/242
f 493/138/244 508/171/247 507/105/245
f 493/138/244 492/139/248 509/170/246
f 492/139/248 491/140/250 510/172/249
f 491/140/250 490/141/252 511/173/251
f 490/141/252 489/123/157 512/91/159
f 356/165/253 519/78/257 290/95/254
f 355/166/256 520/146/259 519/78/257
f 354/167/258 521/147/261 520/146/259
f 354/167/258 353/168/262 522/148/260
f 353/168/262 352/169/264 523/149/263
f 352/169/264 351/76/148 524/124/150
f 291/77/265 518/79/268 531/100/266
f 518/79/268 517/175/271 532/138/269
f 516/174/270 533/139/273 532/138/269
f 515/176/272 534/140/275 533/139/273
f 514/173/274 535/141/276 534/140/275
f 513/91/145 536/123/144 535/141/276
f 530/104/277 543/84/281 284/82/278
f 529/145/280 544/130/283 543/84/281
f 529/145/280 528/144/284 545/131/282
f 528/144/284 527/143/286 546/132/285
f 527/143/286 526/142/288 547/133/287
f 526/142/288 525/99/140 548/122/142
f 282/94/289 554/101/292 368/150/290
f 554/101/292 553/178/295 367/152/293
f 552/177/294 366/179/297 367/152/293
f 551/156/296 365/157/299 366/179/297
f 550/158/298 364/159/300 365/157/299
f 549/121/139 363/80/138 364/159/300
f 285/108/301 542/103/304 555/102/302
f 542/103/304 541/137/306 556/180/305
f 541/137/306 540/136/308 557/181/307
f 540/136/308 539/135/310 558/182/309
f 539/135/310 538/134/312 559/126/311
f 538/134/312 537/119/134 560/120/136
f 549/121/129 441/121/130 266/115/128
f 550/158/190 442/158/190 441/121/130
f 551/156/190 443/156/190 442/158/190
f 552/177/190 444/177/190 443/156/190
f 552/177/190 553/178/190 445/178/190
f 553/178/190 554/101/131 446/101/133
f 314/118/132 471/86/133 405/86/131
f 471/86/133 472/154/190 406/154/190
f 472/154/190 473/153/189 407/153/189
f 474/156/189 408/156/189 407/153/189
f 475/158/190 409/158/190 408/156/189
f 476/121/130 410/121/129 409/158/190
f 555/102/187 375/102/188 280/85/186
f 556/180/189 376/180/189 375/102/188
f 557/181/189 377/181/189 376/180/189
f 558/182/189 378/182/189 377/181/189
f 558/182/189 559/126/189 379/126/189
f 559/126/189 560/120/125 380/120/127
f 320/96/184 477/122/185 417/122/183
f 477/122/185 478/163/189 418/163/189
f 478/163/189 479/161/190 419/161/190
f 480/131/190 420/131/190 419/161/190
f 481/130/189 421/130/189 420/131/190
f 482/84/124 422/84/123 421/130/189
f 311/108/181 483/83/182 399/83/180
f 483/83/182 484/137/190 400/137/190
f 484/137/190 485/136/189 401/136/189
f 486/135/189 402/135/189 401/136/189
f 487/134/190 403/134/190 402/135/189
f 488/119/29 404/119/120 403/134/190
f 341/88/313 423/123/316 398/99/314
f 423/123/316 424/141/318 397/164/317
f 424/141/318 425/140/320 396/143/319
f 425/140/320 426/139/322 395/162/321
f 426/139/322 427/138/324 394/160/323
f 427/138/324 428/100/86 393/106/85
f 343/98/325 387/124/327 452/91/326
f 387/124/327 388/149/329 451/173/328
f 388/149/329 389/148/331 450/172/330
f 389/148/331 390/147/333 449/170/332
f 390/147/333 391/146/335 448/171/334
f 391/146/335 392/78/81 447/105/83
f 453/99/336 440/123/340 269/88/337
f 454/142/339 439/141/342 440/123/340
f 455/143/341 438/140/344 439/141/342
f 456/144/343 437/139/346 438/140/344
f 457/145/345 436/138/347 437/139/346
f 458/104/78 435/100/80 436/138/347
f 268/97/348 381/119/351 464/122/349
f 381/119/351 382/134/353 463/133/352
f 382/134/353 383/135/355 462/132/354
f 383/135/355 384/136/357 461/131/356
f 384/136/357 385/137/359 460/130/358
f 385/137/359 386/103/75 459/84/77
f 266/115/360 441/121/363 380/120/361
f 441/121/363 442/158/365 379/126/364
f 442/158/365 443/156/367 378/182/366
f 443/156/367 444/177/369 377/181/368
f 444/177/369 445/178/371 376/180/370
f 445/178/371 446/101/72 375/102/74
f 323/88/178 489/123/179 423/123/60
f 489/123/179 490/141/191 424/141/191
f 490/141/191 491/140/192 425/140/192
f 492/139/192 426/139/192 425/140/192
f 493/138/191 427/138/191 426/139/192
f 494/100/70 428/100/69 427/138/191
f 308/93/177 495/106/52 393/106/176
f 495/106/52 496/160/192 394/160/192
f 496/160/192 497/162/191 395/162/191
f 498/143/191 396/143/191 395/162/191
f 499/164/192 397/164/192 396/143/191
f 500/99/67 398/99/66 397/164/192
f 326/98/173 501/124/174 387/124/172
f 501/124/174 502/149/189 388/149/189
f 502/149/189 503/148/190 389/148/190
f 504/147/190 390/147/190 389/148/190
f 505/146/189 391/146/189 390/147/190
f 506/78/61 392/78/60 391/146/189
f 305/77/52 507/105/53 447/105/51
f 507/105/53 508/171/190 448/171/190
f 508/171/190 509/170/189 449/170/189
f 510/172/189 450/172/189 449/170/189
f 511/173/190 451/173/190 450/172/189
f 512/91/56 452/91/55 451/173/190
f 513/91/55 429/91/56 272/90/54
f 514/173/190 430/173/190 429/91/56
f 515/176/190 431/176/190 430/173/190
f 516/174/190 432/174/190 431/176/190
f 516/174/190 517/175/190 433/175/190
f 517/175/190 518/79/51 434/79/53
f 411/120/372 410/121/376 338/115/373
f 412/126/375 409/158/378 410/121/376
f 413/127/377 408/156/380 409/158/378
f 414/128/379 407/153/382 408/156/380
f 415/129/381 406/154/383 407/153/382
f 416/87/49 405/86/48 406/154/383
f 417/122/384 404/119/388 340/97/385
f 418/163/387 403/134/390 404/119/388
f 419/161/389 402/135/392 403/134/390
f 420/131/391 401/136/394 402/135/392
f 421/130/393 400/137/395 401/136/394
f 422/84/46 399/83/45 400/137/395
f 368/150/396 374/150/398 261/151/397
f 367/152/189 373/152/189 374/150/398
f 366/179/189 372/155/189 373/152/189
f 365/157/189 371/157/189 372/155/189
f 365/157/189 364/159/189 370/159/189
f 364/159/189 363/80/41 369/80/43
f 429/91/399 362/124/402 271/98/400
f 430/173/401 361/149/404 362/124/402
f 431/176/403 360/148/406 361/149/404
f 432/174/405 359/147/408 360/148/406
f 433/175/407 358/146/409 359/147/408
f 434/79/40 357/78/39 358/146/409
f 257/125/410 345/165/412 356/165/411
f 345/165/412 346/166/190 355/166/190
f 346/166/190 347/167/190 354/167/190
f 348/168/190 353/168/190 354/167/190
f 349/169/190 352/169/190 353/168/190
f 350/76/37 351/76/36 352/169/190
usemtl マテリアル.003
f 563/2/33 562/1/1 561/3/1
f 565/5/31 564/4/33 563/2/33
f 567/7/30 566/6/31 565/5/31
f 569/9/29 568/8/30 567/7/30
f 571/11/28 570/10/29 569/9/29
f 573/13/27 572/12/28 571/11/28
f 575/15/26 574/14/27 573/13/27
f 577/17/25 576/16/26 575/15/26
f 579/19/24 578/18/25 577/17/25
f 581/21/23 580/20/24 579/19/24
f 583/23/22 582/22/23 581/21/23
f 585/25/21 584/24/22 583/23/22
f 587/27/20 586/26/21 585/25/21
f 589/29/19 588/28/20 587/27/20
f 591/31/18 590/30/19 589/29/19
f 593/33/17 592/32/18 591/31/18
f 595/35/16 594/34/17 593/33/17
f 597/37/15 596/36/16 595/35/16
f 597/37/15 600/38/14 598/69/15
f 601/40/13 600/38/14 599/39/14
f 603/42/12 602/41/13 601/40/13
f 605/44/11 604/43/12 603/42/12
f 607/46/10 606/45/11 605/44/11
f 609/48/9 608/47/10 607/46/10
f 609/48/9 612/49/8 610/70/9
f 613/51/7 612/49/8 611/50/8
f 615/53/6 614/52/7 613/51/7
f 617/55/5 616/54/6 615/53/6
f 617/55/5 620/56/4 618/71/5
f 619/57/4 622/58/3 620/56/4
f 594/183/32 610/184/32 562/185/32
f 623/63/2 622/58/3 621/59/3
f 561/65/1 624/64/2 623/63/2
f 595/186/34 579/187/34 563/188/34
f 627/2/33 626/1/1 625/3/1
f 629/5/31 628/4/33 627/2/33
f 631/7/30 630/6/31 629/5/31
f 633/9/29 632/8/30 631/7/30
f 635/11/28 634/10/29 633/9/29
f 637/13/27 636/12/28 635/11/28
f 639/15/26 638/14/27 637/13/27
f 641/17/25 640/16/26 639/15/26
f 643/19/24 642/18/25 641/17/25
f 645/21/23 644/20/24 643/19/24
f 647/23/22 646/22/23 645/21/23
f 649/25/21 648/24/22 647/23/22
f 651/27/20 650/26/21 649/25/21
f 653/29/19 652/28/20 651/27/20
f 655/31/18 654/30/19 653/29/19
f 657/33/17 656/32/18 655/31/18
f 659/35/16 658/34/17 657/33/17
f 661/37/15 660/36/16 659/35/16
f 663/39/14 662/69/15 661/37/15
f 665/40/13 664/38/14 663/39/14
f 667/42/12 666/41/13 665/40/13
f 669/44/11 668/43/12 667/42/12
f 671/46/10 670/45/11 669/44/11
f 673/48/9 672/47/10 671/46/10
f 675/50/8 674/70/9 673/48/9
f 677/51/7 676/49/8 675/50/8
f 679/53/6 678/52/7 677/51/7
f 681/55/5 680/54/6 679/53/6
f 683/57/4 682/71/5 681/55/5
f 685/59/3 684/56/4 683/57/4
f 658/183/32 674/184/32 626/185/32
f 687/63/2 686/58/3 685/59/3
f 625/65/1 688/64/2 687/63/2
f 659/186/34 643/187/34 627/188/34
f 691/2/33 690/1/1 689/3/1
f 693/5/31 692/4/33 691/2/33
f 695/7/30 694/6/31 693/5/31
f 697/9/29 696/8/30 695/7/30
f 699/11/28 698/10/29 697/9/29
f 701/13/27 700/12/28 699/11/28
f 703/15/26 702/14/27 701/13/27
f 705/17/25 704/16/26 703/15/26
f 707/19/24 706/18/25 705/17/25
f 709/21/23 708/20/24 707/19/24
f 711/23/22 710/22/23 709/21/23
f 713/25/21 712/24/22 711/23/22
f 715/27/20 714/26/21 713/25/21
f 717/29/19 716/28/20 715/27/20
f 719/31/18 718/30/19 717/29/19
f 721/33/17 720/32/18 719/31/18
f 723/35/16 722/34/17 721/33/17
f 725/37/15 724/36/16 723/35/16
f 727/39/14 726/69/15 725/37/15
f 729/40/13 728/38/14 727/39/14
f 731/42/12 730/41/13 729/40/13
f 733/44/11 732/43/12 731/42/12
f 735/46/10 734/45/11 733/44/11
f 737/48/9 736/47/10 735/46/10
f 739/50/8 738/70/9 737/48/9
f 741/51/7 740/49/8 739/50/8
f 743/53/6 742/52/7 741/51/7
f 745/55/5 744/54/6 743/53/6
f 747/57/4 746/71/5 745/55/5
f 749/59/3 748/56/4 747/57/4
f 722/183/32 738/184/32 690/185/32
f 751/63/2 750/58/3 749/59/3
f 689/65/1 752/64/2 751/63/2
f 739/189/34 723/186/34 707/187/34
f 755/2/33 754/1/1 753/3/1
f 757/5/31 756/4/33 755/2/33
f 759/7/30 758/6/31 757/5/31
f 761/9/29 760/8/30 759/7/30
f 763/11/28 762/10/29 761/9/29
f 765/13/27 764/12/28 763/11/28
f 767/15/26 766/14/27 765/13/27
f 769/17/25 768/16/26 767/15/26
f 771/19/24 770/18/25 769/17/25
f 773/21/23 772/20/24 771/19/24
f 775/23/22 774/22/23 773/21/23
f 777/25/21 776/24/22 775/23/22
f 779/27/20 778/26/21 777/25/21
f 781/29/19 780/28/20 779/27/20
f 783/31/18 782/30/19 781/29/19
f 785/33/17 784/32/18 783/31/18
f 787/35/16 786/34/17 785/33/17
f 789/37/15 788/36/16 787/35/16
f 791/39/14 790/69/15 789/37/15
f 793/40/13 792/38/14 791/39/14
f 795/42/12 794/41/13 793/40/13
f 797/44/11 796/43/12 795/42/12
f 799/46/10 798/45/11 797/44/11
f 801/48/9 800/47/10 799/46/10
f 803/50/8 802/70/9 801/48/9
f 805/51/7 804/49/8 803/50/8
f 807/53/6 806/52/7 805/51/7
f 809/55/5 808/54/6 807/53/6
f 811/57/4 810/71/5 809/55/5
f 813/59/3 812/56/4 811/57/4
f 754/185/32 770/190/32 786/183/32
f 815/63/2 814/58/3 813/59/3
f 753/65/1 816/64/2 815/63/2
f 755/188/34 803/189/34 787/186/34
f 563/2/33 564/4/33 562/1/1
f 565/5/31 566/6/31 564/4/33
f 567/7/30 568/8/30 566/6/31
f 569/9/29 570/10/29 568/8/30
f 571/11/28 572/12/28 570/10/29
f 573/13/27 574/14/27 572/12/28
f 575/15/26 576/16/26 574/14/27
f 577/17/25 578/18/25 576/16/26
f 579/19/24 580/20/24 578/18/25
f 581/21/23 582/22/23 580/20/24
f 583/23/22 584/24/22 582/22/23
f 585/25/21 586/26/21 584/24/22
f 587/27/20 588/28/20 586/26/21
f 589/29/19 590/30/19 588/28/20
f 591/31/18 592/32/18 590/30/19
f 593/33/17 594/34/17 592/32/18
f 595/35/16 596/36/16 594/34/17
f 597/37/15 598/69/15 596/36/16
f 597/37/15 599/39/14 600/38/14
f 601/40/13 602/41/13 600/38/14
f 603/42/12 604/43/12 602/41/13
f 605/44/11 606/45/11 604/43/12
f 607/46/10 608/47/10 606/45/11
f 609/48/9 610/70/9 608/47/10
f 609/48/9 611/50/8 612/49/8
f 613/51/7 614/52/7 612/49/8
f 615/53/6 616/54/6 614/52/7
f 617/55/5 618/71/5 616/54/6
f 617/55/5 619/57/4 620/56/4
f 619/57/4 621/59/3 622/58/3
f 562/185/32 564/191/32 566/62/32
f 566/62/32 568/213/32 562/185/32
f 568/213/32 570/212/32 562/185/32
f 570/212/32 572/211/32 574/72/32
f 574/72/32 576/210/32 570/212/32
f 576/210/32 578/190/32 570/212/32
f 578/190/32 580/209/32 586/207/32
f 580/209/32 582/61/32 586/207/32
f 582/61/32 584/208/32 586/207/32
f 586/207/32 588/206/32 594/183/32
f 588/206/32 590/205/32 594/183/32
f 590/205/32 592/204/32 594/183/32
f 594/183/32 596/203/32 598/60/32
f 598/60/32 600/202/32 602/201/32
f 602/201/32 604/200/32 610/184/32
f 604/200/32 606/199/32 610/184/32
f 606/199/32 608/198/32 610/184/32
f 610/184/32 612/197/32 614/74/32
f 614/74/32 616/196/32 610/184/32
f 616/196/32 618/195/32 610/184/32
f 618/195/32 620/194/32 622/192/32
f 622/192/32 624/193/32 562/185/32
f 594/183/32 598/60/32 610/184/32
f 598/60/32 602/201/32 610/184/32
f 618/195/32 622/192/32 610/184/32
f 622/192/32 562/185/32 610/184/32
f 562/185/32 570/212/32 594/183/32
f 570/212/32 578/190/32 594/183/32
f 578/190/32 586/207/32 594/183/32
f 623/63/2 624/64/2 622/58/3
f 561/65/1 562/214/1 624/64/2
f 563/188/34 561/215/34 623/66/34
f 623/66/34 621/238/34 563/188/34
f 621/238/34 619/237/34 563/188/34
f 619/237/34 617/236/34 615/234/34
f 615/234/34 613/235/34 611/189/34
f 611/189/34 609/233/34 603/231/34
f 609/233/34 607/73/34 603/231/34
f 607/73/34 605/232/34 603/231/34
f 603/231/34 601/230/34 599/229/34
f 599/229/34 597/228/34 603/231/34
f 597/228/34 595/186/34 603/231/34
f 595/186/34 593/227/34 587/225/34
f 593/227/34 591/68/34 587/225/34
f 591/68/34 589/226/34 587/225/34
f 587/225/34 585/224/34 579/187/34
f 585/224/34 583/223/34 579/187/34
f 583/223/34 581/222/34 579/187/34
f 579/187/34 577/221/34 575/67/34
f 575/67/34 573/220/34 571/219/34
f 571/219/34 569/218/34 563/188/34
f 569/218/34 567/217/34 563/188/34
f 567/217/34 565/216/34 563/188/34
f 619/237/34 615/234/34 563/188/34
f 615/234/34 611/189/34 563/188/34
f 579/187/34 575/67/34 563/188/34
f 575/67/34 571/219/34 563/188/34
f 611/189/34 603/231/34 563/188/34
f 603/231/34 595/186/34 563/188/34
f 595/186/34 587/225/34 579/187/34
f 627/2/33 628/4/33 626/1/1
f 629/5/31 630/6/31 628/4/33
f 631/7/30 632/8/30 630/6/31
f 633/9/29 634/10/29 632/8/30
f 635/11/28 636/12/28 634/10/29
f 637/13/27 638/14/27 636/12/28
f 639/15/26 640/16/26 638/14/27
f 641/17/25 642/18/25 640/16/26
f 643/19/24 644/20/24 642/18/25
f 645/21/23 646/22/23 644/20/24
f 647/23/22 648/24/22 646/22/23
f 649/25/21 650/26/21 648/24/22
f 651/27/20 652/28/20 650/26/21
f 653/29/19 654/30/19 652/28/20
f 655/31/18 656/32/18 654/30/19
f 657/33/17 658/34/17 656/32/18
f 659/35/16 660/36/16 658/34/17
f 661/37/15 662/69/15 660/36/16
f 663/39/14 664/38/14 662/69/15
f 665/40/13 666/41/13 664/38/14
f 667/42/12 668/43/12 666/41/13
f 669/44/11 670/45/11 668/43/12
f 671/46/10 672/47/10 670/45/11
f 673/48/9 674/70/9 672/47/10
f 675/50/8 676/49/8 674/70/9
f 677/51/7 678/52/7 676/49/8
f 679/53/6 680/54/6 678/52/7
f 681/55/5 682/71/5 680/54/6
f 683/57/4 684/56/4 682/71/5
f 685/59/3 686/58/3 684/56/4
f 626/185/32 628/191/32 630/62/32
f 630/62/32 632/213/32 634/212/32
f 634/212/32 636/211/32 638/72/32
f 638/72/32 640/210/32 642/190/32
f 642/190/32 644/209/32 646/61/32
f 646/61/32 648/208/32 642/190/32
f 648/208/32 650/207/32 642/190/32
f 650/207/32 652/206/32 654/205/32
f 654/205/32 656/204/32 658/183/32
f 658/183/32 660/203/32 662/60/32
f 662/60/32 664/202/32 666/201/32
f 666/201/32 668/200/32 674/184/32
f 668/200/32 670/199/32 674/184/32
f 670/199/32 672/198/32 674/184/32
f 674/184/32 676/197/32 678/74/32
f 678/74/32 680/196/32 682/195/32
f 682/195/32 684/194/32 686/192/32
f 686/192/32 688/193/32 626/185/32
f 626/185/32 630/62/32 642/190/32
f 630/62/32 634/212/32 642/190/32
f 634/212/32 638/72/32 642/190/32
f 650/207/32 654/205/32 642/190/32
f 654/205/32 658/183/32 642/190/32
f 658/183/32 662/60/32 674/184/32
f 662/60/32 666/201/32 674/184/32
f 674/184/32 678/74/32 682/195/32
f 682/195/32 686/192/32 674/184/32
f 686/192/32 626/185/32 674/184/32
f 626/185/32 642/190/32 658/183/32
f 687/63/2 688/64/2 686/58/3
f 625/65/1 626/214/1 688/64/2
f 627/188/34 625/215/34 687/66/34
f 687/66/34 685/238/34 627/188/34
f 685/238/34 683/237/34 627/188/34
f 683/237/34 681/236/34 679/234/34
f 679/234/34 677/235/34 683/237/34
f 677/235/34 675/189/34 683/237/34
f 675/189/34 673/233/34 671/73/34
f 671/73/34 669/232/34 675/189/34
f 669/232/34 667/231/34 675/189/34
f 667/231/34 665/230/34 663/229/34
f 663/229/34 661/228/34 667/231/34
f 661/228/34 659/186/34 667/231/34
f 659/186/34 657/227/34 655/68/34
f 655/68/34 653/226/34 659/186/34
f 653/226/34 651/225/34 659/186/34
f 651/225/34 649/224/34 647/223/34
f 647/223/34 645/222/34 643/187/34
f 643/187/34 641/221/34 639/67/34
f 639/67/34 637/220/34 643/187/34
f 637/220/34 635/219/34 643/187/34
f 635/219/34 633/218/34 631/217/34
f 631/217/34 629/216/34 635/219/34
f 629/216/34 627/188/34 635/219/34
f 651/225/34 647/223/34 659/186/34
f 647/223/34 643/187/34 659/186/34
f 627/188/34 683/237/34 675/189/34
f 675/189/34 667/231/34 627/188/34
f 667/231/34 659/186/34 627/188/34
f 643/187/34 635/219/34 627/188/34
f 691/2/33 692/4/33 690/1/1
f 693/5/31 694/6/31 692/4/33
f 695/7/30 696/8/30 694/6/31
f 697/9/29 698/10/29 696/8/30
f 699/11/28 700/12/28 698/10/29
f 701/13/27 702/14/27 700/12/28
f 703/15/26 704/16/26 702/14/27
f 705/17/25 706/18/25 704/16/26
f 707/19/24 708/20/24 706/18/25
f 709/21/23 710/22/23 708/20/24
f 711/23/22 712/24/22 710/22/23
f 713/25/21 714/26/21 712/24/22
f 715/27/20 716/28/20 714/26/21
f 717/29/19 718/30/19 716/28/20
f 719/31/18 720/32/18 718/30/19
f 721/33/17 722/34/17 720/32/18
f 723/35/16 724/36/16 722/34/17
f 725/37/15 726/69/15 724/36/16
f 727/39/14 728/38/14 726/69/15
f 729/40/13 730/41/13 728/38/14
f 731/42/12 732/43/12 730/41/13
f 733/44/11 734/45/11 732/43/12
f 735/46/10 736/47/10 734/45/11
f 737/48/9 738/70/9 736/47/10
f 739/50/8 740/49/8 738/70/9
f 741/51/7 742/52/7 740/49/8
f 743/53/6 744/54/6 742/52/7
f 745/55/5 746/71/5 744/54/6
f 747/57/4 748/56/4 746/71/5
f 749/59/3 750/58/3 748/56/4
f 690/185/32 692/191/32 694/62/32
f 694/62/32 696/213/32 690/185/32
f 696/213/32 698/212/32 690/185/32
f 698/212/32 700/211/32 702/72/32
f 702/72/32 704/210/32 706/190/32
f 706/190/32 708/209/32 710/61/32
f 710/61/32 712/208/32 714/207/32
f 714/207/32 716/206/32 722/183/32
f 716/206/32 718/205/32 722/183/32
f 718/205/32 720/204/32 722/183/32
f 722/183/32 724/203/32 726/60/32
f 726/60/32 728/202/32 730/201/32
f 730/201/32 732/200/32 734/199/32
f 734/199/32 736/198/32 738/184/32
f 738/184/32 740/197/32 742/74/32
f 742/74/32 744/196/32 738/184/32
f 744/196/32 746/195/32 738/184/32
f 746/195/32 748/194/32 750/192/32
f 750/192/32 752/193/32 690/185/32
f 698/212/32 702/72/32 690/185/32
f 702/72/32 706/190/32 690/185/32
f 706/190/32 710/61/32 722/183/32
f 710/61/32 714/207/32 722/183/32
f 722/183/32 726/60/32 730/201/32
f 730/201/32 734/199/32 722/183/32
f 734/199/32 738/184/32 722/183/32
f 746/195/32 750/192/32 738/184/32
f 750/192/32 690/185/32 738/184/32
f 690/185/32 706/190/32 722/183/32
f 751/63/2 752/64/2 750/58/3
f 689/65/1 690/214/1 752/64/2
f 691/188/34 689/215/34 751/66/34
f 751/66/34 749/238/34 691/188/34
f 749/238/34 747/237/34 691/188/34
f 747/237/34 745/236/34 743/234/34
f 743/234/34 741/235/34 739/189/34
f 739/189/34 737/233/34 735/73/34
f 735/73/34 733/232/34 739/189/34
f 733/232/34 731/231/34 739/189/34
f 731/231/34 729/230/34 727/229/34
f 727/229/34 725/228/34 731/231/34
f 725/228/34 723/186/34 731/231/34
f 723/186/34 721/227/34 715/225/34
f 721/227/34 719/68/34 715/225/34
f 719/68/34 717/226/34 715/225/34
f 715/225/34 713/224/34 711/223/34
f 711/223/34 709/222/34 715/225/34
f 709/222/34 707/187/34 715/225/34
f 707/187/34 705/221/34 703/67/34
f 703/67/34 701/220/34 707/187/34
f 701/220/34 699/219/34 707/187/34
f 699/219/34 697/218/34 695/217/34
f 695/217/34 693/216/34 699/219/34
f 693/216/34 691/188/34 699/219/34
f 747/237/34 743/234/34 691/188/34
f 743/234/34 739/189/34 691/188/34
f 739/189/34 731/231/34 723/186/34
f 723/186/34 715/225/34 707/187/34
f 707/187/34 699/219/34 691/188/34
f 691/188/34 739/189/34 707/187/34
f 755/2/33 756/4/33 754/1/1
f 757/5/31 758/6/31 756/4/33
f 759/7/30 760/8/30 758/6/31
f 761/9/29 762/10/29 760/8/30
f 763/11/28 764/12/28 762/10/29
f 765/13/27 766/14/27 764/12/28
f 767/15/26 768/16/26 766/14/27
f 769/17/25 770/18/25 768/16/26
f 771/19/24 772/20/24 770/18/25
f 773/21/23 774/22/23 772/20/24
f 775/23/22 776/24/22 774/22/23
f 777/25/21 778/26/21 776/24/22
f 779/27/20 780/28/20 778/26/21
f 781/29/19 782/30/19 780/28/20
f 783/31/18 784/32/18 782/30/19
f 785/33/17 786/34/17 784/32/18
f 787/35/16 788/36/16 786/34/17
f 789/37/15 790/69/15 788/36/16
f 791/39/14 792/38/14 790/69/15
f 793/40/13 794/41/13 792/38/14
f 795/42/12 796/43/12 794/41/13
f 797/44/11 798/45/11 796/43/12
f 799/46/10 800/47/10 798/45/11
f 801/48/9 802/70/9 800/47/10
f 803/50/8 804/49/8 802/70/9
f 805/51/7 806/52/7 804/49/8
f 807/53/6 808/54/6 806/52/7
f 809/55/5 810/71/5 808/54/6
f 811/57/4 812/56/4 810/71/5
f 813/59/3 814/58/3 812/56/4
f 754/185/32 756/191/32 762/212/32
f 756/191/32 758/62/32 762/212/32
f 758/62/32 760/213/32 762/212/32
f 762/212/32 764/211/32 766/72/32
f 766/72/32 768/210/32 770/190/32
f 770/190/32 772/209/32 774/61/32
f 774/61/32 776/208/32 778/207/32
f 778/207/32 780/206/32 782/205/32
f 782/205/32 784/204/32 786/183/32
f 786/183/32 788/203/32 790/60/32
f 790/60/32 792/202/32 786/183/32
f 792/202/32 794/201/32 786/183/32
f 794/201/32 796/200/32 798/199/32
f 798/199/32 800/198/32 802/184/32
f 802/184/32 804/197/32 810/195/32
f 804/197/32 806/74/32 810/195/32
f 806/74/32 808/196/32 810/195/32
f 810/195/32 812/194/32 814/192/32
f 814/192/32 816/193/32 810/195/32
f 816/193/32 754/185/32 810/195/32
f 762/212/32 766/72/32 770/190/32
f 770/190/32 774/61/32 778/207/32
f 778/207/32 782/205/32 770/190/32
f 782/205/32 786/183/32 770/190/32
f 794/201/32 798/199/32 786/183/32
f 798/199/32 802/184/32 786/183/32
f 754/185/32 762/212/32 770/190/32
f 802/184/32 810/195/32 786/183/32
f 810/195/32 754/185/32 786/183/32
f 815/63/2 816/64/2 814/58/3
f 753/65/1 754/214/1 816/64/2
f 755/188/34 753/215/34 815/66/34
f 815/66/34 813/238/34 811/237/34
f 811/237/34 809/236/34 803/189/34
f 809/236/34 807/234/34 803/189/34
f 807/234/34 805/235/34 803/189/34
f 803/189/34 801/233/34 799/73/34
f 799/73/34 797/232/34 803/189/34
f 797/232/34 795/231/34 803/189/34
f 795/231/34 793/230/34 791/229/34
f 791/229/34 789/228/34 787/186/34
f 787/186/34 785/227/34 783/68/34
f 783/68/34 781/226/34 787/186/34
f 781/226/34 779/225/34 787/186/34
f 779/225/34 777/224/34 775/223/34
f 775/223/34 773/222/34 779/225/34
f 773/222/34 771/187/34 779/225/34
f 771/187/34 769/221/34 763/219/34
f 769/221/34 767/67/34 763/219/34
f 767/67/34 765/220/34 763/219/34
f 763/219/34 761/218/34 755/188/34
f 761/218/34 759/217/34 755/188/34
f 759/217/34 757/216/34 755/188/34
f 755/188/34 815/66/34 803/189/34
f 815/66/34 811/237/34 803/189/34
f 795/231/34 791/229/34 803/189/34
f 791/229/34 787/186/34 803/189/34
f 787/186/34 779/225/34 755/188/34
f 779/225/34 771/187/34 755/188/34
f 771/187/34 763/219/34 755/188/34
usemtl マテリアル.004
f 911/76/413 818/75/414 910/76/415
f 917/78/416 833/77/417 994/79/418
f 923/80/419 822/81/420 824/81/420
f 959/83/421 894/82/422 982/84/423
f 965/86/424 896/85/425 976/87/426
f 902/89/427 883/88/427 884/89/427
f 829/88/427 856/89/427 857/88/427
f 1078/79/428 833/77/429 851/77/429
f 1012/91/430 887/90/431 1072/91/432
f 869/92/433 891/93/433 868/93/433
f 839/94/434 841/85/434 842/94/434
f 952/78/435 866/95/436 1066/78/437
f 900/97/438 880/96/438 881/97/439
f 831/98/440 853/90/440 854/98/440
f 958/99/441 884/89/442 1060/99/443
f 988/100/444 869/92/445 1054/100/446
f 890/95/447 865/77/447 866/95/447
f 1006/101/448 840/85/449 839/94/449
f 946/103/450 838/82/451 837/108/452
f 1018/104/453 836/92/454 835/93/455
f 952/78/456 889/77/457 890/95/457
f 953/106/458 892/92/459 988/100/460
f 841/85/461 843/107/462 842/94/463
f 844/82/464 846/109/465 845/108/466
f 847/92/467 849/110/468 848/93/469
f 850/95/470 852/111/470 851/77/470
f 853/90/471 855/112/471 854/98/471
f 856/89/472 858/113/472 857/88/472
f 859/97/473 861/114/474 860/96/475
f 862/115/476 864/117/476 863/116/476
f 865/77/477 867/111/477 866/95/477
f 868/93/478 870/110/479 869/92/480
f 871/108/481 873/109/482 872/82/483
f 874/118/484 876/107/485 875/85/486
f 877/116/487 879/117/487 878/115/487
f 880/96/488 882/114/489 881/97/490
f 883/88/491 885/113/491 884/89/491
f 886/98/492 888/112/492 887/90/492
f 964/119/493 881/97/494 1048/119/5
f 898/115/178 877/116/178 878/115/178
f 833/77/447 850/95/447 851/77/447
f 982/84/495 872/82/496 1042/84/497
f 1120/120/498 825/116/499 863/116/499
f 970/121/500 878/115/501 1036/121/502
f 825/116/178 862/115/178 863/116/178
f 1114/101/503 839/94/504 842/94/504
f 821/151/505 823/151/505 842/94/463
f 1097/119/506 863/116/507 859/97/508
f 841/85/461 845/108/466 875/85/486
f 923/80/509 862/115/510 1109/121/511
f 1085/99/512 860/96/513 856/89/514
f 844/82/464 848/93/469 872/82/483
f 1096/123/515 853/90/516 1073/91/517
f 847/92/467 851/77/518 869/92/480
f 911/76/519 854/98/520 820/75/521
f 867/111/522 852/111/523 850/95/524
f 818/75/525 820/75/525 854/98/525
f 853/90/526 857/88/527 887/90/527
f 856/89/528 860/96/475 884/89/528
f 859/97/473 863/116/529 881/97/490
f 879/117/530 864/117/530 862/115/531
f 1049/123/532 887/90/533 883/88/534
f 910/76/535 886/98/536 1061/124/537
f 1060/99/538 880/96/539 1037/122/540
f 1048/119/541 877/116/542 1025/120/543
f 929/80/544 878/115/545 822/81/546
f 1084/124/547 831/98/548 854/98/548
f 837/108/549 844/82/549 845/108/549
f 872/82/549 893/108/549 871/108/549
f 1090/104/550 835/93/551 848/93/551
f 1096/123/435 829/88/121 857/88/121
f 827/96/438 859/97/438 860/96/438
f 904/90/440 886/98/440 887/90/440
f 1102/103/552 837/108/553 845/108/553
f 835/93/433 847/92/433 848/93/433
f 896/85/434 874/118/434 875/85/434
f 1108/122/554 827/96/555 860/96/555
f 976/87/556 875/85/557 1030/87/558
f 877/116/499 971/120/498 1025/120/559
f 1025/120/559 972/126/560 1026/126/560
f 1026/126/560 973/127/561 1027/127/561
f 973/127/561 1028/128/561 1027/127/561
f 974/128/561 1029/129/560 1028/128/561
f 975/129/560 1030/87/558 1029/129/560
f 838/82/496 1103/84/495 844/82/496
f 1019/84/497 1104/130/560 1103/84/495
f 1020/130/560 1105/131/560 1104/130/560
f 1021/131/560 1106/132/560 1105/131/560
f 1106/132/560 1023/133/560 1107/133/560
f 1107/133/560 1024/122/562 1108/122/554
f 828/97/494 1097/119/493 859/97/494
f 941/119/5 1098/134/561 1097/119/493
f 942/134/561 1099/135/561 1098/134/561
f 943/135/561 1100/136/561 1099/135/561
f 1100/136/561 945/137/561 1101/137/561
f 1101/137/561 946/103/563 1102/103/552
f 836/92/445 1091/100/444 847/92/445
f 995/100/446 1092/138/564 1091/100/444
f 996/138/564 1093/139/564 1092/138/564
f 997/139/564 1094/140/564 1093/139/564
f 1094/140/564 999/141/564 1095/141/564
f 1095/141/564 1000/123/565 1096/123/435
f 830/89/442 1085/99/441 856/89/442
f 1013/99/566 1086/142/567 1085/99/441
f 1014/142/567 1087/143/567 1086/142/567
f 1015/143/567 1088/144/567 1087/143/567
f 1088/144/567 1017/145/567 1089/145/567
f 1089/145/567 1018/104/429 1090/104/550
f 834/95/436 1079/78/435 850/95/436
f 917/78/437 1080/146/560 1079/78/435
f 918/146/560 1081/147/560 1080/146/560
f 919/147/560 1082/148/560 1081/147/560
f 1082/148/560 921/149/560 1083/149/560
f 1083/149/560 922/124/568 1084/124/547
f 874/118/569 934/150/570 821/151/571
f 1031/86/572 933/152/573 934/150/570
f 933/152/573 1033/153/574 932/155/575
f 932/155/575 1034/156/576 931/157/577
f 931/157/577 1035/158/578 930/159/579
f 930/159/579 1036/121/580 929/80/544
f 871/108/581 1030/87/582 875/85/583
f 1043/83/584 1029/129/585 1030/87/582
f 1044/137/586 1028/128/587 1029/129/585
f 1045/136/588 1027/127/589 1028/128/587
f 1046/135/590 1026/126/591 1027/127/589
f 1047/134/592 1025/120/543 1026/126/591
f 872/82/593 1055/106/594 1042/84/595
f 1042/84/595 1056/160/596 1041/130/597
f 1056/160/596 1040/131/598 1041/130/597
f 1057/162/599 1039/161/600 1040/131/598
f 1058/143/601 1038/163/602 1039/161/600
f 1059/164/603 1037/122/540 1038/163/602
f 866/95/604 905/165/605 1066/78/606
f 1066/78/606 906/166/607 1065/146/608
f 1065/146/608 907/167/609 1064/147/610
f 907/167/609 1063/148/611 1064/147/610
f 908/168/612 1062/149/613 1063/148/611
f 909/169/614 1061/124/537 1062/149/613
f 865/77/615 1054/100/616 869/92/617
f 1067/105/618 1053/138/619 1054/100/616
f 1053/138/619 1069/170/620 1052/139/621
f 1052/139/621 1070/172/622 1051/140/623
f 1051/140/623 1071/173/624 1050/141/625
f 1050/141/625 1072/91/626 1049/123/532
f 850/95/627 916/165/628 819/125/629
f 1079/78/630 915/166/631 916/165/628
f 1080/146/632 914/167/633 915/166/631
f 914/167/633 1082/148/634 913/168/635
f 913/168/635 1083/149/636 912/169/637
f 912/169/637 1084/124/638 911/76/519
f 851/77/639 1091/100/640 1078/79/641
f 1078/79/641 1092/138/642 1077/175/643
f 1092/138/642 1076/174/644 1077/175/643
f 1093/139/645 1075/176/646 1076/174/644
f 1094/140/647 1074/173/648 1075/176/646
f 1095/141/649 1073/91/517 1074/173/648
f 844/82/650 1090/104/651 848/93/652
f 1103/84/653 1089/145/654 1090/104/651
f 1089/145/654 1105/131/655 1088/144/656
f 1088/144/656 1106/132/657 1087/143/658
f 1087/143/658 1107/133/659 1086/142/660
f 1086/142/660 1108/122/661 1085/99/512
f 842/94/662 928/150/663 1114/101/664
f 1114/101/664 927/152/665 1113/178/666
f 927/152/665 1112/177/667 1113/178/666
f 926/179/668 1111/156/669 1112/177/667
f 925/157/670 1110/158/671 1111/156/669
f 924/159/672 1109/121/511 1110/158/671
f 845/108/673 1115/102/674 1102/103/675
f 1102/103/675 1116/180/676 1101/137/677
f 1101/137/677 1117/181/678 1100/136/679
f 1100/136/679 1118/182/680 1099/135/681
f 1099/135/681 1119/126/682 1098/134/683
f 1098/134/683 1120/120/684 1097/119/506
f 826/115/501 1109/121/500 862/115/501
f 1001/121/502 1110/158/561 1109/121/500
f 1002/158/561 1111/156/561 1110/158/561
f 1003/156/561 1112/177/561 1111/156/561
f 1112/177/561 1005/178/561 1113/178/561
f 1113/178/561 1006/101/685 1114/101/503
f 874/118/504 965/86/503 1031/86/685
f 1031/86/685 966/154/561 1032/154/561
f 1032/154/561 967/153/560 1033/153/560
f 967/153/560 1034/156/560 1033/153/560
f 968/156/560 1035/158/561 1034/156/560
f 969/158/561 1036/121/502 1035/158/561
f 840/85/557 1115/102/556 841/85/557
f 935/102/558 1116/180/560 1115/102/556
f 936/180/560 1117/181/560 1116/180/560
f 937/181/560 1118/182/560 1117/181/560
f 1118/182/560 939/126/560 1119/126/560
f 1119/126/560 940/120/559 1120/120/498
f 880/96/555 977/122/554 1037/122/562
f 1037/122/562 978/163/560 1038/163/560
f 1038/163/560 979/161/561 1039/161/561
f 979/161/561 1040/131/561 1039/161/561
f 980/131/561 1041/130/560 1040/131/561
f 981/130/560 1042/84/497 1041/130/560
f 871/108/553 959/83/552 1043/83/563
f 1043/83/563 960/137/561 1044/137/561
f 1044/137/561 961/136/560 1045/136/560
f 961/136/560 1046/135/560 1045/136/560
f 962/135/560 1047/134/561 1046/135/560
f 963/134/561 1048/119/5 1047/134/561
f 901/88/686 958/99/687 983/123/688
f 983/123/688 957/164/689 984/141/690
f 984/141/690 956/143/691 985/140/692
f 985/140/692 955/162/693 986/139/694
f 986/139/694 954/160/695 987/138/696
f 987/138/696 953/106/458 988/100/460
f 903/98/697 1012/91/698 947/124/699
f 947/124/699 1011/173/700 948/149/701
f 948/149/701 1010/172/702 949/148/703
f 949/148/703 1009/170/704 950/147/705
f 950/147/705 1008/171/706 951/146/707
f 951/146/707 1007/105/708 952/78/456
f 829/88/709 1013/99/710 830/89/711
f 1000/123/712 1014/142/713 1013/99/710
f 999/141/714 1015/143/715 1014/142/713
f 998/140/716 1016/144/717 1015/143/715
f 997/139/718 1017/145/719 1016/144/717
f 996/138/720 1018/104/453 1017/145/719
f 828/97/721 1024/122/722 941/119/723
f 941/119/723 1023/133/724 942/134/725
f 942/134/725 1022/132/726 943/135/727
f 943/135/727 1021/131/728 944/136/729
f 944/136/729 1020/130/730 945/137/731
f 945/137/731 1019/84/732 946/103/450
f 826/115/733 940/120/734 1001/121/735
f 1001/121/735 939/126/736 1002/158/737
f 1002/158/737 938/182/738 1003/156/739
f 1003/156/739 937/181/740 1004/177/741
f 1004/177/741 936/180/742 1005/178/743
f 1005/178/743 935/102/744 1006/101/448
f 883/88/121 983/123/435 1049/123/565
f 1049/123/565 984/141/564 1050/141/564
f 1050/141/564 985/140/567 1051/140/567
f 985/140/567 1052/139/567 1051/140/567
f 986/139/567 1053/138/564 1052/139/567
f 987/138/564 1054/100/446 1053/138/564
f 868/93/551 953/106/550 1055/106/429
f 1055/106/429 954/160/567 1056/160/567
f 1056/160/567 955/162/564 1057/162/564
f 955/162/564 1058/143/564 1057/162/564
f 956/143/564 1059/164/567 1058/143/564
f 957/164/567 1060/99/443 1059/164/567
f 886/98/548 947/124/547 1061/124/568
f 1061/124/568 948/149/560 1062/149/560
f 1062/149/560 949/148/561 1063/148/561
f 949/148/561 1064/147/561 1063/148/561
f 950/147/561 1065/146/560 1064/147/561
f 951/146/560 1066/78/437 1065/146/560
f 865/77/429 1007/105/428 1067/105/745
f 1067/105/745 1008/171/561 1068/171/561
f 1068/171/561 1009/170/560 1069/170/560
f 1009/170/560 1070/172/560 1069/170/560
f 1010/172/560 1071/173/561 1070/172/560
f 1011/173/561 1072/91/432 1071/173/561
f 832/90/431 1073/91/430 853/90/431
f 989/91/432 1074/173/561 1073/91/430
f 990/173/561 1075/176/561 1074/173/561
f 991/176/561 1076/174/561 1075/176/561
f 1076/174/561 993/175/561 1077/175/561
f 1077/175/561 994/79/745 1078/79/428
f 898/115/746 971/120/747 897/116/748
f 970/121/749 972/126/750 971/120/747
f 969/158/751 973/127/752 972/126/750
f 968/156/753 974/128/754 973/127/752
f 967/153/755 975/129/756 974/128/754
f 966/154/757 976/87/426 975/129/756
f 900/97/758 977/122/759 899/96/760
f 964/119/761 978/163/762 977/122/759
f 963/134/763 979/161/764 978/163/762
f 962/135/765 980/131/766 979/161/764
f 961/136/767 981/130/768 980/131/766
f 960/137/769 982/84/423 981/130/768
f 821/151/770 928/150/771 823/151/770
f 934/150/772 927/152/560 928/150/771
f 933/152/560 926/179/560 927/152/560
f 932/155/560 925/157/560 926/179/560
f 925/157/560 930/159/560 924/159/560
f 924/159/560 929/80/773 923/80/419
f 831/98/774 989/91/775 832/90/774
f 922/124/776 990/173/777 989/91/775
f 921/149/778 991/176/779 990/173/777
f 920/148/780 992/174/781 991/176/779
f 919/147/782 993/175/783 992/174/781
f 918/146/784 994/79/418 993/175/783
f 817/125/785 916/165/786 905/165/787
f 905/165/787 915/166/561 906/166/561
f 906/166/561 914/167/561 907/167/561
f 914/167/561 908/168/561 907/167/561
f 913/168/561 909/169/561 908/168/561
f 912/169/561 910/76/415 909/169/561
f 911/76/413 820/75/414 818/75/414
f 917/78/416 834/95/417 833/77/417
f 923/80/419 929/80/773 822/81/420
f 959/83/421 893/108/806 894/82/422
f 965/86/424 895/94/425 896/85/425
f 902/89/427 901/88/427 883/88/427
f 829/88/427 830/89/427 856/89/427
f 1078/79/428 994/79/745 833/77/429
f 1012/91/430 904/90/431 887/90/431
f 869/92/433 892/92/433 891/93/433
f 839/94/434 840/85/434 841/85/434
f 952/78/435 890/95/436 866/95/436
f 900/97/438 899/96/438 880/96/438
f 831/98/440 832/90/440 853/90/440
f 958/99/441 902/89/442 884/89/442
f 988/100/444 892/92/445 869/92/445
f 890/95/447 889/77/447 865/77/447
f 1006/101/448 935/102/744 840/85/449
f 946/103/450 1019/84/732 838/82/451
f 1018/104/453 995/100/807 836/92/454
f 952/78/456 1007/105/708 889/77/457
f 953/106/458 891/93/808 892/92/459
f 964/119/493 900/97/494 881/97/494
f 898/115/178 897/116/178 877/116/178
f 833/77/447 834/95/447 850/95/447
f 982/84/495 894/82/496 872/82/496
f 1120/120/498 940/120/559 825/116/499
f 970/121/500 898/115/501 878/115/501
f 825/116/178 826/115/178 862/115/178
f 1114/101/503 1006/101/685 839/94/504
f 842/94/463 843/107/462 876/107/485
f 876/107/485 874/118/484 842/94/463
f 874/118/484 821/151/505 842/94/463
f 1097/119/506 1120/120/684 863/116/507
f 845/108/466 846/109/465 873/109/482
f 873/109/482 871/108/481 845/108/466
f 871/108/481 875/85/486 845/108/466
f 875/85/486 876/107/485 843/107/462
f 843/107/462 841/85/461 875/85/486
f 923/80/509 824/81/809 862/115/510
f 1085/99/512 1108/122/661 860/96/513
f 848/93/469 849/110/468 870/110/479
f 870/110/479 868/93/478 848/93/469
f 868/93/478 872/82/483 848/93/469
f 872/82/483 873/109/482 846/109/465
f 846/109/465 844/82/464 872/82/483
f 1096/123/515 857/88/810 853/90/516
f 851/77/518 852/111/523 867/111/522
f 867/111/522 865/77/518 851/77/518
f 865/77/518 869/92/480 851/77/518
f 869/92/480 870/110/479 849/110/468
f 849/110/468 847/92/467 869/92/480
f 911/76/519 1084/124/638 854/98/520
f 850/95/524 819/125/524 817/125/524
f 817/125/524 866/95/524 850/95/524
f 866/95/524 867/111/522 850/95/524
f 854/98/525 855/112/525 888/112/525
f 888/112/525 886/98/525 854/98/525
f 886/98/525 818/75/525 854/98/525
f 857/88/527 858/113/527 885/113/527
f 885/113/527 883/88/527 857/88/527
f 883/88/527 887/90/527 857/88/527
f 887/90/527 888/112/527 855/112/526
f 855/112/526 853/90/526 887/90/527
f 860/96/475 861/114/474 882/114/489
f 882/114/489 880/96/488 860/96/475
f 880/96/488 884/89/528 860/96/475
f 884/89/528 885/113/528 858/113/528
f 858/113/528 856/89/528 884/89/528
f 863/116/529 864/117/530 879/117/530
f 879/117/530 877/116/529 863/116/529
f 877/116/529 881/97/490 863/116/529
f 881/97/490 882/114/489 861/114/474
f 861/114/474 859/97/473 881/97/490
f 862/115/531 824/81/531 822/81/531
f 822/81/531 878/115/531 862/115/531
f 878/115/531 879/117/530 862/115/531
f 1049/123/532 1072/91/626 887/90/533
f 910/76/535 818/75/811 886/98/536
f 1060/99/538 884/89/812 880/96/539
f 1048/119/541 881/97/813 877/116/542
f 929/80/544 1036/121/580 878/115/545
f 1084/124/547 922/124/568 831/98/548
f 837/108/549 838/82/549 844/82/549
f 872/82/549 894/82/549 893/108/549
f 1090/104/550 1018/104/429 835/93/551
f 1096/123/435 1000/123/565 829/88/121
f 827/96/438 828/97/439 859/97/438
f 904/90/440 903/98/440 886/98/440
f 1102/103/552 946/103/563 837/108/553
f 835/93/433 836/92/433 847/92/433
f 896/85/434 895/94/434 874/118/434
f 1108/122/554 1024/122/562 827/96/555
f 976/87/556 896/85/557 875/85/557
f 877/116/499 897/116/499 971/120/498
f 1025/120/559 971/120/498 972/126/560
f 1026/126/560 972/126/560 973/127/561
f 973/127/561 974/128/561 1028/128/561
f 974/128/561 975/129/560 1029/129/560
f 975/129/560 976/87/556 1030/87/558
f 838/82/496 1019/84/497 1103/84/495
f 1019/84/497 1020/130/560 1104/130/560
f 1020/130/560 1021/131/560 1105/131/560
f 1021/131/560 1022/132/560 1106/132/560
f 1106/132/560 1022/132/560 1023/133/560
f 1107/133/560 1023/133/560 1024/122/562
f 828/97/494 941/119/5 1097/119/493
f 941/119/5 942/134/561 1098/134/561
f 942/134/561 943/135/561 1099/135/561
f 943/135/561 944/136/561 1100/136/561
f 1100/136/561 944/136/561 945/137/561
f 1101/137/561 945/137/561 946/103/563
f 836/92/445 995/100/446 1091/100/444
f 995/100/446 996/138/564 1092/138/564
f 996/138/564 997/139/564 1093/139/564
f 997/139/564 998/140/564 1094/140/564
f 1094/140/564 998/140/564 999/141/564
f 1095/141/564 999/141/564 1000/123/565
f 830/89/442 1013/99/566 1085/99/441
f 1013/99/566 1014/142/567 1086/142/567
f 1014/142/567 1015/143/567 1087/143/567
f 1015/143/567 1016/144/567 1088/144/567
f 1088/144/567 1016/144/567 1017/145/567
f 1089/145/567 1017/145/567 1018/104/429
f 834/95/436 917/78/437 1079/78/435
f 917/78/437 918/146/560 1080/146/560
f 918/146/560 919/147/560 1081/147/560
f 919/147/560 920/148/560 1082/148/560
f 1082/148/560 920/148/560 921/149/560
f 1083/149/560 921/149/560 922/124/568
f 874/118/569 1031/86/572 934/150/570
f 1031/86/572 1032/154/814 933/152/573
f 933/152/573 1032/154/814 1033/153/574
f 932/155/575 1033/153/574 1034/156/576
f 931/157/577 1034/156/576 1035/158/578
f 930/159/579 1035/158/578 1036/121/580
f 871/108/581 1043/83/584 1030/87/582
f 1043/83/584 1044/137/586 1029/129/585
f 1044/137/586 1045/136/588 1028/128/587
f 1045/136/588 1046/135/590 1027/127/589
f 1046/135/590 1047/134/592 1026/126/591
f 1047/134/592 1048/119/541 1025/120/543
f 872/82/593 868/93/815 1055/106/594
f 1042/84/595 1055/106/594 1056/160/596
f 1056/160/596 1057/162/599 1040/131/598
f 1057/162/599 1058/143/601 1039/161/600
f 1058/143/601 1059/164/603 1038/163/602
f 1059/164/603 1060/99/538 1037/122/540
f 866/95/604 817/125/816 905/165/605
f 1066/78/606 905/165/605 906/166/607
f 1065/146/608 906/166/607 907/167/609
f 907/167/609 908/168/612 1063/148/611
f 908/168/612 909/169/614 1062/149/613
f 909/169/614 910/76/535 1061/124/537
f 865/77/615 1067/105/618 1054/100/616
f 1067/105/618 1068/171/817 1053/138/619
f 1053/138/619 1068/171/817 1069/170/620
f 1052/139/621 1069/170/620 1070/172/622
f 1051/140/623 1070/172/622 1071/173/624
f 1050/141/625 1071/173/624 1072/91/626
f 850/95/627 1079/78/630 916/165/628
f 1079/78/630 1080/146/632 915/166/631
f 1080/146/632 1081/147/818 914/167/633
f 914/167/633 1081/147/818 1082/148/634
f 913/168/635 1082/148/634 1083/149/636
f 912/169/637 1083/149/636 1084/124/638
f 851/77/639 847/92/819 1091/100/640
f 1078/79/641 1091/100/640 1092/138/642
f 1092/138/642 1093/139/645 1076/174/644
f 1093/139/645 1094/140/647 1075/176/646
f 1094/140/647 1095/141/649 1074/173/648
f 1095/141/649 1096/123/515 1073/91/517
f 844/82/650 1103/84/653 1090/104/651
f 1103/84/653 1104/130/820 1089/145/654
f 1089/145/654 1104/130/820 1105/131/655
f 1088/144/656 1105/131/655 1106/132/657
f 1087/143/658 1106/132/657 1107/133/659
f 1086/142/660 1107/133/659 1108/122/661
f 842/94/662 823/151/821 928/150/663
f 1114/101/664 928/150/663 927/152/665
f 927/152/665 926/179/668 1112/177/667
f 926/179/668 925/157/670 1111/156/669
f 925/157/670 924/159/672 1110/158/671
f 924/159/672 923/80/509 1109/121/511
f 845/108/673 841/85/822 1115/102/674
f 1102/103/675 1115/102/674 1116/180/676
f 1101/137/677 1116/180/676 1117/181/678
f 1100/136/679 1117/181/678 1118/182/680
f 1099/135/681 1118/182/680 1119/126/682
f 1098/134/683 1119/126/682 1120/120/684
f 826/115/501 1001/121/502 1109/121/500
f 1001/121/502 1002/158/561 1110/158/561
f 1002/158/561 1003/156/561 1111/156/561
f 1003/156/561 1004/177/561 1112/177/561
f 1112/177/561 1004/177/561 1005/178/561
f 1113/178/561 1005/178/561 1006/101/685
f 874/118/504 895/94/504 965/86/503
f 1031/86/685 965/86/503 966/154/561
f 1032/154/561 966/154/561 967/153/560
f 967/153/560 968/156/560 1034/156/560
f 968/156/560 969/158/561 1035/158/561
f 969/158/561 970/121/500 1036/121/502
f 840/85/557 935/102/558 1115/102/556
f 935/102/558 936/180/560 1116/180/560
f 936/180/560 937/181/560 1117/181/560
f 937/181/560 938/182/560 1118/182/560
f 1118/182/560 938/182/560 939/126/560
f 1119/126/560 939/126/560 940/120/559
f 880/96/555 899/96/555 977/122/554
f 1037/122/562 977/122/554 978/163/560
f 1038/163/560 978/163/560 979/161/561
f 979/161/561 980/131/561 1040/131/561
f 980/131/561 981/130/560 1041/130/560
f 981/130/560 982/84/495 1042/84/497
f 871/108/553 893/108/553 959/83/552
f 1043/83/563 959/83/552 960/137/561
f 1044/137/561 960/137/561 961/136/560
f 961/136/560 962/135/560 1046/135/560
f 962/135/560 963/134/561 1047/134/561
f 963/134/561 964/119/493 1048/119/5
f 901/88/686 902/89/823 958/99/687
f 983/123/688 958/99/687 957/164/689
f 984/141/690 957/164/689 956/143/691
f 985/140/692 956/143/691 955/162/693
f 986/139/694 955/162/693 954/160/695
f 987/138/696 954/160/695 953/106/458
f 903/98/697 904/90/697 1012/91/698
f 947/124/699 1012/91/698 1011/173/700
f 948/149/701 1011/173/700 1010/172/702
f 949/148/703 1010/172/702 1009/170/704
f 950/147/705 1009/170/704 1008/171/706
f 951/146/707 1008/171/706 1007/105/708
f 829/88/709 1000/123/712 1013/99/710
f 1000/123/712 999/141/714 1014/142/713
f 999/141/714 998/140/716 1015/143/715
f 998/140/716 997/139/718 1016/144/717
f 997/139/718 996/138/720 1017/145/719
f 996/138/720 995/100/807 1018/104/453
f 828/97/721 827/96/824 1024/122/722
f 941/119/723 1024/122/722 1023/133/724
f 942/134/725 1023/133/724 1022/132/726
f 943/135/727 1022/132/726 1021/131/728
f 944/136/729 1021/131/728 1020/130/730
f 945/137/731 1020/130/730 1019/84/732
f 826/115/733 825/116/825 940/120/734
f 1001/121/735 940/120/734 939/126/736
f 1002/158/737 939/126/736 938/182/738
f 1003/156/739 938/182/738 937/181/740
f 1004/177/741 937/181/740 936/180/742
f 1005/178/743 936/180/742 935/102/744
f 883/88/121 901/88/121 983/123/435
f 1049/123/565 983/123/435 984/141/564
f 1050/141/564 984/141/564 985/140/567
f 985/140/567 986/139/567 1052/139/567
f 986/139/567 987/138/564 1053/138/564
f 987/138/564 988/100/444 1054/100/446
f 868/93/551 891/93/551 953/106/550
f 1055/106/429 953/106/550 954/160/567
f 1056/160/567 954/160/567 955/162/564
f 955/162/564 956/143/564 1058/143/564
f 956/143/564 957/164/567 1059/164/567
f 957/164/567 958/99/441 1060/99/443
f 886/98/548 903/98/548 947/124/547
f 1061/124/568 947/124/547 948/149/560
f 1062/149/560 948/149/560 949/148/561
f 949/148/561 950/147/561 1064/147/561
f 950/147/561 951/146/560 1065/146/560
f 951/146/560 952/78/435 1066/78/437
f 865/77/429 889/77/429 1007/105/428
f 1067/105/745 1007/105/428 1008/171/561
f 1068/171/561 1008/171/561 1009/170/560
f 1009/170/560 1010/172/560 1070/172/560
f 1010/172/560 1011/173/561 1071/173/561
f 1011/173/561 1012/91/430 1072/91/432
f 832/90/431 989/91/432 1073/91/430
f 989/91/432 990/173/561 1074/173/561
f 990/173/561 991/176/561 1075/176/561
f 991/176/561 992/174/561 1076/174/561
f 1076/174/561 992/174/561 993/175/561
f 1077/175/561 993/175/561 994/79/745
f 898/115/746 970/121/749 971/120/747
f 970/121/749 969/158/751 972/126/750
f 969/158/751 968/156/753 973/127/752
f 968/156/753 967/153/755 974/128/754
f 967/153/755 966/154/757 975/129/756
f 966/154/757 965/86/424 976/87/426
f 900/97/758 964/119/761 977/122/759
f 964/119/761 963/134/763 978/163/762
f 963/134/763 962/135/765 979/161/764
f 962/135/765 961/136/767 980/131/766
f 961/136/767 960/137/769 981/130/768
f 960/137/769 959/83/421 982/84/423
f 821/151/770 934/150/772 928/150/771
f 934/150/772 933/152/560 927/152/560
f 933/152/560 932/155/560 926/179/560
f 932/155/560 931/157/560 925/157/560
f 925/157/560 931/157/560 930/159/560
f 924/159/560 930/159/560 929/80/773
f 831/98/774 922/124/776 989/91/775
f 922/124/776 921/149/778 990/173/777
f 921/149/778 920/148/780 991/176/779
f 920/148/780 919/147/782 992/174/781
f 919/147/782 918/146/784 993/175/783
f 918/146/784 917/78/416 994/79/418
f 817/125/785 819/125/785 916/165/786
f 905/165/787 916/165/786 915/166/561
f 906/166/561 915/166/561 914/167/561
f 914/167/561 913/168/561 908/168/561
f 913/168/561 912/169/561 909/169/561
f 912/169/561 911/76/413 910/76/415
