# Blender 5.1.2
# www.blender.org
mtllib title.mtl
o テキスト
v 0.728040 -0.317884 0.060000
v 0.721382 -0.301588 0.060000
v 0.717201 -0.290820 0.060000
v 0.716720 -0.279395 0.060000
v 0.720258 -0.263819 0.060000
v 0.726003 -0.252770 0.060000
v 0.726123 -0.243309 0.060000
v 0.726925 -0.229455 0.060000
v 0.727297 -0.217386 0.060000
v 0.726600 -0.205636 0.060000
v 0.723344 -0.193360 0.060000
v 0.722189 -0.178522 0.060000
v 0.725725 -0.166502 0.060000
v 0.731066 -0.156925 0.060000
v 0.729222 -0.143516 0.060000
v 0.730526 -0.123541 0.060000
v 0.735741 -0.108665 0.060000
v 0.735173 -0.097395 0.060000
v 0.738344 -0.083694 0.060000
v 0.739084 -0.071707 0.060000
v 0.739077 -0.058434 0.060000
v 0.742385 -0.043454 0.060000
v 0.744486 -0.037070 0.060000
v 0.742926 -0.026161 0.060000
v 0.745354 -0.007434 0.060000
v 0.746513 0.004900 0.060000
v 0.747538 0.014121 0.060000
v 0.747727 0.031349 0.060000
v 0.750100 0.045316 0.060000
v 0.755104 0.056342 0.060000
v 0.762862 0.065948 0.060000
v 0.779573 0.074761 0.060000
v 0.796628 0.074893 0.060000
v 0.803565 0.072703 0.060000
v 0.813502 0.065643 0.060000
v 0.821873 0.056566 0.060000
v 0.825119 0.050117 0.060000
v 0.828181 0.038378 0.060000
v 0.826865 0.025367 0.060000
v 0.819076 0.009422 0.060000
v 0.817049 -0.005014 0.060000
v 0.814834 -0.018599 0.060000
v 0.813112 -0.034051 0.060000
v 0.810078 -0.052562 0.060000
v 0.810037 -0.066601 0.060000
v 0.807339 -0.077731 0.060000
v 0.805707 -0.090030 0.060000
v 0.822834 -0.100959 0.060000
v 0.835692 -0.111807 0.060000
v 0.845398 -0.115902 0.060000
v 0.858219 -0.121973 0.060000
v 0.873689 -0.125782 0.060000
v 0.887556 -0.130905 0.060000
v 0.900002 -0.135464 0.060000
v 0.909021 -0.134897 0.060000
v 0.921975 -0.136507 0.060000
v 0.938338 -0.140410 0.060000
v 0.949702 -0.142580 0.060000
v 0.963806 -0.145454 0.060000
v 0.974342 -0.152449 0.060000
v 0.978054 -0.157534 0.060000
v 0.981009 -0.165072 0.060000
v 0.981300 -0.182710 0.060000
v 0.971782 -0.200596 0.060000
v 0.961874 -0.207417 0.060000
v 0.947449 -0.208823 0.060000
v 0.938375 -0.208437 0.060000
v 0.931130 -0.208433 0.060000
v 0.914236 -0.208215 0.060000
v 0.899295 -0.206410 0.060000
v 0.889291 -0.202366 0.060000
v 0.872720 -0.201502 0.060000
v 0.854267 -0.197493 0.060000
v 0.839608 -0.193626 0.060000
v 0.829834 -0.186941 0.060000
v 0.819785 -0.184072 0.060000
v 0.805943 -0.179990 0.060000
v 0.802906 -0.190916 0.060000
v 0.799319 -0.202587 0.060000
v 0.794099 -0.216152 0.060000
v 0.793536 -0.231836 0.060000
v 0.793738 -0.243501 0.060000
v 0.793222 -0.253689 0.060000
v 0.798642 -0.270896 0.060000
v 0.800125 -0.281453 0.060000
v 0.798477 -0.293166 0.060000
v 0.793300 -0.304299 0.060000
v 0.786536 -0.317073 0.060000
v 0.775076 -0.331141 0.060000
v 0.766525 -0.336589 0.060000
v 0.754491 -0.337432 0.060000
v 0.737905 -0.331085 0.060000
v 0.390887 -0.319856 0.060000
v 0.393195 -0.305190 0.060000
v 0.397356 -0.296098 0.060000
v 0.404623 -0.288819 0.060000
v 0.416403 -0.279690 0.060000
v 0.423895 -0.272637 0.060000
v 0.431691 -0.265931 0.060000
v 0.441549 -0.258835 0.060000
v 0.446634 -0.249458 0.060000
v 0.452219 -0.238502 0.060000
v 0.462207 -0.227919 0.060000
v 0.468125 -0.220112 0.060000
v 0.475056 -0.209398 0.060000
v 0.485923 -0.199679 0.060000
v 0.494734 -0.191616 0.060000
v 0.500814 -0.182436 0.060000
v 0.505626 -0.173037 0.060000
v 0.507704 -0.164727 0.060000
v 0.512135 -0.155078 0.060000
v 0.522910 -0.141467 0.060000
v 0.532501 -0.122872 0.060000
v 0.543022 -0.110268 0.060000
v 0.549133 -0.100669 0.060000
v 0.555171 -0.091174 0.060000
v 0.564480 -0.077058 0.060000
v 0.567334 -0.070706 0.060000
v 0.566387 -0.062291 0.060000
v 0.550081 -0.058112 0.060000
v 0.542874 -0.057070 0.060000
v 0.532746 -0.054119 0.060000
v 0.519786 -0.049697 0.060000
v 0.510924 -0.048683 0.060000
v 0.496358 -0.050351 0.060000
v 0.485449 -0.049853 0.060000
v 0.472161 -0.048879 0.060000
v 0.459046 -0.050217 0.060000
v 0.443875 -0.048598 0.060000
v 0.436964 -0.046615 0.060000
v 0.426076 -0.047805 0.060000
v 0.413138 -0.045953 0.060000
v 0.404806 -0.044721 0.060000
v 0.392014 -0.044340 0.060000
v 0.377621 -0.047121 0.060000
v 0.370369 -0.048699 0.060000
v 0.358387 -0.050618 0.060000
v 0.342179 -0.050227 0.060000
v 0.330356 -0.045956 0.060000
v 0.320787 -0.036763 0.060000
v 0.312747 -0.019734 0.060000
v 0.315280 -0.001600 0.060000
v 0.323380 0.011064 0.060000
v 0.331701 0.018017 0.060000
v 0.342350 0.023353 0.060000
v 0.351199 0.025640 0.060000
v 0.364971 0.025877 0.060000
v 0.377802 0.024828 0.060000
v 0.393211 0.021769 0.060000
v 0.408865 0.021637 0.060000
v 0.422191 0.023408 0.060000
v 0.435645 0.022925 0.060000
v 0.450253 0.022681 0.060000
v 0.461070 0.022340 0.060000
v 0.474946 0.019768 0.060000
v 0.492468 0.019167 0.060000
v 0.512871 0.015771 0.060000
v 0.527684 0.017040 0.060000
v 0.540215 0.019802 0.060000
v 0.547874 0.021112 0.060000
v 0.555462 0.021311 0.060000
v 0.569983 0.017277 0.060000
v 0.584682 0.016396 0.060000
v 0.593981 0.018171 0.060000
v 0.606188 0.016017 0.060000
v 0.617667 0.009687 0.060000
v 0.626269 0.001117 0.060000
v 0.635989 -0.013008 0.060000
v 0.643566 -0.033955 0.060000
v 0.646712 -0.046615 0.060000
v 0.647656 -0.061106 0.060000
v 0.644995 -0.074193 0.060000
v 0.641321 -0.082932 0.060000
v 0.631173 -0.095264 0.060000
v 0.625635 -0.103902 0.060000
v 0.623252 -0.109722 0.060000
v 0.617977 -0.122283 0.060000
v 0.608319 -0.140432 0.060000
v 0.604477 -0.153844 0.060000
v 0.599616 -0.164229 0.060000
v 0.589869 -0.174649 0.060000
v 0.585243 -0.183206 0.060000
v 0.580243 -0.193200 0.060000
v 0.573425 -0.202329 0.060000
v 0.561249 -0.212616 0.060000
v 0.552305 -0.224513 0.060000
v 0.546629 -0.232969 0.060000
v 0.541994 -0.247288 0.060000
v 0.536887 -0.258473 0.060000
v 0.531967 -0.264100 0.060000
v 0.523212 -0.272719 0.060000
v 0.516257 -0.284860 0.060000
v 0.502921 -0.295692 0.060000
v 0.487530 -0.306558 0.060000
v 0.479174 -0.317929 0.060000
v 0.471172 -0.325432 0.060000
v 0.460240 -0.333449 0.060000
v 0.448884 -0.342272 0.060000
v 0.438909 -0.347925 0.060000
v 0.423327 -0.350625 0.060000
v 0.408574 -0.346402 0.060000
v 0.395989 -0.333589 0.060000
v 0.081644 -0.388872 0.060000
v 0.052413 -0.366161 0.060000
v 0.049757 -0.355252 0.060000
v 0.053715 -0.339958 0.060000
v 0.060404 -0.329739 0.060000
v 0.067301 -0.319921 0.060000
v 0.073395 -0.310968 0.060000
v 0.078131 -0.305386 0.060000
v 0.086979 -0.298366 0.060000
v 0.099235 -0.289441 0.060000
v 0.106914 -0.277615 0.060000
v 0.115956 -0.268150 0.060000
v 0.123928 -0.259412 0.060000
v 0.130169 -0.249586 0.060000
v 0.134151 -0.235201 0.060000
v 0.140460 -0.221639 0.060000
v 0.148173 -0.212691 0.060000
v 0.158807 -0.203293 0.060000
v 0.160576 -0.192882 0.060000
v 0.160402 -0.185220 0.060000
v 0.152804 -0.180995 0.060000
v 0.130574 -0.180696 0.060000
v 0.119067 -0.181262 0.060000
v 0.108461 -0.181828 0.060000
v 0.095582 -0.180208 0.060000
v 0.083698 -0.181008 0.060000
v 0.068758 -0.185201 0.060000
v 0.058144 -0.186184 0.060000
v 0.045976 -0.185613 0.060000
v 0.037165 -0.187186 0.060000
v 0.023291 -0.189917 0.060000
v 0.008449 -0.195260 0.060000
v -0.004691 -0.194826 0.060000
v -0.022840 -0.187209 0.060000
v -0.032884 -0.176952 0.060000
v -0.037093 -0.163524 0.060000
v -0.035923 -0.146473 0.060000
v -0.029787 -0.135640 0.060000
v -0.021205 -0.127150 0.060000
v -0.014182 -0.122594 0.060000
v -0.000857 -0.119393 0.060000
v 0.020405 -0.117760 0.060000
v 0.032116 -0.116161 0.060000
v 0.044582 -0.114603 0.060000
v 0.065045 -0.111758 0.060000
v 0.075696 -0.112184 0.060000
v 0.086659 -0.113422 0.060000
v 0.102306 -0.110773 0.060000
v 0.113319 -0.109841 0.060000
v 0.127782 -0.110990 0.060000
v 0.146700 -0.110713 0.060000
v 0.160327 -0.113727 0.060000
v 0.172913 -0.112025 0.060000
v 0.181214 -0.112651 0.060000
v 0.190787 -0.115562 0.060000
v 0.208022 -0.122849 0.060000
v 0.224313 -0.129892 0.060000
v 0.235355 -0.139267 0.060000
v 0.242731 -0.152504 0.060000
v 0.244468 -0.166691 0.060000
v 0.243792 -0.177070 0.060000
v 0.242976 -0.188722 0.060000
v 0.240232 -0.204196 0.060000
v 0.236377 -0.211866 0.060000
v 0.230835 -0.218610 0.060000
v 0.223377 -0.225142 0.060000
v 0.217079 -0.234647 0.060000
v 0.215273 -0.246091 0.060000
v 0.211952 -0.259261 0.060000
v 0.204326 -0.271584 0.060000
v 0.195772 -0.279759 0.060000
v 0.186199 -0.286756 0.060000
v 0.177571 -0.298614 0.060000
v 0.171647 -0.309068 0.060000
v 0.168537 -0.315858 0.060000
v 0.161658 -0.325033 0.060000
v 0.153120 -0.332727 0.060000
v 0.145689 -0.344548 0.060000
v 0.138385 -0.357638 0.060000
v 0.128669 -0.366516 0.060000
v 0.113752 -0.376395 0.060000
v 0.183390 -0.009895 0.060000
v 0.168035 -0.006260 0.060000
v 0.149466 -0.005758 0.060000
v 0.138212 -0.006486 0.060000
v 0.128822 -0.005844 0.060000
v 0.117089 -0.006532 0.060000
v 0.104020 -0.006234 0.060000
v 0.091094 -0.004495 0.060000
v 0.074733 -0.006945 0.060000
v 0.061264 -0.008581 0.060000
v 0.047372 -0.007370 0.060000
v 0.033594 -0.007056 0.060000
v 0.016981 -0.010681 0.060000
v 0.003740 -0.010614 0.060000
v -0.013544 -0.006511 0.060000
v -0.025769 0.001529 0.060000
v -0.033758 0.014764 0.060000
v -0.035341 0.032531 0.060000
v -0.028821 0.047390 0.060000
v -0.016994 0.057728 0.060000
v 0.000038 0.065207 0.060000
v 0.017969 0.066049 0.060000
v 0.029365 0.063536 0.060000
v 0.041198 0.064748 0.060000
v 0.055825 0.066263 0.060000
v 0.070145 0.065900 0.060000
v 0.080060 0.064226 0.060000
v 0.091451 0.063197 0.060000
v 0.108689 0.064982 0.060000
v 0.123530 0.064456 0.060000
v 0.136144 0.064666 0.060000
v 0.151364 0.063875 0.060000
v 0.165927 0.060625 0.060000
v 0.181998 0.061838 0.060000
v 0.196916 0.060232 0.060000
v 0.216630 0.056312 0.060000
v 0.227479 0.052980 0.060000
v 0.237190 0.045573 0.060000
v 0.244900 0.030834 0.060000
v 0.245942 0.020596 0.060000
v 0.242972 0.008420 0.060000
v 0.233819 -0.005067 0.060000
v 0.227002 -0.010081 0.060000
v 0.220721 -0.012158 0.060000
v 0.209973 -0.013191 0.060000
v 0.197172 -0.011696 0.060000
v -0.358229 -0.323304 0.060000
v -0.349767 -0.307990 0.060000
v -0.342485 -0.297658 0.060000
v -0.334817 -0.288344 0.060000
v -0.325644 -0.281076 0.060000
v -0.319362 -0.278490 0.060000
v -0.310154 -0.273520 0.060000
v -0.298792 -0.260502 0.060000
v -0.291224 -0.245264 0.060000
v -0.284445 -0.236722 0.060000
v -0.276341 -0.229548 0.060000
v -0.271346 -0.223947 0.060000
v -0.264480 -0.213895 0.060000
v -0.252224 -0.202363 0.060000
v -0.245669 -0.191237 0.060000
v -0.241969 -0.185807 0.060000
v -0.236468 -0.180240 0.060000
v -0.226932 -0.167656 0.060000
v -0.218497 -0.155069 0.060000
v -0.215418 -0.147788 0.060000
v -0.213895 -0.132865 0.060000
v -0.204458 -0.115405 0.060000
v -0.195621 -0.107192 0.060000
v -0.189902 -0.099665 0.060000
v -0.190123 -0.088113 0.060000
v -0.191693 -0.070768 0.060000
v -0.208585 -0.068096 0.060000
v -0.218116 -0.066601 0.060000
v -0.229648 -0.065456 0.060000
v -0.242714 -0.063017 0.060000
v -0.252196 -0.063913 0.060000
v -0.267684 -0.063333 0.060000
v -0.285777 -0.061612 0.060000
v -0.289809 -0.062093 0.060000
v -0.296470 -0.067894 0.060000
v -0.307417 -0.079628 0.060000
v -0.313604 -0.085531 0.060000
v -0.323629 -0.097771 0.060000
v -0.335458 -0.111009 0.060000
v -0.342490 -0.116492 0.060000
v -0.350347 -0.122398 0.060000
v -0.360953 -0.135246 0.060000
v -0.374328 -0.145299 0.060000
v -0.385650 -0.146331 0.060000
v -0.392956 -0.143471 0.060000
v -0.403983 -0.134213 0.060000
v -0.406858 -0.116459 0.060000
v -0.400858 -0.100347 0.060000
v -0.396717 -0.094062 0.060000
v -0.393459 -0.084120 0.060000
v -0.389434 -0.070023 0.060000
v -0.385025 -0.060422 0.060000
v -0.378775 -0.052452 0.060000
v -0.373260 -0.045403 0.060000
v -0.367809 -0.033646 0.060000
v -0.358326 -0.018794 0.060000
v -0.350320 -0.009262 0.060000
v -0.338497 0.000064 0.060000
v -0.327469 0.004131 0.060000
v -0.315168 0.006248 0.060000
v -0.299059 0.010165 0.060000
v -0.286009 0.008923 0.060000
v -0.274283 0.010392 0.060000
v -0.259706 0.009319 0.060000
v -0.245620 0.008124 0.060000
v -0.229459 0.005424 0.060000
v -0.219340 0.005269 0.060000
v -0.208203 0.003516 0.060000
v -0.192147 0.001505 0.060000
v -0.179564 -0.003269 0.060000
v -0.166919 -0.006401 0.060000
v -0.152095 -0.010298 0.060000
v -0.136868 -0.020353 0.060000
v -0.129106 -0.029232 0.060000
v -0.120170 -0.037411 0.060000
v -0.111466 -0.051757 0.060000
v -0.108770 -0.065740 0.060000
v -0.109040 -0.078131 0.060000
v -0.111303 -0.092894 0.060000
v -0.118004 -0.107095 0.060000
v -0.125545 -0.115706 0.060000
v -0.128270 -0.122070 0.060000
v -0.132288 -0.136161 0.060000
v -0.133609 -0.149242 0.060000
v -0.137310 -0.161599 0.060000
v -0.143049 -0.170084 0.060000
v -0.155854 -0.180056 0.060000
v -0.163164 -0.188685 0.060000
v -0.168999 -0.200462 0.060000
v -0.174774 -0.212179 0.060000
v -0.179289 -0.220656 0.060000
v -0.185876 -0.231622 0.060000
v -0.196095 -0.244943 0.060000
v -0.202018 -0.258150 0.060000
v -0.210685 -0.268436 0.060000
v -0.219348 -0.279845 0.060000
v -0.225024 -0.288280 0.060000
v -0.233680 -0.296566 0.060000
v -0.247179 -0.304958 0.060000
v -0.257828 -0.314797 0.060000
v -0.266149 -0.323862 0.060000
v -0.271366 -0.334775 0.060000
v -0.277666 -0.343187 0.060000
v -0.287592 -0.351403 0.060000
v -0.298827 -0.358978 0.060000
v -0.312143 -0.366183 0.060000
v -0.328336 -0.371922 0.060000
v -0.343986 -0.370097 0.060000
v -0.356885 -0.361383 0.060000
v -0.362572 -0.350735 0.060000
v -0.362989 -0.338505 0.060000
v 0.416031 0.122711 0.060000
v 0.402816 0.130924 0.060000
v 0.393759 0.141214 0.060000
v 0.385553 0.144527 0.060000
v 0.375109 0.150131 0.060000
v 0.363599 0.146422 0.060000
v 0.353076 0.139516 0.060000
v 0.341420 0.134004 0.060000
v 0.329362 0.128754 0.060000
v 0.317214 0.128005 0.060000
v 0.305060 0.131734 0.060000
v 0.295548 0.138540 0.060000
v 0.286910 0.151036 0.060000
v 0.283041 0.163656 0.060000
v 0.279126 0.175625 0.060000
v 0.278926 0.188133 0.060000
v 0.280500 0.194498 0.060000
v 0.285748 0.204694 0.060000
v 0.297437 0.214501 0.060000
v 0.311443 0.219782 0.060000
v 0.320586 0.223350 0.060000
v 0.326843 0.230024 0.060000
v 0.325396 0.239294 0.060000
v 0.321508 0.251994 0.060000
v 0.319952 0.263521 0.060000
v 0.316493 0.274720 0.060000
v 0.313023 0.286931 0.060000
v 0.307597 0.298046 0.060000
v 0.305513 0.306836 0.060000
v 0.304693 0.314868 0.060000
v 0.306074 0.328868 0.060000
v 0.307893 0.334429 0.060000
v 0.310523 0.340061 0.060000
v 0.318681 0.349977 0.060000
v 0.331344 0.356297 0.060000
v 0.341861 0.356474 0.060000
v 0.354176 0.349962 0.060000
v 0.362779 0.339587 0.060000
v 0.366261 0.325323 0.060000
v 0.379849 0.323555 0.060000
v 0.389014 0.324054 0.060000
v 0.396326 0.322990 0.060000
v 0.410871 0.322430 0.060000
v 0.427243 0.322989 0.060000
v 0.439523 0.326824 0.060000
v 0.446317 0.327832 0.060000
v 0.453445 0.329397 0.060000
v 0.466230 0.334582 0.060000
v 0.475561 0.336559 0.060000
v 0.487272 0.334700 0.060000
v 0.495688 0.328563 0.060000
v 0.502044 0.318515 0.060000
v 0.504482 0.307990 0.060000
v 0.500730 0.296676 0.060000
v 0.490151 0.284542 0.060000
v 0.480486 0.278838 0.060000
v 0.474287 0.275603 0.060000
v 0.463571 0.269928 0.060000
v 0.454281 0.266356 0.060000
v 0.444150 0.264710 0.060000
v 0.434463 0.265400 0.060000
v 0.423729 0.262572 0.060000
v 0.414049 0.261923 0.060000
v 0.402879 0.263299 0.060000
v 0.395987 0.260813 0.060000
v 0.383632 0.258558 0.060000
v 0.383934 0.248556 0.060000
v 0.385635 0.237426 0.060000
v 0.385061 0.227988 0.060000
v 0.387912 0.218961 0.060000
v 0.390475 0.209675 0.060000
v 0.399201 0.203795 0.060000
v 0.410326 0.198898 0.060000
v 0.417308 0.193419 0.060000
v 0.424106 0.188322 0.060000
v 0.437886 0.184636 0.060000
v 0.448926 0.177831 0.060000
v 0.460983 0.168252 0.060000
v 0.473330 0.156811 0.060000
v 0.476749 0.146112 0.060000
v 0.474923 0.135359 0.060000
v 0.468930 0.125194 0.060000
v 0.462131 0.120972 0.060000
v 0.451616 0.119074 0.060000
v 0.432707 0.120331 0.060000
v 0.325636 0.187309 0.060000
v 0.322482 0.177172 0.060000
v 0.332727 0.175191 0.060000
v 0.335783 0.183993 0.060000
v 0.329841 0.189285 0.060000
v -0.294548 0.079466 0.060000
v -0.303091 0.092032 0.060000
v -0.307994 0.105168 0.060000
v -0.310640 0.121959 0.060000
v -0.320774 0.134761 0.060000
v -0.327831 0.151694 0.060000
v -0.328152 0.166388 0.060000
v -0.325004 0.183489 0.060000
v -0.327371 0.198578 0.060000
v -0.329114 0.214755 0.060000
v -0.328598 0.223210 0.060000
v -0.326718 0.233315 0.060000
v -0.328413 0.253428 0.060000
v -0.327691 0.270463 0.060000
v -0.326203 0.282308 0.060000
v -0.325240 0.297262 0.060000
v -0.324674 0.316789 0.060000
v -0.319759 0.333203 0.060000
v -0.317028 0.339537 0.060000
v -0.317802 0.351498 0.060000
v -0.315020 0.370677 0.060000
v -0.311135 0.384815 0.060000
v -0.304335 0.394508 0.060000
v -0.295178 0.403113 0.060000
v -0.283285 0.410259 0.060000
v -0.269695 0.413776 0.060000
v -0.252417 0.411983 0.060000
v -0.240405 0.407478 0.060000
v -0.232459 0.401753 0.060000
v -0.222930 0.388535 0.060000
v -0.221204 0.373494 0.060000
v -0.222966 0.365698 0.060000
v -0.225973 0.358374 0.060000
v -0.234438 0.349138 0.060000
v -0.245681 0.336728 0.060000
v -0.250954 0.322006 0.060000
v -0.250383 0.308848 0.060000
v -0.251706 0.296655 0.060000
v -0.253971 0.284956 0.060000
v -0.254090 0.272443 0.060000
v -0.254444 0.260722 0.060000
v -0.255511 0.249223 0.060000
v -0.257135 0.231714 0.060000
v -0.255361 0.216573 0.060000
v -0.255606 0.205798 0.060000
v -0.255908 0.195487 0.060000
v -0.248728 0.180173 0.060000
v -0.244980 0.170773 0.060000
v -0.241907 0.153349 0.060000
v -0.231463 0.140335 0.060000
v -0.223127 0.129654 0.060000
v -0.216947 0.117889 0.060000
v -0.213777 0.107666 0.060000
v -0.214484 0.094253 0.060000
v -0.221766 0.077856 0.060000
v -0.231644 0.067555 0.060000
v -0.244794 0.061452 0.060000
v -0.264487 0.060646 0.060000
v -0.280694 0.066678 0.060000
v 0.023697 0.129774 0.060000
v 0.011547 0.128497 0.060000
v -0.009979 0.126503 0.060000
v -0.024627 0.130890 0.060000
v -0.032213 0.131472 0.060000
v -0.041340 0.133721 0.060000
v -0.056690 0.143146 0.060000
v -0.067631 0.154049 0.060000
v -0.074661 0.163532 0.060000
v -0.079496 0.175087 0.060000
v -0.080534 0.192060 0.060000
v -0.077889 0.207616 0.060000
v -0.073159 0.217627 0.060000
v -0.068823 0.222702 0.060000
v -0.059417 0.228086 0.060000
v -0.042019 0.230938 0.060000
v -0.033255 0.229537 0.060000
v -0.023273 0.224348 0.060000
v -0.013654 0.214208 0.060000
v -0.003238 0.203864 0.060000
v 0.013531 0.204122 0.060000
v 0.024328 0.207751 0.060000
v 0.033255 0.212169 0.060000
v 0.046522 0.216890 0.060000
v 0.060923 0.229267 0.060000
v 0.072642 0.238536 0.060000
v 0.080035 0.241753 0.060000
v 0.092840 0.241699 0.060000
v 0.104216 0.238455 0.060000
v 0.110262 0.233571 0.060000
v 0.118879 0.218816 0.060000
v 0.120287 0.202790 0.060000
v 0.118066 0.194095 0.060000
v 0.110518 0.183257 0.060000
v 0.097051 0.172143 0.060000
v 0.084734 0.160151 0.060000
v 0.070463 0.145999 0.060000
v 0.059448 0.140379 0.060000
v 0.051272 0.134904 0.060000
v 0.037706 0.130455 0.060000
v -0.064820 0.351301 0.060000
v -0.067140 0.372631 0.060000
v -0.065343 0.386064 0.060000
v -0.059139 0.397444 0.060000
v -0.046508 0.408974 0.060000
v -0.035144 0.415766 0.060000
v -0.019495 0.423528 0.060000
v -0.002135 0.426668 0.060000
v 0.011963 0.426473 0.060000
v 0.024847 0.422579 0.060000
v 0.037965 0.411239 0.060000
v 0.045127 0.396562 0.060000
v 0.046234 0.386547 0.060000
v 0.044649 0.376499 0.060000
v 0.038474 0.363744 0.060000
v 0.028986 0.353710 0.060000
v 0.013820 0.347537 0.060000
v -0.002495 0.341172 0.060000
v -0.014878 0.330233 0.060000
v -0.031630 0.326765 0.060000
v -0.050283 0.331754 0.060000
v -0.060020 0.339325 0.060000
v -0.638720 -0.142980 0.060000
v -0.657515 -0.141686 0.060000
v -0.677369 -0.144556 0.060000
v -0.698570 -0.144461 0.060000
v -0.722187 -0.132799 0.060000
v -0.744264 -0.121871 0.060000
v -0.758771 -0.119600 0.060000
v -0.779607 -0.114033 0.060000
v -0.803849 -0.100218 0.060000
v -0.818446 -0.093730 0.060000
v -0.830381 -0.087377 0.060000
v -0.852356 -0.077209 0.060000
v -0.879644 -0.071635 0.060000
v -0.897945 -0.061563 0.060000
v -0.915881 -0.039913 0.060000
v -0.934529 -0.025320 0.060000
v -0.956953 -0.018098 0.060000
v -0.970858 -0.008546 0.060000
v -0.987863 0.009031 0.060000
v -1.010123 0.028120 0.060000
v -1.022456 0.048859 0.060000
v -1.029095 0.068485 0.060000
v -1.037669 0.095415 0.060000
v -1.037764 0.123597 0.060000
v -1.029562 0.145257 0.060000
v -1.021815 0.154671 0.060000
v -1.010657 0.170303 0.060000
v -0.997849 0.200356 0.060000
v -0.985058 0.217392 0.060000
v -0.973621 0.236307 0.060000
v -0.953259 0.258155 0.060000
v -0.947469 0.270413 0.060000
v -0.939126 0.286910 0.060000
v -0.925977 0.312153 0.060000
v -0.914106 0.326047 0.060000
v -0.903048 0.335707 0.060000
v -0.893640 0.353696 0.060000
v -0.878434 0.372852 0.060000
v -0.868999 0.389038 0.060000
v -0.855732 0.405017 0.060000
v -0.836589 0.421079 0.060000
v -0.817437 0.427752 0.060000
v -0.798061 0.429065 0.060000
v -0.780715 0.426596 0.060000
v -0.758718 0.414249 0.060000
v -0.746323 0.398770 0.060000
v -0.740400 0.380180 0.060000
v -0.744849 0.350077 0.060000
v -0.758662 0.330279 0.060000
v -0.774638 0.313165 0.060000
v -0.790694 0.294298 0.060000
v -0.803922 0.277563 0.060000
v -0.816740 0.252149 0.060000
v -0.831760 0.232618 0.060000
v -0.842800 0.218097 0.060000
v -0.859411 0.200970 0.060000
v -0.875308 0.170806 0.060000
v -0.887985 0.154895 0.060000
v -0.898244 0.139480 0.060000
v -0.915246 0.120188 0.060000
v -0.909587 0.106138 0.060000
v -0.882583 0.084728 0.060000
v -0.867520 0.065521 0.060000
v -0.847672 0.055012 0.060000
v -0.827295 0.048753 0.060000
v -0.814251 0.042791 0.060000
v -0.798850 0.024831 0.060000
v -0.777876 0.009059 0.060000
v -0.758051 0.000853 0.060000
v -0.734498 -0.003751 0.060000
v -0.720755 -0.010846 0.060000
v -0.706549 -0.016911 0.060000
v -0.683351 -0.016262 0.060000
v -0.668907 -0.018682 0.060000
v -0.641876 -0.031132 0.060000
v -0.627297 -0.036705 0.060000
v -0.601912 -0.031468 0.060000
v -0.571685 -0.036816 0.060000
v -0.546911 -0.050010 0.060000
v -0.538465 -0.058225 0.060000
v -0.529402 -0.074950 0.060000
v -0.523516 -0.098701 0.060000
v -0.527499 -0.118003 0.060000
v -0.537995 -0.136854 0.060000
v -0.550974 -0.149543 0.060000
v -0.568325 -0.158028 0.060000
v -0.588411 -0.160802 0.060000
v -0.613859 -0.155289 0.060000
v -0.638213 0.318666 0.060000
v -0.647122 0.336003 0.060000
v -0.657679 0.352458 0.060000
v -0.669295 0.382216 0.060000
v -0.668857 0.409847 0.060000
v -0.662880 0.429694 0.060000
v -0.653030 0.445029 0.060000
v -0.631264 0.457819 0.060000
v -0.602782 0.460559 0.060000
v -0.583359 0.451968 0.060000
v -0.570295 0.436544 0.060000
v -0.559979 0.414674 0.060000
v -0.549809 0.384203 0.060000
v -0.537213 0.354239 0.060000
v -0.534275 0.334761 0.060000
v -0.539612 0.315001 0.060000
v -0.554527 0.294401 0.060000
v -0.575012 0.285040 0.060000
v -0.606410 0.287890 0.060000
v -0.625411 0.299167 0.060000
v -0.507434 0.378791 0.060000
v -0.523793 0.405236 0.060000
v -0.532965 0.430718 0.060000
v -0.535810 0.451189 0.060000
v -0.534157 0.476487 0.060000
v -0.523214 0.496884 0.060000
v -0.501688 0.510525 0.060000
v -0.479624 0.515172 0.060000
v -0.459221 0.510374 0.060000
v -0.435749 0.487184 0.060000
v -0.423359 0.464501 0.060000
v -0.414334 0.445245 0.060000
v -0.407753 0.432479 0.060000
v -0.402774 0.421149 0.060000
v -0.399024 0.402989 0.060000
v -0.404146 0.379520 0.060000
v -0.417365 0.359809 0.060000
v -0.433355 0.349449 0.060000
v -0.450965 0.345148 0.060000
v -0.476691 0.350147 0.060000
v -0.494528 0.361182 0.060000
v -0.596749 0.356731 0.060000
v 0.730796 -0.323175 -0.060000
v 0.725739 -0.312392 -0.060000
v 0.719557 -0.297420 -0.060000
v 0.716559 -0.282836 -0.060000
v 0.718642 -0.268074 -0.060000
v 0.721115 -0.261713 -0.060000
v 0.724702 -0.255839 -0.060000
v 0.726384 -0.241387 -0.060000
v 0.727196 -0.226344 -0.060000
v 0.727310 -0.217394 -0.060000
v 0.726368 -0.204395 -0.060000
v 0.723055 -0.192461 -0.060000
v 0.722189 -0.178522 -0.060000
v 0.726545 -0.165075 -0.060000
v 0.730485 -0.151079 -0.060000
v 0.728749 -0.133920 -0.060000
v 0.734013 -0.114862 -0.060000
v 0.735410 -0.097402 -0.060000
v 0.739113 -0.081708 -0.060000
v 0.739559 -0.074286 -0.060000
v 0.738765 -0.063774 -0.060000
v 0.740776 -0.048643 -0.060000
v 0.743608 -0.037130 -0.060000
v 0.742725 -0.025252 -0.060000
v 0.744701 -0.011804 -0.060000
v 0.746340 0.000657 -0.060000
v 0.746609 0.008536 -0.060000
v 0.747895 0.018543 -0.060000
v 0.747680 0.034423 -0.060000
v 0.750774 0.046889 -0.060000
v 0.761729 0.064611 -0.060000
v 0.770497 0.072021 -0.060000
v 0.782615 0.075314 -0.060000
v 0.795482 0.075282 -0.060000
v 0.807623 0.069992 -0.060000
v 0.818954 0.060525 -0.060000
v 0.825695 0.047741 -0.060000
v 0.828503 0.033488 -0.060000
v 0.824787 0.020993 -0.060000
v 0.818228 0.007131 -0.060000
v 0.816571 -0.007699 -0.060000
v 0.814723 -0.018705 -0.060000
v 0.814459 -0.025298 -0.060000
v 0.811671 -0.040069 -0.060000
v 0.810157 -0.051565 -0.060000
v 0.810179 -0.062134 -0.060000
v 0.807079 -0.078566 -0.060000
v 0.806287 -0.090421 -0.060000
v 0.825264 -0.102689 -0.060000
v 0.840206 -0.113910 -0.060000
v 0.847853 -0.116956 -0.060000
v 0.855947 -0.121505 -0.060000
v 0.868544 -0.123745 -0.060000
v 0.884059 -0.129702 -0.060000
v 0.899147 -0.134740 -0.060000
v 0.914475 -0.135112 -0.060000
v 0.926748 -0.137567 -0.060000
v 0.935156 -0.139745 -0.060000
v 0.946066 -0.141898 -0.060000
v 0.959574 -0.143880 -0.060000
v 0.971070 -0.149865 -0.060000
v 0.980090 -0.162214 -0.060000
v 0.981909 -0.178825 -0.060000
v 0.978940 -0.191245 -0.060000
v 0.973300 -0.199301 -0.060000
v 0.958406 -0.207912 -0.060000
v 0.948336 -0.209198 -0.060000
v 0.942698 -0.208655 -0.060000
v 0.932120 -0.208434 -0.060000
v 0.916678 -0.208276 -0.060000
v 0.900801 -0.206855 -0.060000
v 0.890086 -0.202706 -0.060000
v 0.872720 -0.201502 -0.060000
v 0.854267 -0.197493 -0.060000
v 0.839608 -0.193626 -0.060000
v 0.831431 -0.187800 -0.060000
v 0.820962 -0.184315 -0.060000
v 0.805560 -0.178405 -0.060000
v 0.807013 -0.184427 -0.060000
v 0.802113 -0.194375 -0.060000
v 0.796782 -0.208776 -0.060000
v 0.793998 -0.222012 -0.060000
v 0.793330 -0.232763 -0.060000
v 0.793050 -0.247458 -0.060000
v 0.794703 -0.259968 -0.060000
v 0.797935 -0.268680 -0.060000
v 0.800086 -0.282645 -0.060000
v 0.798187 -0.294318 -0.060000
v 0.793300 -0.304299 -0.060000
v 0.788226 -0.314275 -0.060000
v 0.781681 -0.324466 -0.060000
v 0.769361 -0.334692 -0.060000
v 0.754388 -0.337742 -0.060000
v 0.739548 -0.332051 -0.060000
v 0.395038 -0.332469 -0.060000
v 0.391081 -0.317133 -0.060000
v 0.394535 -0.301322 -0.060000
v 0.400173 -0.292551 -0.060000
v 0.409229 -0.285244 -0.060000
v 0.418298 -0.277949 -0.060000
v 0.422938 -0.273498 -0.060000
v 0.429721 -0.267583 -0.060000
v 0.442281 -0.257517 -0.060000
v 0.450372 -0.241462 -0.060000
v 0.460176 -0.229524 -0.060000
v 0.468505 -0.219355 -0.060000
v 0.474988 -0.209350 -0.060000
v 0.483834 -0.201136 -0.060000
v 0.493077 -0.193850 -0.060000
v 0.500456 -0.182859 -0.060000
v 0.506219 -0.171062 -0.060000
v 0.509246 -0.160666 -0.060000
v 0.514467 -0.151158 -0.060000
v 0.519593 -0.144698 -0.060000
v 0.526958 -0.135304 -0.060000
v 0.532071 -0.122594 -0.060000
v 0.539723 -0.113427 -0.060000
v 0.549846 -0.099330 -0.060000
v 0.557123 -0.088894 -0.060000
v 0.563377 -0.079411 -0.060000
v 0.565714 -0.074797 -0.060000
v 0.566905 -0.065011 -0.060000
v 0.559439 -0.057878 -0.060000
v 0.549060 -0.057825 -0.060000
v 0.538796 -0.055972 -0.060000
v 0.531728 -0.053839 -0.060000
v 0.515281 -0.048698 -0.060000
v 0.505449 -0.049417 -0.060000
v 0.493934 -0.050331 -0.060000
v 0.480601 -0.049030 -0.060000
v 0.472148 -0.048784 -0.060000
v 0.455713 -0.050141 -0.060000
v 0.442160 -0.048197 -0.060000
v 0.427279 -0.047796 -0.060000
v 0.414256 -0.046227 -0.060000
v 0.406158 -0.044820 -0.060000
v 0.393592 -0.044245 -0.060000
v 0.371788 -0.048333 -0.060000
v 0.358403 -0.050643 -0.060000
v 0.344998 -0.050675 -0.060000
v 0.330397 -0.045848 -0.060000
v 0.324581 -0.041508 -0.060000
v 0.317451 -0.032029 -0.060000
v 0.312236 -0.017263 -0.060000
v 0.313764 -0.004987 -0.060000
v 0.317808 0.004045 -0.060000
v 0.326458 0.013728 -0.060000
v 0.342394 0.023208 -0.060000
v 0.362714 0.025951 -0.060000
v 0.373066 0.025395 -0.060000
v 0.384639 0.023218 -0.060000
v 0.400594 0.021156 -0.060000
v 0.414293 0.022360 -0.060000
v 0.434562 0.023027 -0.060000
v 0.453838 0.022617 -0.060000
v 0.463871 0.022097 -0.060000
v 0.475573 0.019792 -0.060000
v 0.488622 0.019601 -0.060000
v 0.502178 0.018011 -0.060000
v 0.516282 0.015165 -0.060000
v 0.527676 0.017061 -0.060000
v 0.540228 0.019770 -0.060000
v 0.559143 0.020643 -0.060000
v 0.573512 0.015586 -0.060000
v 0.584682 0.016396 -0.060000
v 0.593981 0.018171 -0.060000
v 0.606188 0.016017 -0.060000
v 0.619193 0.008307 -0.060000
v 0.629900 -0.003453 -0.060000
v 0.637004 -0.014600 -0.060000
v 0.642488 -0.030267 -0.060000
v 0.646040 -0.043675 -0.060000
v 0.647795 -0.053282 -0.060000
v 0.647190 -0.065034 -0.060000
v 0.642889 -0.079674 -0.060000
v 0.636054 -0.090255 -0.060000
v 0.627495 -0.099506 -0.060000
v 0.622194 -0.111997 -0.060000
v 0.617391 -0.125078 -0.060000
v 0.611425 -0.135085 -0.060000
v 0.605739 -0.146849 -0.060000
v 0.602646 -0.158472 -0.060000
v 0.593177 -0.171540 -0.060000
v 0.584402 -0.184873 -0.060000
v 0.573884 -0.201392 -0.060000
v 0.562489 -0.210758 -0.060000
v 0.554237 -0.221615 -0.060000
v 0.547170 -0.231604 -0.060000
v 0.544660 -0.239295 -0.060000
v 0.539872 -0.252527 -0.060000
v 0.531967 -0.264100 -0.060000
v 0.523631 -0.271809 -0.060000
v 0.516813 -0.284026 -0.060000
v 0.502921 -0.295692 -0.060000
v 0.489816 -0.303222 -0.060000
v 0.482489 -0.313679 -0.060000
v 0.473672 -0.323386 -0.060000
v 0.461829 -0.332243 -0.060000
v 0.443947 -0.345330 -0.060000
v 0.428228 -0.350807 -0.060000
v 0.419121 -0.350047 -0.060000
v 0.410932 -0.347742 -0.060000
v 0.401867 -0.341808 -0.060000
v 0.082885 -0.389065 -0.060000
v 0.054213 -0.370229 -0.060000
v 0.050046 -0.356615 -0.060000
v 0.050383 -0.348434 -0.060000
v 0.054308 -0.338318 -0.060000
v 0.061650 -0.328018 -0.060000
v 0.074211 -0.310203 -0.060000
v 0.085194 -0.299314 -0.060000
v 0.097523 -0.290455 -0.060000
v 0.107628 -0.276672 -0.060000
v 0.117612 -0.266446 -0.060000
v 0.127300 -0.254614 -0.060000
v 0.132041 -0.243339 -0.060000
v 0.136452 -0.229267 -0.060000
v 0.144389 -0.216483 -0.060000
v 0.148875 -0.211878 -0.060000
v 0.158391 -0.202984 -0.060000
v 0.160405 -0.188754 -0.060000
v 0.159067 -0.181633 -0.060000
v 0.152330 -0.180368 -0.060000
v 0.136459 -0.181203 -0.060000
v 0.121949 -0.180533 -0.060000
v 0.105431 -0.181649 -0.060000
v 0.091794 -0.179267 -0.060000
v 0.078833 -0.182503 -0.060000
v 0.063697 -0.185938 -0.060000
v 0.053941 -0.185921 -0.060000
v 0.041774 -0.186297 -0.060000
v 0.030734 -0.188082 -0.060000
v 0.021219 -0.190390 -0.060000
v 0.006199 -0.195173 -0.060000
v -0.012155 -0.192968 -0.060000
v -0.024791 -0.186066 -0.060000
v -0.030447 -0.180610 -0.060000
v -0.035434 -0.170746 -0.060000
v -0.036766 -0.150883 -0.060000
v -0.029787 -0.135640 -0.060000
v -0.018395 -0.125328 -0.060000
v -0.005412 -0.119627 -0.060000
v 0.003660 -0.118882 -0.060000
v 0.016879 -0.118344 -0.060000
v 0.033407 -0.116321 -0.060000
v 0.045503 -0.114395 -0.060000
v 0.059549 -0.111942 -0.060000
v 0.072676 -0.111885 -0.060000
v 0.082734 -0.113658 -0.060000
v 0.098402 -0.111665 -0.060000
v 0.114093 -0.109949 -0.060000
v 0.129275 -0.110943 -0.060000
v 0.140315 -0.109840 -0.060000
v 0.150985 -0.111715 -0.060000
v 0.167060 -0.112411 -0.060000
v 0.178834 -0.112379 -0.060000
v 0.195447 -0.117348 -0.060000
v 0.212827 -0.125012 -0.060000
v 0.225775 -0.130631 -0.060000
v 0.235355 -0.139267 -0.060000
v 0.243535 -0.156070 -0.060000
v 0.244597 -0.168472 -0.060000
v 0.243354 -0.183736 -0.060000
v 0.240609 -0.202585 -0.060000
v 0.233846 -0.215173 -0.060000
v 0.223453 -0.225603 -0.060000
v 0.215701 -0.239494 -0.060000
v 0.213383 -0.254900 -0.060000
v 0.206608 -0.268734 -0.060000
v 0.199383 -0.276754 -0.060000
v 0.190162 -0.283554 -0.060000
v 0.182603 -0.291124 -0.060000
v 0.175734 -0.301494 -0.060000
v 0.170667 -0.311369 -0.060000
v 0.161496 -0.324884 -0.060000
v 0.149186 -0.337195 -0.060000
v 0.145632 -0.345807 -0.060000
v 0.141138 -0.353863 -0.060000
v 0.131454 -0.364305 -0.060000
v 0.121118 -0.371793 -0.060000
v 0.168985 -0.006530 -0.060000
v 0.156596 -0.004305 -0.060000
v 0.146874 -0.006286 -0.060000
v 0.128690 -0.005930 -0.060000
v 0.117739 -0.006500 -0.060000
v 0.105914 -0.006231 -0.060000
v 0.094819 -0.003407 -0.060000
v 0.086742 -0.005370 -0.060000
v 0.070931 -0.007457 -0.060000
v 0.055809 -0.008017 -0.060000
v 0.040039 -0.007019 -0.060000
v 0.030582 -0.006615 -0.060000
v 0.021599 -0.009595 -0.060000
v 0.007176 -0.011035 -0.060000
v -0.008420 -0.008238 -0.060000
v -0.018339 -0.004400 -0.060000
v -0.024730 0.000383 -0.060000
v -0.032079 0.010307 -0.060000
v -0.035791 0.026115 -0.060000
v -0.032365 0.042044 -0.060000
v -0.025302 0.051331 -0.060000
v -0.017069 0.057829 -0.060000
v -0.002543 0.064489 -0.060000
v 0.011685 0.066846 -0.060000
v 0.027658 0.064436 -0.060000
v 0.041948 0.064824 -0.060000
v 0.052870 0.065960 -0.060000
v 0.064071 0.066804 -0.060000
v 0.069672 0.066339 -0.060000
v 0.080287 0.064378 -0.060000
v 0.094713 0.062665 -0.060000
v 0.108130 0.064904 -0.060000
v 0.121659 0.064531 -0.060000
v 0.133289 0.064554 -0.060000
v 0.153969 0.062719 -0.060000
v 0.169708 0.060591 -0.060000
v 0.179527 0.061790 -0.060000
v 0.194432 0.060601 -0.060000
v 0.208062 0.058247 -0.060000
v 0.221418 0.054834 -0.060000
v 0.238003 0.044849 -0.060000
v 0.244247 0.033867 -0.060000
v 0.245866 0.024729 -0.060000
v 0.243676 0.010367 -0.060000
v 0.236845 -0.002177 -0.060000
v 0.228802 -0.008926 -0.060000
v 0.217286 -0.012734 -0.060000
v 0.199214 -0.011976 -0.060000
v 0.184371 -0.010028 -0.060000
v -0.360815 -0.329944 -0.060000
v -0.356611 -0.319376 -0.060000
v -0.351093 -0.309919 -0.060000
v -0.344833 -0.300878 -0.060000
v -0.337485 -0.291370 -0.060000
v -0.325476 -0.281379 -0.060000
v -0.313726 -0.277293 -0.060000
v -0.305377 -0.268747 -0.060000
v -0.296503 -0.257415 -0.060000
v -0.294242 -0.251110 -0.060000
v -0.288649 -0.241953 -0.060000
v -0.277638 -0.230567 -0.060000
v -0.271005 -0.223322 -0.060000
v -0.263061 -0.212247 -0.060000
v -0.252120 -0.202584 -0.060000
v -0.244905 -0.190391 -0.060000
v -0.235124 -0.178772 -0.060000
v -0.226039 -0.166397 -0.060000
v -0.217443 -0.153096 -0.060000
v -0.215482 -0.143528 -0.060000
v -0.213030 -0.129949 -0.060000
v -0.203622 -0.114389 -0.060000
v -0.195278 -0.106814 -0.060000
v -0.189945 -0.092521 -0.060000
v -0.190555 -0.080409 -0.060000
v -0.191396 -0.070750 -0.060000
v -0.207525 -0.068257 -0.060000
v -0.216538 -0.066614 -0.060000
v -0.224746 -0.066317 -0.060000
v -0.240267 -0.063826 -0.060000
v -0.255441 -0.063623 -0.060000
v -0.269900 -0.063295 -0.060000
v -0.289751 -0.062837 -0.060000
v -0.303171 -0.074738 -0.060000
v -0.313076 -0.085055 -0.060000
v -0.323629 -0.097771 -0.060000
v -0.335458 -0.111009 -0.060000
v -0.345727 -0.118601 -0.060000
v -0.356742 -0.129839 -0.060000
v -0.364693 -0.139365 -0.060000
v -0.371429 -0.144451 -0.060000
v -0.385839 -0.145763 -0.060000
v -0.399027 -0.139757 -0.060000
v -0.405931 -0.131277 -0.060000
v -0.406334 -0.114089 -0.060000
v -0.398229 -0.096183 -0.060000
v -0.393547 -0.084134 -0.060000
v -0.390098 -0.072050 -0.060000
v -0.385025 -0.060422 -0.060000
v -0.381578 -0.055362 -0.060000
v -0.374557 -0.046702 -0.060000
v -0.367449 -0.032955 -0.060000
v -0.358326 -0.018794 -0.060000
v -0.350320 -0.009262 -0.060000
v -0.341999 -0.001781 -0.060000
v -0.335064 0.002105 -0.060000
v -0.326082 0.004126 -0.060000
v -0.309728 0.007816 -0.060000
v -0.296418 0.010279 -0.060000
v -0.283411 0.009278 -0.060000
v -0.272973 0.010581 -0.060000
v -0.262291 0.009673 -0.060000
v -0.242954 0.007425 -0.060000
v -0.226849 0.005146 -0.060000
v -0.213484 0.004317 -0.060000
v -0.205002 0.002616 -0.060000
v -0.192840 0.001347 -0.060000
v -0.176128 -0.004612 -0.060000
v -0.159494 -0.007645 -0.060000
v -0.149949 -0.010921 -0.060000
v -0.141177 -0.016754 -0.060000
v -0.131123 -0.026767 -0.060000
v -0.120288 -0.037512 -0.060000
v -0.110759 -0.054089 -0.060000
v -0.108686 -0.070201 -0.060000
v -0.109275 -0.081397 -0.060000
v -0.111773 -0.094349 -0.060000
v -0.121001 -0.110735 -0.060000
v -0.128270 -0.122070 -0.060000
v -0.132360 -0.137070 -0.060000
v -0.133958 -0.151296 -0.060000
v -0.137310 -0.161599 -0.060000
v -0.145669 -0.172373 -0.060000
v -0.154324 -0.178636 -0.060000
v -0.160335 -0.184069 -0.060000
v -0.166032 -0.194157 -0.060000
v -0.171199 -0.205189 -0.060000
v -0.179150 -0.220397 -0.060000
v -0.185374 -0.231259 -0.060000
v -0.193140 -0.240166 -0.060000
v -0.201003 -0.255898 -0.060000
v -0.211767 -0.269644 -0.060000
v -0.221758 -0.283794 -0.060000
v -0.233100 -0.295796 -0.060000
v -0.244228 -0.302320 -0.060000
v -0.250100 -0.307070 -0.060000
v -0.257828 -0.314797 -0.060000
v -0.267417 -0.326578 -0.060000
v -0.274935 -0.340154 -0.060000
v -0.282420 -0.347581 -0.060000
v -0.294065 -0.355783 -0.060000
v -0.304532 -0.362411 -0.060000
v -0.314765 -0.367384 -0.060000
v -0.325643 -0.371603 -0.060000
v -0.332375 -0.372400 -0.060000
v -0.346494 -0.368982 -0.060000
v -0.358647 -0.359168 -0.060000
v -0.363109 -0.345400 -0.060000
v 0.413630 0.123441 -0.060000
v 0.406038 0.127180 -0.060000
v 0.401138 0.132700 -0.060000
v 0.392016 0.141957 -0.060000
v 0.378762 0.147799 -0.060000
v 0.370811 0.153598 -0.060000
v 0.366305 0.148765 -0.060000
v 0.359449 0.143018 -0.060000
v 0.348083 0.137150 -0.060000
v 0.336400 0.131628 -0.060000
v 0.328458 0.128446 -0.060000
v 0.316258 0.128231 -0.060000
v 0.306783 0.130807 -0.060000
v 0.298596 0.136092 -0.060000
v 0.288377 0.147634 -0.060000
v 0.283686 0.161178 -0.060000
v 0.279126 0.175625 -0.060000
v 0.278926 0.188133 -0.060000
v 0.281281 0.196522 -0.060000
v 0.286276 0.205871 -0.060000
v 0.293127 0.212296 -0.060000
v 0.304367 0.217258 -0.060000
v 0.313789 0.220631 -0.060000
v 0.325894 0.228257 -0.060000
v 0.326287 0.233949 -0.060000
v 0.325396 0.239294 -0.060000
v 0.321872 0.250539 -0.060000
v 0.319680 0.263435 -0.060000
v 0.316584 0.273787 -0.060000
v 0.314481 0.282787 -0.060000
v 0.309213 0.293957 -0.060000
v 0.305781 0.305149 -0.060000
v 0.304656 0.315231 -0.060000
v 0.306377 0.329795 -0.060000
v 0.310032 0.339174 -0.060000
v 0.314779 0.346517 -0.060000
v 0.324215 0.353518 -0.060000
v 0.336028 0.357098 -0.060000
v 0.347656 0.354094 -0.060000
v 0.358241 0.346611 -0.060000
v 0.363670 0.336164 -0.060000
v 0.366436 0.324542 -0.060000
v 0.377500 0.323451 -0.060000
v 0.386252 0.323862 -0.060000
v 0.398141 0.322550 -0.060000
v 0.411769 0.322802 -0.060000
v 0.418242 0.323042 -0.060000
v 0.424376 0.322090 -0.060000
v 0.435067 0.325574 -0.060000
v 0.449382 0.328331 -0.060000
v 0.464233 0.333850 -0.060000
v 0.473464 0.336340 -0.060000
v 0.485369 0.335186 -0.060000
v 0.497326 0.326428 -0.060000
v 0.501857 0.319683 -0.060000
v 0.504024 0.310327 -0.060000
v 0.500891 0.296598 -0.060000
v 0.494128 0.287726 -0.060000
v 0.485872 0.281594 -0.060000
v 0.474114 0.275496 -0.060000
v 0.457769 0.267627 -0.060000
v 0.444272 0.264761 -0.060000
v 0.439237 0.264948 -0.060000
v 0.434282 0.265707 -0.060000
v 0.418944 0.262043 -0.060000
v 0.409044 0.262212 -0.060000
v 0.403131 0.262894 -0.060000
v 0.395111 0.260554 -0.060000
v 0.383632 0.258558 -0.060000
v 0.383934 0.248556 -0.060000
v 0.384982 0.228809 -0.060000
v 0.388389 0.214185 -0.060000
v 0.396731 0.205068 -0.060000
v 0.407820 0.200517 -0.060000
v 0.413521 0.196981 -0.060000
v 0.418828 0.191970 -0.060000
v 0.429515 0.186473 -0.060000
v 0.446276 0.179755 -0.060000
v 0.456254 0.171263 -0.060000
v 0.460618 0.168157 -0.060000
v 0.468767 0.162698 -0.060000
v 0.475712 0.151674 -0.060000
v 0.476790 0.146108 -0.060000
v 0.475471 0.137109 -0.060000
v 0.470174 0.126467 -0.060000
v 0.463799 0.121714 -0.060000
v 0.454392 0.119111 -0.060000
v 0.444383 0.119357 -0.060000
v 0.427607 0.120839 -0.060000
v 0.326344 0.187698 -0.060000
v 0.322006 0.177790 -0.060000
v 0.332328 0.175008 -0.060000
v 0.335427 0.184502 -0.060000
v -0.301026 0.088354 -0.060000
v -0.305635 0.097611 -0.060000
v -0.309468 0.112825 -0.060000
v -0.314483 0.127880 -0.060000
v -0.323781 0.139043 -0.060000
v -0.328230 0.157068 -0.060000
v -0.326264 0.175334 -0.060000
v -0.324818 0.185366 -0.060000
v -0.327652 0.200480 -0.060000
v -0.328986 0.218527 -0.060000
v -0.326685 0.235249 -0.060000
v -0.328512 0.253309 -0.060000
v -0.328346 0.263179 -0.060000
v -0.327381 0.273180 -0.060000
v -0.325238 0.292176 -0.060000
v -0.326130 0.306879 -0.060000
v -0.323239 0.322685 -0.060000
v -0.318064 0.338901 -0.060000
v -0.318112 0.351628 -0.060000
v -0.315995 0.363465 -0.060000
v -0.313702 0.377914 -0.060000
v -0.305652 0.392793 -0.060000
v -0.298463 0.400567 -0.060000
v -0.289068 0.407055 -0.060000
v -0.271083 0.413546 -0.060000
v -0.256632 0.413143 -0.060000
v -0.241798 0.407889 -0.060000
v -0.229332 0.398897 -0.060000
v -0.223087 0.389902 -0.060000
v -0.220871 0.382178 -0.060000
v -0.221859 0.370620 -0.060000
v -0.229282 0.354401 -0.060000
v -0.237970 0.346401 -0.060000
v -0.244086 0.339737 -0.060000
v -0.250037 0.324952 -0.060000
v -0.250328 0.310548 -0.060000
v -0.250779 0.302189 -0.060000
v -0.253397 0.287375 -0.060000
v -0.254063 0.273613 -0.060000
v -0.254257 0.265426 -0.060000
v -0.255099 0.252621 -0.060000
v -0.257363 0.234662 -0.060000
v -0.255536 0.219791 -0.060000
v -0.255939 0.200549 -0.060000
v -0.255003 0.189245 -0.060000
v -0.247284 0.177062 -0.060000
v -0.243398 0.158417 -0.060000
v -0.234766 0.143891 -0.060000
v -0.223298 0.129576 -0.060000
v -0.217269 0.119034 -0.060000
v -0.214351 0.108597 -0.060000
v -0.213658 0.096863 -0.060000
v -0.216961 0.086420 -0.060000
v -0.224327 0.074340 -0.060000
v -0.231644 0.067555 -0.060000
v -0.244794 0.061452 -0.060000
v -0.264487 0.060646 -0.060000
v -0.280694 0.066678 -0.060000
v -0.293204 0.077702 -0.060000
v 0.020215 0.129721 -0.060000
v 0.004306 0.126550 -0.060000
v -0.003856 0.125625 -0.060000
v -0.016806 0.128204 -0.060000
v -0.033533 0.131732 -0.060000
v -0.045116 0.135176 -0.060000
v -0.056761 0.143079 -0.060000
v -0.068396 0.155123 -0.060000
v -0.078457 0.172253 -0.060000
v -0.080534 0.192060 -0.060000
v -0.077889 0.207616 -0.060000
v -0.075502 0.214095 -0.060000
v -0.068550 0.222273 -0.060000
v -0.058648 0.228902 -0.060000
v -0.049826 0.230821 -0.060000
v -0.033306 0.229125 -0.060000
v -0.020315 0.222649 -0.060000
v -0.014222 0.215134 -0.060000
v -0.003526 0.203923 -0.060000
v 0.010798 0.202949 -0.060000
v 0.022715 0.207483 -0.060000
v 0.035153 0.213130 -0.060000
v 0.042090 0.215760 -0.060000
v 0.051364 0.219970 -0.060000
v 0.065298 0.233487 -0.060000
v 0.080044 0.241077 -0.060000
v 0.098167 0.240747 -0.060000
v 0.110262 0.233571 -0.060000
v 0.117827 0.222613 -0.060000
v 0.120666 0.209757 -0.060000
v 0.118961 0.197007 -0.060000
v 0.110518 0.183257 -0.060000
v 0.100747 0.174460 -0.060000
v 0.093154 0.169870 -0.060000
v 0.083870 0.158653 -0.060000
v 0.071977 0.146860 -0.060000
v 0.054977 0.136973 -0.060000
v 0.039258 0.130834 -0.060000
v -0.064613 0.349604 -0.060000
v -0.067147 0.367647 -0.060000
v -0.064337 0.388445 -0.060000
v -0.057283 0.400086 -0.060000
v -0.050648 0.406303 -0.060000
v -0.043679 0.410609 -0.060000
v -0.031570 0.418210 -0.060000
v -0.015092 0.424649 -0.060000
v 0.000973 0.426923 -0.060000
v 0.017962 0.425047 -0.060000
v 0.031803 0.418152 -0.060000
v 0.039762 0.409218 -0.060000
v 0.044490 0.398963 -0.060000
v 0.045338 0.381534 -0.060000
v 0.040064 0.365937 -0.060000
v 0.032216 0.356448 -0.060000
v 0.021393 0.349541 -0.060000
v 0.007399 0.346360 -0.060000
v -0.006978 0.335994 -0.060000
v -0.022667 0.327491 -0.060000
v -0.039189 0.327581 -0.060000
v -0.055409 0.335294 -0.060000
v -0.635321 -0.144993 -0.060000
v -0.653495 -0.140807 -0.060000
v -0.671457 -0.143969 -0.060000
v -0.698387 -0.143825 -0.060000
v -0.722384 -0.133139 -0.060000
v -0.745736 -0.121673 -0.060000
v -0.764631 -0.118773 -0.060000
v -0.775881 -0.116082 -0.060000
v -0.798420 -0.103497 -0.060000
v -0.819450 -0.093246 -0.060000
v -0.840563 -0.081458 -0.060000
v -0.866535 -0.075245 -0.060000
v -0.883905 -0.070019 -0.060000
v -0.906031 -0.052945 -0.060000
v -0.915578 -0.039671 -0.060000
v -0.925165 -0.029925 -0.060000
v -0.956803 -0.017823 -0.060000
v -0.980676 0.002056 -0.060000
v -1.004834 0.022498 -0.060000
v -1.019339 0.041738 -0.060000
v -1.024211 0.053350 -0.060000
v -1.027751 0.064897 -0.060000
v -1.035731 0.087300 -0.060000
v -1.039153 0.103688 -0.060000
v -1.037987 0.121372 -0.060000
v -1.032889 0.140140 -0.060000
v -1.018056 0.158253 -0.060000
v -1.006250 0.183432 -0.060000
v -0.993484 0.207105 -0.060000
v -0.975761 0.233138 -0.060000
v -0.956463 0.253729 -0.060000
v -0.951387 0.260715 -0.060000
v -0.946324 0.273133 -0.060000
v -0.934607 0.294920 -0.060000
v -0.918407 0.321812 -0.060000
v -0.907732 0.330956 -0.060000
v -0.897506 0.347096 -0.060000
v -0.883156 0.366841 -0.060000
v -0.874034 0.381039 -0.060000
v -0.868540 0.390004 -0.060000
v -0.857762 0.402667 -0.060000
v -0.843057 0.417342 -0.060000
v -0.824721 0.425426 -0.060000
v -0.801033 0.429230 -0.060000
v -0.778457 0.425425 -0.060000
v -0.753479 0.409081 -0.060000
v -0.740400 0.380180 -0.060000
v -0.739385 0.362561 -0.060000
v -0.747154 0.345998 -0.060000
v -0.760235 0.328415 -0.060000
v -0.769787 0.317943 -0.060000
v -0.788980 0.296436 -0.060000
v -0.802855 0.278933 -0.060000
v -0.811014 0.269022 -0.060000
v -0.815763 0.253954 -0.060000
v -0.833131 0.230733 -0.060000
v -0.843748 0.216449 -0.060000
v -0.857409 0.203351 -0.060000
v -0.869741 0.183081 -0.060000
v -0.882263 0.160991 -0.060000
v -0.900593 0.136245 -0.060000
v -0.912183 0.109709 -0.060000
v -0.890115 0.091166 -0.060000
v -0.879567 0.082451 -0.060000
v -0.870205 0.069626 -0.060000
v -0.845887 0.054490 -0.060000
v -0.825719 0.048233 -0.060000
v -0.806777 0.035032 -0.060000
v -0.784037 0.011848 -0.060000
v -0.764803 0.002854 -0.060000
v -0.741189 -0.001967 -0.060000
v -0.715734 -0.013912 -0.060000
v -0.696276 -0.018166 -0.060000
v -0.670453 -0.018782 -0.060000
v -0.652647 -0.025429 -0.060000
v -0.633902 -0.034928 -0.060000
v -0.609139 -0.031982 -0.060000
v -0.592097 -0.031582 -0.060000
v -0.571574 -0.036537 -0.060000
v -0.545521 -0.051869 -0.060000
v -0.530100 -0.072392 -0.060000
v -0.524864 -0.086572 -0.060000
v -0.525200 -0.108357 -0.060000
v -0.534736 -0.132338 -0.060000
v -0.547065 -0.146396 -0.060000
v -0.572735 -0.158530 -0.060000
v -0.591837 -0.160810 -0.060000
v -0.611327 -0.156208 -0.060000
v -0.642780 0.327364 -0.060000
v -0.659675 0.355732 -0.060000
v -0.669507 0.382128 -0.060000
v -0.669492 0.405704 -0.060000
v -0.666693 0.420027 -0.060000
v -0.658636 0.436669 -0.060000
v -0.635240 0.456486 -0.060000
v -0.615769 0.461231 -0.060000
v -0.596045 0.458187 -0.060000
v -0.574721 0.443177 -0.060000
v -0.565218 0.426795 -0.060000
v -0.557959 0.409838 -0.060000
v -0.549809 0.384203 -0.060000
v -0.537213 0.354239 -0.060000
v -0.535072 0.329020 -0.060000
v -0.544930 0.305532 -0.060000
v -0.558983 0.290820 -0.060000
v -0.571120 0.285648 -0.060000
v -0.595346 0.284821 -0.060000
v -0.617663 0.292983 -0.060000
v -0.630611 0.305670 -0.060000
v -0.507533 0.378757 -0.060000
v -0.523088 0.404152 -0.060000
v -0.532313 0.427068 -0.060000
v -0.535690 0.450869 -0.060000
v -0.534025 0.478826 -0.060000
v -0.521282 0.498121 -0.060000
v -0.505677 0.509582 -0.060000
v -0.489906 0.514128 -0.060000
v -0.461241 0.510957 -0.060000
v -0.441118 0.496613 -0.060000
v -0.431488 0.479366 -0.060000
v -0.420930 0.459486 -0.060000
v -0.407835 0.432402 -0.060000
v -0.399626 0.406892 -0.060000
v -0.403343 0.381178 -0.060000
v -0.414692 0.362409 -0.060000
v -0.436895 0.348672 -0.060000
v -0.465091 0.346486 -0.060000
v -0.488919 0.357048 -0.060000
v -0.596749 0.356731 -0.060000
v 0.065850 -0.383320 -0.060000
v 0.063625 -0.381615 0.060000
v 0.106889 -0.381027 -0.060000
v 0.098299 -0.385892 0.060000
v 0.094058 -0.387790 -0.060000
vn -0.6381 -0.3590 0.6811
vn -0.6583 -0.2625 0.7055
vn -0.7242 -0.1517 0.6727
vn -0.7304 0.0657 0.6798
vn -0.6878 0.2540 0.6800
vn -0.6275 0.1576 0.7625
vn -0.7122 0.0249 0.7015
vn -0.7036 0.0310 0.7099
vn -0.6966 -0.0099 0.7173
vn -0.6747 -0.1082 0.7301
vn -0.7159 -0.1223 0.6874
vn -0.7393 0.0777 0.6689
vn -0.6736 0.2828 0.6829
vn -0.6078 0.1147 0.7858
vn -0.7268 -0.0285 0.6863
vn -0.7191 0.1496 0.6786
vn -0.6520 0.0938 0.7524
vn -0.7336 0.0651 0.6765
vn -0.6815 0.0999 0.7250
vn -0.7002 0.0196 0.7137
vn -0.7248 0.0786 0.6845
vn -0.6910 0.1887 0.6978
vn -0.6422 0.0565 0.7645
vn -0.7338 -0.0033 0.6794
vn -0.6989 0.0787 0.7109
vn -0.7061 0.0726 0.7044
vn -0.6950 0.0424 0.7177
vn -0.7208 0.0631 0.6902
vn -0.7007 0.2156 0.6801
vn -0.6243 0.3851 0.6796
vn -0.4759 0.5731 0.6671
vn -0.1807 0.7283 0.6610
vn 0.1136 0.7314 0.6724
vn 0.3274 0.6645 0.6718
vn 0.4805 0.5471 0.6854
vn 0.6063 0.4172 0.6770
vn 0.6829 0.2587 0.6832
vn 0.7396 0.0589 0.6704
vn 0.7129 -0.2047 0.6708
vn 0.6392 -0.1966 0.7435
vn 0.7025 -0.1057 0.7038
vn 0.6945 -0.0945 0.7133
vn 0.7061 -0.0987 0.7012
vn 0.6864 -0.0558 0.7251
vn 0.7273 -0.0900 0.6804
vn 0.6847 -0.1266 0.7178
vn 0.4777 0.2224 0.8499
vn 0.4270 0.5811 0.6928
vn 0.3506 0.5704 0.7427
vn 0.2918 0.6504 0.7013
vn 0.2267 0.6441 0.7306
vn 0.2122 0.6863 0.6957
vn 0.2431 0.6633 0.7078
vn 0.0930 0.6456 0.7580
vn 0.0227 0.7249 0.6885
vn 0.1286 0.7068 0.6956
vn 0.1474 0.6862 0.7123
vn 0.1357 0.6944 0.7067
vn 0.2860 0.6870 0.6680
vn 0.5163 0.5356 0.6683
vn 0.6432 0.3560 0.6779
vn 0.7278 0.1448 0.6704
vn 0.7320 -0.1737 0.6588
vn 0.5573 -0.5064 0.6580
vn 0.2631 -0.7106 0.6526
vn 0.0195 -0.7216 0.6920
vn -0.0152 -0.7021 0.7119
vn -0.0047 -0.7085 0.7057
vn -0.0474 -0.7169 0.6956
vn -0.1837 -0.7107 0.6791
vn -0.1441 -0.6498 0.7463
vn -0.0961 -0.7180 0.6894
vn -0.1664 -0.6923 0.7022
vn -0.3089 -0.6746 0.6705
vn -0.2835 -0.6043 0.7446
vn -0.1886 -0.6769 0.7115
vn 0.1884 -0.3629 0.9126
vn 0.6771 -0.2019 0.7077
vn 0.6752 -0.2341 0.6995
vn 0.6523 -0.1329 0.7462
vn 0.7019 -0.0081 0.7122
vn 0.7163 -0.0114 0.6977
vn 0.6577 0.0850 0.7485
vn 0.7074 0.1596 0.6886
vn 0.7360 0.0006 0.6770
vn 0.7068 -0.2088 0.6759
vn 0.6379 -0.3170 0.7019
vn 0.6063 -0.4002 0.6872
vn 0.4897 -0.5531 0.6740
vn 0.2342 -0.7204 0.6528
vn -0.1067 -0.7440 0.6597
vn -0.4565 -0.6060 0.6514
vn -0.7534 -0.0782 0.6529
vn -0.7034 0.2116 0.6785
vn -0.6094 0.4228 0.6707
vn -0.4756 0.5407 0.6938
vn -0.4522 0.5291 0.7180
vn -0.4765 0.5292 0.7021
vn -0.4437 0.5615 0.6984
vn -0.4855 0.4290 0.7618
vn -0.6231 0.3271 0.7104
vn -0.6014 0.4237 0.6774
vn -0.5292 0.4486 0.7202
vn -0.5716 0.4009 0.7160
vn -0.5582 0.4770 0.6789
vn -0.4725 0.5247 0.7081
vn -0.5161 0.4398 0.7350
vn -0.5990 0.3501 0.7202
vn -0.6360 0.2392 0.7337
vn -0.6858 0.2401 0.6871
vn -0.6234 0.3815 0.6825
vn -0.5736 0.3730 0.7293
vn -0.6100 0.4018 0.6830
vn -0.5574 0.4084 0.7229
vn -0.5969 0.3798 -0.7067
vn -0.5949 0.3864 0.7048
vn -0.6028 0.3250 0.7287
vn -0.6235 0.1025 0.7751
vn -0.3859 -0.3360 0.8592
vn -0.1364 -0.6814 0.7191
vn -0.1551 -0.7071 0.6899
vn -0.2121 -0.6804 0.7014
vn -0.1513 -0.6641 0.7321
vn 0.0004 -0.6806 0.7326
vn 0.0255 -0.7240 0.6893
vn -0.0425 -0.7090 0.7039
vn 0.0098 -0.6865 0.7270
vn -0.0010 -0.7288 0.6847
vn -0.1393 -0.7116 0.6887
vn -0.0559 -0.6549 0.7536
vn -0.0123 -0.7328 0.6803
vn -0.1023 -0.7002 0.7066
vn -0.0612 -0.6911 0.7202
vn 0.0552 -0.6783 0.7327
vn 0.1415 -0.6901 0.7098
vn 0.1322 -0.7012 0.7006
vn 0.0499 -0.7245 0.6874
vn -0.1373 -0.7267 0.6730
vn -0.3952 -0.6360 0.6628
vn -0.6016 -0.4351 0.6699
vn -0.7503 -0.1144 0.6511
vn -0.7004 0.2590 0.6650
vn -0.5522 0.4883 0.6757
vn -0.4007 0.6121 0.6817
vn -0.2562 0.6834 0.6836
vn -0.0991 0.7253 0.6813
vn 0.0230 0.7171 0.6966
vn 0.1004 0.7126 0.6943
vn 0.0705 0.6822 0.7277
vn -0.0437 0.6900 0.7225
vn -0.0350 0.7243 0.6886
vn 0.0185 0.7045 0.7095
vn 0.0171 0.7084 0.7056
vn 0.0773 0.7190 0.6907
vn 0.0750 0.6852 0.7245
vn 0.0709 0.7170 0.6934
vn 0.0293 0.6767 0.7357
vn -0.1059 0.6849 0.7209
vn -0.1368 0.6992 0.7017
vn -0.0693 0.7204 0.6901
vn 0.0880 0.7330 0.6746
vn 0.1158 0.6736 0.7299
vn -0.0464 0.6774 0.7341
vn -0.0052 0.7436 0.6686
vn 0.2465 0.6983 0.6720
vn 0.4415 0.5887 0.6771
vn 0.5573 0.4654 0.6876
vn 0.6518 0.3348 0.6805
vn 0.6870 0.2086 0.6961
vn 0.7182 0.1107 0.6869
vn 0.7331 -0.0482 0.6784
vn 0.6950 -0.2147 0.6862
vn 0.6304 -0.3798 0.6770
vn 0.5592 -0.4103 0.7204
vn 0.6444 -0.3330 -0.6884
vn 0.6541 -0.2716 0.7060
vn 0.6478 -0.3069 0.6973
vn 0.6322 -0.2573 0.7308
vn 0.6794 -0.2524 0.6890
vn 0.6116 -0.4139 0.6743
vn 0.5478 -0.3947 0.7376
vn 0.6240 -0.3248 0.7108
vn 0.6181 -0.3817 0.6872
vn 0.5325 -0.5021 0.6815
vn 0.4953 -0.4673 0.7323
vn 0.5718 -0.4067 0.7124
vn 0.6060 -0.2935 0.7394
vn 0.6705 -0.2602 0.6948
vn 0.6186 -0.4000 0.6762
vn 0.5204 -0.4915 0.6983
vn 0.5344 -0.4110 0.7386
vn 0.5668 -0.4819 0.6682
vn 0.4306 -0.5726 0.6976
vn 0.4705 -0.4755 0.7433
vn 0.5433 -0.4818 0.6875
vn 0.4596 -0.5541 0.6941
vn 0.4238 -0.5632 0.7094
vn 0.4026 -0.6009 0.6906
vn 0.2509 -0.6966 0.6722
vn -0.0410 -0.7479 0.6626
vn -0.3836 -0.6487 0.6573
vn -0.6341 -0.3966 0.6638
vn -0.0786 -0.7536 0.6526
vn -0.6766 -0.3110 0.6675
vn -0.7554 0.0068 0.6552
vn -0.6778 0.2976 0.6723
vn -0.5874 0.3994 0.7039
vn -0.5803 0.4018 0.7084
vn -0.5724 0.4354 0.6948
vn -0.5060 0.5263 0.6834
vn -0.4339 0.5659 0.7011
vn -0.4794 0.4527 0.7519
vn -0.5682 0.4513 0.6881
vn -0.5146 0.4810 0.7098
vn -0.5455 0.4175 0.7267
vn -0.6135 0.2722 0.7413
vn -0.6802 0.2493 0.6893
vn -0.6171 0.3986 0.6785
vn -0.5128 0.5061 0.6935
vn -0.5341 0.2972 0.7915
vn -0.6816 0.0504 0.7300
vn -0.4604 -0.2828 0.8415
vn -0.1684 -0.6146 0.7706
vn 0.0106 -0.7000 0.7140
vn 0.0363 -0.7074 0.7059
vn -0.0246 -0.7262 0.6870
vn -0.0224 -0.6853 0.7280
vn 0.1183 -0.6736 0.7296
vn 0.1323 -0.7137 0.6878
vn 0.0158 -0.7217 0.6921
vn 0.0441 -0.6789 0.7329
vn 0.1296 -0.6937 0.7085
vn 0.1834 -0.6662 0.7229
vn 0.1177 -0.7368 0.6657
vn -0.1562 -0.7257 0.6701
vn -0.4187 -0.6151 0.6681
vn -0.6447 -0.3853 0.6602
vn -0.7380 -0.0871 0.6691
vn -0.7182 0.2170 0.6611
vn -0.5842 0.4470 0.6775
vn -0.4570 0.5677 0.6847
vn -0.2937 0.6797 0.6721
vn -0.1104 0.7149 0.6905
vn -0.0743 0.6973 0.7129
vn -0.0920 0.7034 0.7049
vn -0.0939 0.6989 0.7090
vn -0.0348 0.7242 0.6887
vn 0.0561 0.7136 0.6983
vn -0.0194 0.6737 0.7387
vn -0.0902 0.7112 0.6972
vn -0.0021 0.7249 0.6888
vn 0.0224 0.6959 0.7178
vn 0.0743 0.7276 0.6820
vn 0.0268 0.6616 0.7494
vn -0.0210 0.7283 0.6850
vn 0.1356 0.7180 0.6827
vn 0.2438 0.6763 0.6951
vn 0.2787 0.6507 0.7063
vn 0.3882 0.6265 0.6759
vn 0.5744 0.4708 0.6696
vn 0.7084 0.2317 0.6667
vn 0.7261 0.0199 0.6872
vn 0.7060 -0.0476 0.7066
vn 0.7131 -0.0878 0.6955
vn 0.6995 -0.2333 0.6755
vn 0.6131 -0.3977 0.6826
vn 0.5202 -0.5034 0.6899
vn 0.5069 -0.4433 0.7393
vn 0.6074 -0.2379 0.7580
vn 0.7033 -0.1421 0.6966
vn 0.6793 -0.2874 0.6753
vn 0.5689 -0.4614 0.6808
vn 0.4621 -0.5537 0.6927
vn 0.4737 -0.4730 0.7429
vn 0.5840 -0.3749 0.7200
vn 0.6201 -0.3175 0.7174
vn 0.6271 -0.3735 0.6835
vn 0.5376 -0.4912 0.6853
vn 0.5157 -0.4354 0.7379
vn 0.6050 -0.3553 0.7125
vn 0.5788 -0.4591 0.6739
vn 0.4448 -0.5701 0.6907
vn 0.3822 -0.5984 0.7041
vn -0.1293 -0.7065 0.6958
vn -0.0916 -0.6786 0.7288
vn 0.0168 -0.6981 0.7158
vn -0.0018 -0.7209 0.6931
vn -0.0034 -0.6920 0.7219
vn 0.0126 -0.7159 0.6981
vn -0.0566 -0.7174 0.6944
vn 0.0059 -0.6726 0.7400
vn 0.0950 -0.7035 0.7044
vn 0.0121 -0.7291 0.6843
vn -0.0386 -0.6991 0.7140
vn 0.0653 -0.6757 0.7343
vn 0.0773 -0.7258 0.6836
vn -0.0865 -0.7247 0.6836
vn -0.2927 -0.6802 0.6721
vn -0.5394 -0.5189 0.6631
vn -0.7119 -0.2331 0.6625
vn -0.7429 0.1215 0.6583
vn -0.6025 0.4431 0.6638
vn -0.3947 0.6222 0.6760
vn -0.1708 0.7221 0.6704
vn 0.0633 0.7296 0.6810
vn 0.0372 0.6639 0.7469
vn -0.0703 0.7020 0.7087
vn -0.0294 0.7194 0.6940
vn 0.0704 0.7176 0.6929
vn 0.0895 0.6919 0.7164
vn -0.0041 0.6839 0.7296
vn -0.0245 0.7217 0.6918
vn 0.0067 0.7012 0.7129
vn 0.0144 0.7160 0.6979
vn 0.0975 0.7207 0.6863
vn 0.0472 0.6697 0.7412
vn 0.0117 0.7261 0.6875
vn 0.1081 0.7082 0.6977
vn 0.1760 0.6960 0.6961
vn 0.3449 0.6615 0.6660
vn 0.5708 0.4892 0.6595
vn 0.7124 0.2129 0.6687
vn 0.7391 -0.0513 0.6716
vn 0.6784 -0.2997 0.6708
vn 0.5322 -0.5144 0.6724
vn 0.3383 -0.6579 0.6728
vn 0.1521 -0.7150 0.6824
vn -0.0079 -0.7291 0.6843
vn -0.0871 -0.7032 0.7056
vn -0.6685 0.2859 0.6866
vn -0.6084 0.3818 0.6958
vn -0.5687 0.4334 0.6991
vn -0.5105 0.5215 0.6837
vn -0.3727 0.6357 0.6760
vn -0.2988 0.6273 0.7191
vn -0.4124 0.5184 0.7491
vn -0.5629 0.3751 0.7365
vn -0.6153 0.3910 0.6844
vn -0.5268 0.4991 0.6880
vn -0.4892 0.4908 0.7210
vn -0.5681 0.4446 -0.6925
vn -0.5546 0.4739 0.6840
vn -0.5247 0.4203 0.7403
vn -0.6038 0.3828 0.6992
vn -0.5610 0.4643 0.6853
vn -0.5254 0.4529 0.7203
vn -0.5707 0.4066 0.7134
vn -0.6023 0.3257 0.7288
vn -0.6491 0.1651 0.7426
vn -0.7119 0.2189 0.6673
vn -0.5841 0.4532 0.6734
vn -0.5086 0.4611 0.7272
vn -0.5841 0.1906 0.7890
vn -0.6984 -0.0379 0.7147
vn -0.3546 -0.3321 0.8740
vn -0.1105 -0.6986 0.7069
vn -0.0878 -0.6949 0.7137
vn -0.1011 -0.7083 0.6986
vn -0.0290 -0.6701 0.7417
vn 0.0182 -0.7200 0.6938
vn -0.0465 -0.7119 0.7007
vn 0.0092 -0.6798 0.7334
vn 0.2528 -0.5704 0.7815
vn 0.4815 -0.5004 0.7195
vn 0.5079 -0.5016 0.7003
vn 0.5080 -0.4710 0.7212
vn 0.5409 -0.4628 0.7023
vn 0.4960 -0.5304 0.6875
vn 0.4309 -0.5636 0.7047
vn 0.4692 -0.4909 0.7340
vn 0.5065 -0.5266 0.6828
vn 0.2698 -0.7094 0.6511
vn -0.1058 -0.7463 0.6572
vn -0.3749 -0.6374 0.6732
vn -0.6674 -0.3800 0.6404
vn -0.7506 0.0760 0.6564
vn -0.6511 0.3309 0.6831
vn -0.6068 0.2915 0.7394
vn -0.6704 0.2068 0.7126
vn -0.6784 0.2511 0.6905
vn -0.6245 0.3800 0.6823
vn -0.5556 0.4356 0.7082
vn -0.5788 0.3532 0.7351
vn -0.6315 0.3472 0.6933
vn -0.5811 0.4269 0.6928
vn -0.5076 0.5215 0.6859
vn -0.3590 0.6456 0.6740
vn -0.1888 0.7027 0.6860
vn -0.1428 0.6845 0.7149
vn -0.0534 0.7382 0.6725
vn -0.0095 0.6800 0.7332
vn -0.0189 0.7275 0.6858
vn 0.0572 0.7064 0.7055
vn 0.0890 0.7115 0.6970
vn 0.0623 0.6873 0.7237
vn 0.0615 0.7201 0.6911
vn 0.0989 0.6970 0.7102
vn 0.1771 0.7112 0.6804
vn 0.2071 0.6628 0.7196
vn 0.1731 0.6869 0.7058
vn 0.3015 0.6742 0.6743
vn 0.4837 0.5521 0.6792
vn 0.4967 0.4849 0.7198
vn 0.5694 0.4676 0.6761
vn 0.6928 0.2679 0.6695
vn 0.7263 0.0613 0.6846
vn 0.7179 -0.0624 0.6934
vn 0.7041 -0.2152 0.6767
vn 0.6151 -0.4032 0.6775
vn 0.5649 -0.3560 0.7444
vn 0.6523 -0.2316 0.7217
vn 0.6738 -0.1290 0.7276
vn 0.7131 -0.1410 0.6867
vn 0.6665 -0.3166 0.6750
vn 0.5400 -0.5045 0.6737
vn 0.4718 -0.4943 0.7301
vn 0.5681 -0.3719 0.7341
vn 0.6340 -0.3127 0.7073
vn 0.6322 -0.3243 0.7037
vn 0.6203 -0.3512 0.7013
vn 0.5948 -0.4061 0.6938
vn 0.5842 -0.3474 0.7335
vn 0.6232 -0.3930 0.6761
vn 0.5491 -0.4381 0.7117
vn 0.5701 -0.4069 0.7137
vn 0.5578 -0.4705 0.6837
vn 0.4470 -0.5767 0.6838
vn 0.4154 -0.5455 0.7279
vn 0.4951 -0.4923 0.7159
vn 0.5554 -0.3753 0.7421
vn 0.6227 -0.3762 0.6861
vn 0.5292 -0.5041 0.6825
vn 0.4292 -0.5748 0.6967
vn 0.3721 -0.6133 0.6968
vn 0.2936 -0.6607 0.6908
vn 0.0854 -0.7451 0.6614
vn -0.2622 -0.7044 0.6596
vn -0.5592 -0.5042 0.6581
vn -0.7251 -0.1943 0.6607
vn -0.7336 0.0992 0.6723
vn -0.2546 -0.7022 0.6649
vn -0.4765 -0.5611 0.6769
vn -0.3739 -0.5273 0.7630
vn -0.3042 -0.6510 0.6954
vn -0.0563 -0.5904 0.8052
vn 0.2947 -0.6078 0.7374
vn 0.3520 -0.6296 0.6926
vn 0.2939 -0.6467 0.7039
vn 0.1737 -0.7211 0.6707
vn -0.0879 -0.7376 0.6695
vn -0.3276 -0.6631 0.6731
vn -0.5274 -0.5203 0.6717
vn -0.6642 -0.3204 0.6754
vn -0.6720 -0.2127 0.7094
vn -0.7277 -0.1220 0.6749
vn -0.7292 0.0830 0.6792
vn -0.6847 0.2564 0.6822
vn -0.5830 0.4636 0.6672
vn -0.3719 0.6394 0.6730
vn -0.2558 0.6539 0.7121
vn -0.3575 0.5379 0.7634
vn -0.5477 0.1681 0.8196
vn -0.6727 -0.1549 0.7235
vn -0.7072 -0.1553 0.6897
vn -0.6706 -0.1478 0.7270
vn -0.6806 -0.2007 0.7046
vn -0.6402 -0.2462 0.7277
vn -0.6872 -0.2454 0.6837
vn -0.7112 -0.1197 0.6927
vn -0.7283 -0.0016 0.6853
vn -0.7143 0.1503 0.6835
vn -0.6697 0.2646 0.6939
vn -0.6200 0.3893 0.6812
vn -0.4649 0.5841 0.6654
vn -0.1780 0.7275 0.6626
vn 0.1756 0.7331 0.6571
vn 0.4687 0.5779 0.6681
vn 0.6710 0.3353 0.6614
vn 0.3427 0.3817 0.8584
vn 0.0250 0.6854 0.7277
vn 0.0331 0.7277 0.6851
vn 0.0639 0.6926 0.7184
vn 0.0002 0.6987 0.7154
vn -0.1125 0.6641 0.7391
vn -0.1613 0.7054 0.6902
vn -0.1260 0.6879 0.7148
vn -0.2039 0.6562 0.7265
vn -0.2126 0.6937 0.6882
vn -0.0190 0.7431 0.6689
vn 0.2909 0.6954 0.6571
vn 0.5430 0.5109 0.6665
vn 0.6836 0.2853 0.6718
vn 0.7597 -0.0377 0.6492
vn 0.6507 -0.3666 0.6650
vn 0.4709 -0.5683 0.6748
vn 0.3453 -0.6230 0.7018
vn 0.3287 -0.6252 0.7078
vn 0.2983 -0.6554 0.6939
vn 0.1900 -0.7036 0.6847
vn 0.0328 -0.7308 0.6818
vn 0.0610 -0.6645 0.7448
vn 0.1194 -0.7182 0.6855
vn -0.0199 -0.7262 0.6872
vn 0.0721 -0.6407 0.7644
vn 0.1878 -0.6992 0.6898
vn 0.3597 -0.2911 0.8865
vn 0.6901 0.0629 0.7210
vn 0.7291 0.0329 0.6836
vn 0.6577 0.0795 0.7491
vn 0.6844 0.2028 0.7004
vn 0.4943 0.3565 0.7928
vn 0.3297 0.6012 0.7279
vn 0.3779 0.6278 0.6805
vn 0.4294 0.5595 0.7089
vn 0.2885 0.5931 0.7516
vn 0.2907 0.6777 0.6754
vn 0.4152 0.5889 0.6935
vn 0.4629 0.5445 0.6995
vn 0.6367 0.4037 0.6570
vn 0.7503 0.0521 0.6590
vn 0.6978 -0.2547 0.6695
vn 0.5382 -0.5265 0.6581
vn 0.2674 -0.6942 0.6683
vn 0.0405 -0.7306 0.6816
vn -0.0742 -0.7110 0.6993
vn 0.4425 -0.3866 0.8092
vn 0.3432 0.2057 0.9165
vn -0.2308 0.3991 0.8874
vn -0.5008 -0.1296 0.8558
vn -0.0746 -0.5146 0.8542
vn -0.5531 -0.4765 0.6834
vn -0.6494 -0.3359 0.6823
vn -0.7037 -0.1844 0.6861
vn -0.5866 -0.2553 0.7686
vn -0.6314 -0.3759 0.6782
vn -0.7270 -0.1520 0.6695
vn -0.7263 0.0593 0.6848
vn -0.6659 0.0092 0.7460
vn -0.7067 -0.0945 0.7012
vn -0.7247 -0.0169 0.6889
vn -0.7155 0.0891 0.6929
vn -0.6744 0.0332 0.7376
vn -0.7204 -0.0161 0.6934
vn -0.7131 0.0604 0.6985
vn -0.6973 0.0669 0.7136
vn -0.7012 0.0299 0.7123
vn -0.7227 0.1183 0.6809
vn -0.6752 0.2449 0.6957
vn -0.6335 0.1089 0.7661
vn -0.7271 0.0311 0.6859
vn -0.7048 0.1460 0.6942
vn -0.6699 0.3166 0.6715
vn -0.5506 0.4764 0.6855
vn -0.4394 0.5813 0.6848
vn -0.2846 0.6792 0.6766
vn -0.0567 0.7398 0.6705
vn 0.1694 0.7130 0.6804
vn 0.3478 0.6480 0.6776
vn 0.5209 0.5248 0.6733
vn 0.7020 0.2728 0.6579
vn 0.7383 -0.0425 0.6732
vn 0.6920 -0.2203 0.6875
vn 0.6289 -0.3968 0.6686
vn 0.5215 -0.4778 0.7069
vn 0.5655 -0.3376 0.7525
vn 0.6494 -0.0963 0.7544
vn 0.7211 -0.0247 0.6924
vn 0.7076 -0.1071 0.6985
vn 0.6811 -0.0678 0.7291
vn 0.7085 -0.0150 0.7056
vn 0.7125 -0.0437 0.7004
vn 0.7045 -0.0665 0.7066
vn 0.6824 0.0095 0.7309
vn 0.7214 0.0331 0.6917
vn 0.7082 -0.0183 0.7058
vn 0.6363 0.1291 0.7605
vn 0.6553 0.2882 0.6982
vn 0.7020 0.1980 0.6841
vn 0.5850 0.2655 0.7664
vn 0.5561 0.4405 0.7048
vn 0.6106 0.3941 0.6870
vn 0.6720 0.2778 0.6865
vn 0.7383 0.0913 0.6682
vn 0.7235 -0.1704 0.6690
vn 0.6142 -0.4131 0.6724
vn 0.4314 -0.6057 0.6686
vn 0.1757 -0.7253 0.6656
vn -0.1172 -0.7373 0.6653
vn -0.3895 -0.6355 0.6666
vn 0.0537 -0.6995 0.7126
vn 0.0725 -0.7033 0.7071
vn -0.0755 -0.7394 0.6690
vn -0.1253 -0.6693 0.7323
vn -0.1144 -0.7158 0.6889
vn -0.2834 -0.6810 0.6752
vn -0.4536 -0.5730 0.6826
vn -0.5472 -0.4732 0.6903
vn -0.6364 -0.3623 0.6809
vn -0.7218 -0.1677 0.6715
vn -0.7301 0.0392 0.6822
vn -0.7010 0.2194 0.6786
vn -0.6155 0.4007 0.6786
vn -0.4741 0.5724 0.6690
vn -0.2514 0.6983 0.6702
vn 0.0016 0.7389 0.6738
vn 0.2323 0.7036 0.6716
vn 0.4448 0.5926 0.6715
vn 0.5087 0.4961 -0.7036
vn 0.2237 0.5507 0.8042
vn -0.1157 0.6601 0.7422
vn -0.2640 0.6376 0.7237
vn -0.2800 0.6620 0.6952
vn -0.3304 0.5730 0.7500
vn -0.4550 0.5476 0.7023
vn -0.3753 0.6310 0.6790
vn -0.1512 0.7345 0.6615
vn 0.1010 0.7287 0.6774
vn 0.3447 0.6620 0.6655
vn 0.5616 0.4853 0.6701
vn 0.7125 0.2267 0.6640
vn 0.7373 -0.0617 0.6728
vn 0.6755 -0.3095 0.6692
vn 0.5409 -0.4970 0.6786
vn 0.4640 -0.5220 0.7157
vn 0.4975 -0.5022 0.7073
vn 0.4329 -0.5963 0.6761
vn 0.3490 -0.5967 0.7226
vn 0.3215 -0.6607 0.6783
vn 0.1328 -0.7231 0.6779
vn -0.7144 -0.1851 0.6748
vn -0.7325 0.0114 0.6807
vn -0.7082 0.2297 0.6677
vn -0.5825 0.4554 0.6733
vn -0.4326 0.5847 0.6863
vn -0.3436 0.6269 0.6992
vn -0.2305 0.6979 0.6781
vn -0.0599 0.7242 0.6869
vn 0.1124 0.7265 0.6779
vn 0.3585 0.6548 0.6654
vn 0.5912 0.4532 0.6672
vn 0.7148 0.2032 0.6691
vn 0.7368 -0.0145 0.6760
vn 0.7036 -0.2193 0.6759
vn 0.6067 -0.4188 0.6757
vn 0.4228 -0.6162 0.6645
vn 0.2586 -0.6603 0.7051
vn 0.3486 -0.5642 0.7484
vn 0.3379 -0.6745 0.6564
vn -0.0213 -0.7492 0.6620
vn -0.3329 -0.6664 0.6671
vn -0.6117 -0.4528 0.6487
vn -0.1744 -0.6349 0.7526
vn 0.0281 -0.6824 0.7305
vn 0.0485 -0.7220 0.6902
vn -0.1729 -0.7331 0.6577
vn -0.3116 -0.6349 0.7069
vn -0.2031 -0.6370 0.7436
vn -0.1470 -0.7024 0.6965
vn -0.2792 -0.6773 0.6807
vn -0.3140 -0.6203 0.7188
vn -0.3132 -0.6426 0.6992
vn -0.3144 -0.6279 0.7120
vn -0.2085 -0.6462 0.7341
vn -0.2545 -0.6906 0.6770
vn -0.4736 -0.5730 0.6689
vn -0.4801 -0.4863 0.7301
vn -0.3094 -0.5900 0.7458
vn -0.3254 -0.6622 0.6750
vn -0.4711 -0.5571 0.6839
vn -0.4753 -0.5078 0.7185
vn -0.5647 -0.4752 0.6748
vn -0.6616 -0.3030 0.6859
vn -0.6725 -0.2216 0.7062
vn -0.7281 -0.1137 0.6760
vn -0.7304 0.1303 0.6705
vn -0.6379 0.3741 0.6732
vn -0.5648 0.4340 -0.7018
vn -0.5952 0.3298 0.7328
vn -0.6320 0.3659 0.6832
vn -0.5749 0.3890 0.7198
vn -0.5811 0.4411 0.6839
vn -0.5552 0.3747 0.7426
vn -0.6376 0.3116 0.7046
vn -0.6300 0.3244 0.7056
vn -0.6068 0.4075 0.6824
vn -0.5125 0.5097 0.6911
vn -0.5196 0.4074 0.7510
vn -0.6090 0.3968 0.6868
vn -0.5699 0.3886 0.7240
vn -0.5932 0.4155 0.6896
vn -0.5153 0.5093 0.6893
vn -0.3645 0.6459 0.6707
vn -0.1472 0.7194 0.6788
vn 0.0292 0.7292 0.6837
vn 0.2373 0.7065 0.6667
vn 0.4805 0.5688 0.6676
vn 0.6561 0.3496 0.6689
vn 0.7440 0.0674 0.6648
vn 0.6920 -0.2814 0.6648
vn 0.5607 -0.4539 0.6925
vn 0.5232 -0.4673 0.7127
vn 0.5437 -0.4457 0.7111
vn 0.5762 -0.3731 0.7271
vn 0.6207 -0.3846 0.6832
vn 0.5611 -0.4291 0.7079
vn 0.5458 -0.4699 0.6937
vn 0.5445 -0.3962 0.7393
vn 0.6105 -0.3956 0.6862
vn 0.5616 -0.4078 0.7199
vn 0.5695 -0.4396 0.6946
vn 0.5247 -0.0921 0.8463
vn 0.5109 0.3848 0.7687
vn 0.5179 0.5153 0.6829
vn 0.4181 0.5000 0.7584
vn 0.2622 0.6317 0.7295
vn 0.2560 0.6740 0.6930
vn 0.4498 0.5989 0.6625
vn 0.4691 0.4947 0.7316
vn 0.3357 0.5909 0.7335
vn 0.1952 0.6551 0.7299
vn 0.2436 0.6950 0.6765
vn 0.2991 0.6335 0.7136
vn 0.1234 0.6433 0.7556
vn 0.0481 0.7290 0.6828
vn 0.2174 0.7033 0.6768
vn 0.2720 0.6462 0.7130
vn 0.0481 0.6281 0.7767
vn -0.0118 0.7415 0.6708
vn 0.2455 0.6962 0.6746
vn 0.4341 0.5969 0.6747
vn 0.5959 0.4442 0.6690
vn 0.6819 0.2741 0.6782
vn 0.7485 0.0122 0.6630
vn 0.6914 -0.2562 0.6755
vn 0.5842 -0.4467 0.6777
vn 0.4241 -0.6077 0.6715
vn 0.2190 -0.7087 0.6707
vn -0.0266 -0.7412 0.6708
vn -0.2424 -0.6902 0.6819
vn -0.6206 -0.3603 0.6965
vn -0.6008 -0.3480 0.7197
vn -0.6470 -0.3290 0.6878
vn -0.7325 -0.1317 0.6679
vn -0.7251 0.1121 0.6794
vn -0.6666 0.3085 0.6786
vn -0.5220 0.5414 0.6591
vn -0.2322 0.7093 0.6656
vn 0.1229 0.7432 0.6577
vn 0.4486 0.6009 0.6616
vn 0.6166 0.3956 0.6807
vn 0.6672 0.2675 0.6952
vn 0.6534 0.2452 0.7162
vn 0.7056 0.1982 0.6803
vn 0.7462 -0.0412 0.6645
vn 0.6694 -0.3183 0.6712
vn 0.4776 -0.5824 0.6578
vn 0.1279 -0.7416 0.6586
vn -0.2312 -0.7097 0.6654
vn -0.5182 -0.5406 0.6628
vn -0.5934 -0.4047 0.6958
vn -0.6554 -0.3178 0.6852
vn -0.7074 -0.1731 0.6853
vn -0.7284 -0.0264 0.6846
vn -0.7210 0.2084 0.6609
vn -0.5565 0.5145 0.6524
vn -0.2812 0.6860 0.6711
vn 0.0107 0.7490 0.6624
vn 0.3608 0.6639 0.6550
vn 0.5890 0.4366 0.6800
vn 0.6367 0.3229 0.7003
vn 0.6308 0.3099 0.7114
vn 0.6447 0.3075 0.6999
vn 0.6948 0.2223 0.6840
vn 0.7479 -0.0038 0.6638
vn 0.6840 -0.2907 0.6691
vn 0.5218 -0.5359 0.6638
vn 0.2964 -0.6813 0.6692
vn 0.0207 -0.7482 0.6632
vn -0.2716 -0.6897 0.6712
vn -0.5114 -0.5455 0.6640
vn -0.0000 -0.0000 1.0000
vn -0.6080 -0.4229 -0.6719
vn -0.6519 -0.2866 -0.7021
vn -0.6935 -0.2145 -0.6878
vn -0.7397 -0.0219 -0.6725
vn -0.7070 0.1853 -0.6825
vn -0.6507 0.3229 -0.6872
vn -0.6174 0.2139 -0.7570
vn -0.6988 0.0575 -0.7130
vn -0.7015 0.0231 -0.7123
vn -0.6969 -0.0201 -0.7169
vn -0.6735 -0.1169 -0.7298
vn -0.7191 -0.1209 -0.6843
vn -0.7384 0.0926 -0.6679
vn -0.6736 0.2087 -0.7090
vn -0.6600 0.0528 -0.7494
vn -0.7398 0.0615 -0.6700
vn -0.6735 0.1231 -0.7288
vn -0.7163 0.1095 -0.6891
vn -0.6781 0.0990 -0.7283
vn -0.6898 -0.0046 -0.7240
vn -0.7278 0.0204 -0.6855
vn -0.7062 0.1348 -0.6951
vn -0.6664 0.0554 -0.7435
vn -0.7304 0.0266 -0.6825
vn -0.6993 0.0969 -0.7082
vn -0.6945 0.0586 -0.7171
vn -0.7165 0.0571 -0.6953
vn -0.6897 0.0391 -0.7231
vn -0.7287 0.0835 -0.6797
vn -0.6798 0.2840 -0.6762
vn -0.5571 0.4828 -0.6757
vn -0.3484 0.6636 -0.6620
vn -0.0951 0.7289 -0.6780
vn 0.1525 0.7323 -0.6637
vn 0.3862 0.6262 -0.6773
vn 0.5784 0.4685 -0.6677
vn 0.6932 0.2449 -0.6779
vn 0.7513 -0.0353 -0.6590
vn 0.6744 -0.2600 -0.6911
vn 0.6408 -0.1812 -0.7461
vn 0.7059 -0.0988 -0.7014
vn 0.6884 -0.0712 -0.7219
vn 0.7178 -0.0813 -0.6915
vn 0.6913 -0.1112 -0.7140
vn 0.6901 -0.0448 -0.7223
vn 0.7240 -0.0666 -0.6866
vn 0.6881 -0.0889 -0.7202
vn 0.4842 0.2442 -0.8402
vn 0.4114 0.5861 -0.6980
vn 0.3293 0.5905 -0.7368
vn 0.3116 0.6510 -0.6921
vn 0.2241 0.6267 -0.7463
vn 0.1950 0.7010 -0.6860
vn 0.2370 0.6610 -0.7120
vn 0.1154 0.6603 -0.7421
vn 0.0802 0.7209 -0.6884
vn 0.1593 0.6950 -0.7012
vn 0.1560 0.6826 -0.7139
vn 0.1191 0.6916 -0.7124
vn 0.2266 0.7050 -0.6720
vn 0.4878 0.5693 -0.6617
vn 0.7040 0.2719 -0.6560
vn 0.7392 -0.0470 -0.6718
vn 0.6791 -0.3072 -0.6667
vn 0.5082 -0.5517 -0.6613
vn 0.2372 -0.7079 -0.6652
vn 0.0117 -0.7315 -0.6817
vn -0.0405 -0.6979 -0.7150
vn -0.0107 -0.7060 -0.7081
vn -0.0353 -0.7147 -0.6986
vn -0.1673 -0.7164 -0.6774
vn -0.1466 -0.6540 -0.7421
vn -0.1015 -0.7159 -0.6908
vn -0.1664 -0.6923 -0.7022
vn -0.3156 -0.6731 -0.6688
vn -0.3044 -0.5977 -0.7416
vn -0.1039 -0.6587 -0.7452
vn -0.2339 -0.0564 -0.9706
vn -0.0139 -0.5282 -0.8490
vn 0.6402 -0.2732 -0.7180
vn 0.6632 -0.1939 -0.7228
vn 0.6855 -0.0906 -0.7224
vn 0.7011 -0.0284 -0.7125
vn 0.6889 0.0372 -0.7239
vn 0.6591 0.1663 -0.7334
vn 0.7038 0.1819 -0.6867
vn 0.7385 -0.0036 -0.6742
vn 0.7024 -0.2238 -0.6757
vn 0.6342 -0.3165 -0.7054
vn 0.6229 -0.3570 -0.6961
vn 0.5532 -0.4874 -0.6756
vn 0.3235 -0.6806 -0.6574
vn -0.0629 -0.7588 -0.6482
vn -0.4086 -0.6276 -0.6627
vn -0.6748 -0.3181 -0.6659
vn -0.7525 -0.0163 -0.6584
vn -0.6851 0.2843 -0.6707
vn -0.5494 0.4942 -0.6737
vn -0.4434 0.5512 -0.7068
vn -0.4605 0.5237 -0.7167
vn -0.4809 0.5256 -0.7018
vn -0.4565 0.5459 -0.7026
vn -0.5065 0.4111 -0.7579
vn -0.6125 0.3972 -0.6834
vn -0.5456 0.4499 -0.7070
vn -0.5619 0.4091 -0.7190
vn -0.5614 0.4715 -0.6801
vn -0.4657 0.5443 -0.6977
vn -0.4906 0.4545 -0.7435
vn -0.5991 0.3457 -0.7222
vn -0.6410 0.2465 -0.7269
vn -0.6738 0.2795 -0.6840
vn -0.6037 0.4028 -0.6879
vn -0.5561 0.4386 -0.7060
vn -0.5837 0.3368 -0.7388
vn -0.6355 0.3801 -0.6721
vn -0.5536 0.4297 -0.7134
vn -0.5791 0.4072 0.7063
vn -0.5820 0.3946 -0.7110
vn -0.5992 0.3484 -0.7208
vn -0.7121 0.2146 0.6685
vn -0.5372 -0.1881 -0.8222
vn -0.2138 -0.5544 -0.8043
vn -0.0758 -0.7168 -0.6932
vn -0.1670 -0.7011 -0.6933
vn -0.2080 -0.6771 -0.7059
vn -0.0762 -0.6557 -0.7512
vn 0.0539 -0.7053 -0.7069
vn -0.0053 -0.7258 -0.6879
vn -0.0446 -0.7147 0.6980
vn 0.0178 -0.6924 -0.7213
vn -0.0223 -0.7297 -0.6834
vn -0.0618 -0.6928 -0.7185
vn -0.0497 -0.7173 -0.6949
vn -0.1041 -0.7052 -0.7014
vn -0.0752 -0.6884 -0.7214
vn 0.0471 -0.6779 -0.7337
vn 0.1259 -0.6978 -0.7052
vn 0.0628 -0.7225 -0.6885
vn -0.1157 -0.7302 -0.6734
vn -0.3459 -0.6556 -0.6712
vn -0.5188 -0.5255 -0.6744
vn -0.6501 -0.3490 -0.6750
vn -0.7488 -0.0787 -0.6581
vn -0.7120 0.1972 -0.6739
vn -0.6199 0.4006 -0.6748
vn -0.4689 0.5676 -0.6767
vn -0.2454 0.7025 -0.6681
vn -0.0269 0.7248 -0.6884
vn 0.0856 0.7158 -0.6930
vn 0.1109 0.6917 -0.7136
vn 0.0138 0.6817 -0.7315
vn -0.0449 0.7110 -0.7018
vn -0.0026 0.7121 -0.7021
vn 0.0258 0.7099 -0.7038
vn 0.0896 0.7172 -0.6911
vn 0.0718 0.6829 -0.7270
vn 0.0464 0.7173 -0.6952
vn 0.1129 0.7074 -0.6978
vn 0.0112 0.6612 -0.7502
vn -0.1317 0.6893 -0.7124
vn -0.0953 0.7173 -0.6902
vn 0.1094 0.7355 -0.6686
vn 0.0874 0.6479 -0.7567
vn -0.0903 0.6876 -0.7204
vn -0.0052 0.7436 -0.6686
vn 0.2574 0.6968 -0.6695
vn 0.4652 0.5710 -0.6764
vn 0.5762 0.4398 -0.6889
vn 0.6587 0.3189 -0.6814
vn 0.6843 0.2111 -0.6980
vn 0.7009 0.1535 -0.6965
vn 0.7316 0.0508 -0.6799
vn 0.7204 -0.1222 -0.6828
vn 0.6686 -0.3064 -0.6776
vn 0.5722 -0.4457 -0.6885
vn 0.5578 -0.3601 -0.7478
vn 0.6524 -0.2590 -0.7123
vn 0.6574 -0.3144 -0.6848
vn 0.6159 -0.3306 -0.7151
vn 0.6421 -0.2361 -0.7293
vn 0.6704 -0.3178 -0.6705
vn 0.5757 -0.4022 -0.7120
vn 0.5943 -0.3802 -0.7087
vn 0.5514 -0.4892 -0.6757
vn 0.4876 -0.4706 -0.7353
vn 0.5667 -0.4157 -0.7113
vn 0.5985 -0.3011 -0.7424
vn 0.6720 -0.2306 -0.7037
vn 0.6520 -0.3324 -0.6815
vn 0.5512 -0.4779 -0.6840
vn 0.5248 -0.4129 -0.7444
vn 0.5731 -0.4731 -0.6692
vn 0.4152 -0.5950 -0.6881
vn 0.4388 -0.4799 -0.7597
vn 0.5630 -0.4491 -0.6938
vn 0.4884 -0.5380 -0.6870
vn 0.4209 -0.5693 -0.7062
vn 0.3436 -0.6512 -0.6766
vn 0.0928 -0.7415 -0.6646
vn -0.1312 -0.7161 -0.6856
vn -0.3046 -0.6733 -0.6737
vn -0.5123 -0.5388 -0.6688
vn -0.0782 -0.7463 -0.6610
vn -0.6523 -0.3665 -0.6635
vn -0.7391 -0.0881 -0.6678
vn -0.7304 0.1465 -0.6671
vn -0.6453 0.3480 -0.6801
vn -0.5763 0.4085 -0.7078
vn -0.5539 0.4699 -0.6873
vn -0.4688 0.5534 -0.6885
vn -0.4708 0.4746 -0.7438
vn -0.5510 0.4670 -0.6916
vn -0.5194 0.4657 -0.7165
vn -0.5765 0.3477 -0.7394
vn -0.6549 0.2375 -0.7175
vn -0.6656 0.3046 -0.6814
vn -0.5735 0.4504 -0.6843
vn -0.4986 0.5091 -0.7016
vn -0.5444 0.2845 -0.7891
vn -0.6581 -0.0266 -0.7524
vn -0.3591 -0.3490 -0.8656
vn -0.0448 -0.6749 -0.7365
vn 0.0006 -0.7174 -0.6966
vn 0.0085 -0.6935 -0.7204
vn -0.0388 -0.7303 -0.6820
vn 0.0225 -0.6531 -0.7570
vn 0.1657 -0.6897 -0.7048
vn 0.0803 -0.7254 -0.6836
vn 0.0087 -0.7038 -0.7104
vn 0.0674 -0.6893 -0.7214
vn 0.1379 -0.6841 -0.7162
vn 0.1888 -0.6727 -0.7154
vn 0.0720 -0.7442 -0.6641
vn -0.2284 -0.7080 -0.6682
vn -0.4364 -0.5920 -0.6776
vn -0.5951 -0.4418 -0.6713
vn -0.7179 -0.1981 -0.6673
vn -0.7397 0.1357 -0.6591
vn -0.6006 0.4413 -0.6668
vn -0.4017 0.6192 -0.6747
vn -0.1797 0.7178 -0.6726
vn -0.0433 0.7111 -0.7018
vn -0.0575 0.6956 -0.7162
vn -0.0976 0.6960 -0.7114
vn -0.1162 0.6959 -0.7086
vn -0.0646 0.7222 -0.6887
vn 0.0615 0.7230 -0.6881
vn 0.0169 0.6697 -0.7425
vn -0.0846 0.7037 -0.7055
vn -0.0146 0.7251 -0.6885
vn -0.0093 0.6898 -0.7239
vn 0.0240 0.7368 -0.6756
vn 0.0786 0.6893 -0.7202
vn 0.0106 0.7036 -0.7105
vn 0.1056 0.7286 -0.6768
vn 0.2495 0.6754 -0.6939
vn 0.2830 0.6471 -0.7080
vn 0.4004 0.6223 -0.6726
vn 0.5938 0.4489 -0.6678
vn 0.7165 0.1961 -0.6694
vn 0.7253 0.0009 -0.6885
vn 0.7096 -0.0793 -0.7002
vn 0.7038 -0.2316 -0.6716
vn 0.5904 -0.4389 -0.6773
vn 0.5371 -0.4084 -0.7380
vn 0.6281 -0.2114 -0.7489
vn 0.7034 -0.2193 -0.6761
vn 0.6083 -0.4121 -0.6784
vn 0.4890 -0.5391 -0.6857
vn 0.4488 -0.5237 -0.7241
vn 0.5304 -0.4320 -0.7294
vn 0.5991 -0.3498 -0.7202
vn 0.6188 -0.3659 -0.6951
vn 0.5587 -0.4647 -0.6870
vn 0.5474 -0.3653 -0.7529
vn 0.6493 -0.3141 -0.6926
vn 0.5936 -0.4286 -0.6812
vn 0.4815 -0.5446 -0.6867
vn 0.4028 -0.5881 -0.7013
vn -0.1402 -0.6878 -0.7123
vn 0.0089 -0.7451 0.6669
vn 0.0668 -0.7267 -0.6836
vn 0.0106 -0.6983 -0.7157
vn 0.0106 -0.7152 -0.6989
vn -0.0950 -0.7219 -0.6854
vn -0.0065 -0.6397 -0.7686
vn 0.1317 -0.7064 -0.6955
vn 0.0617 -0.7137 -0.6977
vn -0.0111 -0.7170 -0.6970
vn -0.0365 -0.7035 -0.7097
vn 0.0930 -0.6521 -0.7524
vn 0.1502 -0.7120 -0.6860
vn -0.0295 -0.7340 -0.6785
vn -0.1961 -0.7000 -0.6867
vn -0.3573 -0.6429 -0.6775
vn -0.5220 -0.5206 -0.6757
vn -0.6769 -0.3147 -0.6654
vn -0.7486 -0.0076 -0.6630
vn -0.6797 0.3136 -0.6631
vn -0.5222 0.5144 -0.6802
vn -0.3822 0.6247 -0.6809
vn -0.2157 0.7021 -0.6787
vn -0.0050 0.7387 -0.6740
vn 0.0424 0.6848 -0.7275
vn -0.0458 0.6969 -0.7157
vn -0.0636 0.7073 -0.7040
vn 0.0037 0.7246 -0.6892
vn 0.0951 0.7127 -0.6949
vn 0.1040 0.6923 -0.7141
vn -0.0174 0.6701 -0.7420
vn -0.0481 0.7244 -0.6876
vn 0.0093 0.7037 -0.7105
vn 0.0301 0.7160 -0.6975
vn 0.0808 0.7076 -0.7020
vn 0.0026 0.6758 -0.7370
vn -0.0148 0.7272 -0.6862
vn 0.0899 0.7111 -0.6974
vn 0.1492 0.6997 -0.6987
vn 0.2841 0.6793 -0.6767
vn 0.5423 0.5274 -0.6541
vn 0.6977 0.2527 -0.6703
vn 0.7392 0.0101 -0.6734
vn 0.7018 -0.2373 -0.6717
vn 0.5757 -0.4711 -0.6683
vn 0.3628 -0.6494 -0.6683
vn 0.1030 -0.7345 -0.6707
vn -0.0631 -0.7130 -0.6983
vn -0.1261 -0.7060 -0.6969
vn -0.7046 0.1914 -0.6833
vn -0.6501 0.3173 -0.6904
vn -0.6041 0.3841 -0.6982
vn -0.5753 0.4208 -0.7014
vn -0.5254 0.5055 -0.6844
vn -0.3667 0.6420 -0.6733
vn -0.3414 0.5448 -0.7659
vn -0.5222 0.4576 -0.7196
vn -0.5838 0.3198 -0.7462
vn -0.6548 0.3147 -0.6872
vn -0.5766 0.4457 -0.6848
vn -0.5112 0.4833 -0.7107
vn -0.5389 0.4363 -0.7206
vn -0.5418 0.4895 -0.6832
vn -0.5145 0.4254 -0.7445
vn -0.5906 0.4193 -0.6895
vn -0.5496 0.4325 -0.7148
vn -0.5767 0.3978 -0.7136
vn -0.6122 0.2515 -0.7497
vn -0.6931 0.1312 -0.7088
vn -0.6951 0.2629 -0.6691
vn -0.5685 0.4686 -0.6762
vn -0.5348 0.3674 -0.7609
vn -0.6519 0.0964 -0.7522
vn -0.7009 -0.0488 -0.7116
vn -0.3530 -0.3298 -0.8756
vn -0.1180 -0.7001 -0.7042
vn -0.0745 -0.6860 -0.7238
vn -0.0705 -0.7171 -0.6934
vn -0.0588 -0.6873 -0.7240
vn -0.0132 -0.7077 -0.7064
vn -0.0187 -0.7087 -0.7052
vn 0.2089 -0.5670 -0.7968
vn 0.4853 -0.5022 -0.7158
vn 0.5205 -0.4658 -0.7156
vn 0.5391 -0.4640 -0.7029
vn 0.4910 -0.5381 -0.6851
vn 0.4510 -0.5208 -0.7248
vn 0.5190 -0.4674 -0.7156
vn 0.5032 -0.5320 -0.6810
vn 0.2772 -0.7081 -0.6494
vn -0.1258 -0.7442 -0.6560
vn -0.4594 -0.5934 -0.6609
vn -0.7191 -0.2657 -0.6421
vn -0.7344 0.1493 -0.6621
vn -0.6449 0.2725 -0.7141
vn -0.6603 0.2220 -0.7174
vn -0.6791 0.2433 -0.6926
vn -0.6359 0.3517 -0.6870
vn -0.5747 0.4283 -0.6973
vn -0.5721 0.3735 -0.7302
vn -0.6210 0.3595 -0.6966
vn -0.5801 0.4278 -0.6932
vn -0.5192 0.5020 -0.6917
vn -0.4253 0.5941 -0.6828
vn -0.2624 0.6906 -0.6740
vn -0.1576 0.6914 -0.7051
vn -0.1443 0.6967 -0.7027
vn -0.0371 0.7334 -0.6788
vn -0.0172 0.6837 -0.7296
vn -0.0138 0.7295 -0.6839
vn 0.0707 0.7075 -0.7031
vn 0.0908 0.7042 -0.7042
vn 0.0692 0.6939 -0.7168
vn 0.0940 0.7144 -0.6934
vn 0.1039 0.6872 -0.7190
vn 0.1627 0.7127 -0.6823
vn 0.1782 0.6644 -0.7258
vn 0.1829 0.7001 -0.6902
vn 0.3264 0.6584 -0.6782
vn 0.4590 0.5653 -0.6854
vn 0.4992 0.5002 -0.7075
vn 0.5812 0.4492 -0.6786
vn 0.7060 0.2376 -0.6671
vn 0.7251 0.0265 -0.6882
vn 0.7164 -0.0873 -0.6922
vn 0.6938 -0.2533 -0.6741
vn 0.6098 -0.3712 -0.7003
vn 0.6143 -0.2711 -0.7411
vn 0.6768 -0.1289 -0.7248
vn 0.7119 -0.1543 -0.6852
vn 0.6555 -0.3458 -0.6714
vn 0.5105 -0.5290 -0.6779
vn 0.4364 -0.5396 -0.7199
vn 0.5207 -0.4173 -0.7448
vn 0.6211 -0.3199 -0.7155
vn 0.6380 -0.3158 -0.7023
vn 0.6239 -0.3424 -0.7025
vn 0.5936 -0.4223 -0.6851
vn 0.5622 -0.3774 -0.7359
vn 0.6166 -0.3885 -0.6847
vn 0.5626 -0.4194 -0.7125
vn 0.5598 -0.4557 -0.6920
vn 0.4572 -0.5746 -0.6788
vn 0.3905 -0.5664 -0.7258
vn 0.4643 -0.5165 -0.7195
vn 0.5159 -0.4676 -0.7178
vn 0.5699 -0.3825 -0.7273
vn 0.5862 -0.4440 -0.6777
vn 0.4653 -0.5554 -0.6892
vn 0.3957 -0.5921 -0.7020
vn 0.3499 -0.6282 -0.6950
vn 0.2853 -0.6578 -0.6971
vn 0.1786 -0.7122 -0.6788
vn -0.0434 -0.7411 -0.6700
vn -0.3313 -0.6718 -0.6625
vn -0.6250 -0.4310 -0.6509
vn -0.7468 -0.0617 -0.6622
vn -0.2367 -0.6986 -0.6752
vn -0.4509 -0.5976 -0.6630
vn -0.5137 -0.4788 -0.7119
vn -0.3734 -0.5443 -0.7512
vn -0.3639 -0.6317 -0.6845
vn 0.0483 -0.4422 -0.8956
vn 0.4828 -0.5239 -0.7017
vn 0.4046 -0.6077 -0.6834
vn 0.3146 -0.6373 -0.7034
vn 0.2855 -0.6542 -0.7004
vn 0.1476 -0.7285 -0.6690
vn -0.0924 -0.7307 -0.6764
vn -0.2998 -0.6754 -0.6737
vn -0.4777 -0.5576 -0.6789
vn -0.6435 -0.3753 -0.6671
vn -0.6743 -0.2224 -0.7042
vn -0.7275 -0.1183 -0.6758
vn -0.7306 0.0943 -0.6763
vn -0.6769 0.2727 -0.6837
vn -0.5877 0.4516 -0.6714
vn -0.4105 0.6177 -0.6707
vn -0.2644 0.6640 -0.6994
vn -0.2985 0.6110 -0.7332
vn -0.4853 0.2924 -0.8240
vn -0.6791 -0.0342 -0.7332
vn -0.6719 -0.1605 -0.7230
vn -0.7015 -0.1689 -0.6924
vn -0.6749 -0.1571 -0.7210
vn -0.6902 -0.1838 -0.6999
vn -0.6448 -0.2239 -0.7308
vn -0.6734 -0.2622 -0.6912
vn -0.7115 -0.1468 -0.6872
vn -0.7308 0.0020 -0.6826
vn -0.7111 0.1773 -0.6804
vn -0.6480 0.3318 -0.6856
vn -0.5422 0.5073 -0.6698
vn -0.3332 0.6614 -0.6720
vn -0.0162 0.7570 -0.6532
vn 0.3129 0.6727 -0.6705
vn 0.5660 0.4949 -0.6593
vn 0.6861 0.2539 -0.6817
vn 0.3300 0.3795 -0.8644
vn 0.0191 0.6886 -0.7249
vn 0.0218 0.7229 -0.6906
vn 0.0332 0.6910 -0.7221
vn -0.0197 0.7057 -0.7082
vn 0.0392 0.7250 -0.6876
vn -0.0494 0.6420 -0.7651
vn -0.1808 0.6971 -0.6938
vn -0.1840 0.6625 -0.7261
vn -0.2197 0.6831 -0.6965
vn -0.0623 0.7399 -0.6698
vn 0.2690 0.7071 -0.6539
vn 0.5368 0.5120 -0.6706
vn 0.6826 0.2972 -0.6676
vn 0.7515 0.0010 -0.6597
vn 0.6789 -0.3178 -0.6618
vn 0.5178 -0.5233 -0.6768
vn 0.3834 -0.6142 -0.6897
vn 0.3182 -0.6345 -0.7043
vn 0.2362 -0.6916 -0.6826
vn 0.0614 -0.7299 -0.6808
vn -0.0669 -0.7165 -0.6944
vn 0.0272 -0.6565 -0.7538
vn 0.0792 -0.7282 -0.6808
vn -0.0483 -0.7163 -0.6961
vn 0.0559 -0.6544 -0.7541
vn 0.1626 -0.7006 -0.6947
vn 0.3572 -0.2913 -0.8875
vn 0.7023 0.0313 -0.7112
vn 0.6783 0.0940 -0.7288
vn 0.5690 0.2971 -0.7668
vn 0.3720 0.5366 -0.7574
vn 0.3296 0.6460 -0.6885
vn 0.4461 0.5774 -0.6838
vn 0.3899 0.5508 -0.7379
vn 0.2849 0.6343 -0.7186
vn 0.3833 0.6305 -0.6749
vn 0.4278 0.5493 -0.7178
vn 0.3995 0.5785 -0.7111
vn 0.5352 0.5215 -0.6645
vn 0.6918 0.2721 -0.6688
vn 0.7412 0.0170 -0.6711
vn 0.7054 -0.2204 -0.6737
vn 0.5770 -0.4821 -0.6592
vn 0.3269 -0.6678 -0.6687
vn 0.0899 -0.7314 -0.6760
vn -0.0403 -0.7128 -0.7002
vn -0.0969 -0.7106 -0.6969
vn 0.1819 -0.4122 -0.8928
vn 0.3518 0.1689 -0.9207
vn -0.2099 0.3879 -0.8975
vn -0.3938 -0.1915 -0.8990
vn -0.6189 -0.3778 -0.6886
vn -0.6835 -0.2534 -0.6846
vn -0.6735 -0.1924 -0.7137
vn -0.5764 -0.3254 -0.7496
vn -0.6686 -0.3392 -0.6617
vn -0.7383 -0.0499 -0.6727
vn -0.7041 0.0905 -0.7043
vn -0.6660 -0.0143 -0.7459
vn -0.7125 -0.0935 -0.6954
vn -0.7286 0.0242 -0.6845
vn -0.6787 0.0120 -0.7343
vn -0.7195 -0.0303 -0.6938
vn -0.7148 0.0402 -0.6982
vn -0.7052 0.0742 -0.7052
vn -0.6870 0.0181 -0.7265
vn -0.7312 0.0428 -0.6808
vn -0.6990 0.1756 -0.6933
vn -0.6613 0.1020 -0.7432
vn -0.7245 0.0629 -0.6864
vn -0.6954 0.1164 -0.7091
vn -0.7013 0.2358 -0.6728
vn -0.5940 0.4270 -0.6818
vn -0.4781 0.5512 -0.6838
vn -0.3365 0.6503 -0.6811
vn -0.1163 0.7337 -0.6695
vn 0.1351 0.7259 -0.6744
vn 0.3410 0.6515 -0.6778
vn 0.5307 0.5182 -0.6707
vn 0.6696 0.3187 -0.6708
vn 0.7400 0.0733 -0.6686
vn 0.7156 -0.1863 -0.6732
vn 0.6012 -0.4388 -0.6679
vn 0.4929 -0.4908 -0.7185
vn 0.5580 -0.3544 -0.7504
vn 0.6488 -0.1319 -0.7494
vn 0.7104 -0.0262 -0.7034
vn 0.7154 -0.0822 -0.6938
vn 0.6879 -0.0772 -0.7217
vn 0.7038 -0.0254 -0.7099
vn 0.7109 -0.0316 -0.7026
vn 0.7103 -0.0683 -0.7006
vn 0.6771 -0.0014 -0.7359
vn 0.7214 0.0373 -0.6915
vn 0.6950 0.0203 -0.7187
vn 0.6099 0.2061 -0.7652
vn 0.6866 0.2795 -0.6711
vn 0.6225 0.2377 -0.7457
vn 0.5671 0.3965 -0.7219
vn 0.5990 0.4061 -0.6901
vn 0.6763 0.2834 -0.6800
vn 0.7211 0.1188 -0.6826
vn 0.7397 -0.0900 -0.6669
vn 0.6665 -0.3025 -0.6814
vn 0.5687 -0.4658 -0.6779
vn 0.4119 -0.6137 -0.6736
vn 0.1757 -0.7253 -0.6656
vn -0.1172 -0.7373 -0.6653
vn -0.3820 -0.6383 -0.6683
vn -0.5384 -0.4926 -0.6837
vn 0.0868 -0.6858 -0.7226
vn 0.1089 -0.7110 -0.6947
vn -0.0273 -0.7400 -0.6720
vn -0.1450 -0.6944 -0.7049
vn -0.1738 -0.6956 -0.6971
vn -0.3170 -0.6668 -0.6745
vn -0.4694 -0.5579 -0.6844
vn -0.5802 -0.4437 -0.6830
vn -0.7095 -0.2325 -0.6652
vn -0.7339 0.0249 -0.6787
vn -0.7022 0.1873 -0.6869
vn -0.6411 0.3734 -0.6705
vn -0.4882 0.5498 -0.6778
vn -0.2912 0.6868 -0.6660
vn -0.0444 0.7378 -0.6735
vn 0.2080 0.7120 -0.6706
vn 0.4718 0.5838 -0.6607
vn 0.5242 0.4637 -0.7143
vn 0.2555 0.5457 -0.7980
vn -0.0962 0.6441 -0.7588
vn -0.2689 0.6462 -0.7142
vn -0.2739 0.6604 -0.6991
vn -0.2731 0.6578 0.7020
vn -0.3757 0.5488 -0.7468
vn -0.4310 0.5965 -0.6771
vn -0.1699 0.7326 -0.6591
vn 0.2056 0.7255 -0.6568
vn 0.5121 0.5453 -0.6637
vn 0.6834 0.2981 -0.6664
vn 0.7409 0.0319 -0.6709
vn 0.7036 -0.2498 -0.6653
vn 0.5644 -0.4718 -0.6773
vn 0.4334 -0.5839 -0.6865
vn 0.4340 -0.5043 -0.7465
vn 0.5304 -0.4853 -0.6951
vn 0.4473 -0.5822 -0.6789
vn 0.3152 -0.6506 -0.6909
vn 0.1569 -0.7213 -0.6746
vn -0.7032 -0.2627 -0.6607
vn -0.7346 -0.0033 -0.6785
vn -0.7037 0.2495 -0.6653
vn -0.5706 0.4649 -0.6770
vn -0.4442 0.5781 -0.6845
vn -0.3730 0.5999 -0.7078
vn -0.3281 0.6483 -0.6870
vn -0.1847 0.7067 -0.6830
vn -0.0123 0.7318 -0.6814
vn 0.2088 0.7104 -0.6721
vn 0.4532 0.5902 -0.6680
vn 0.6187 0.4034 -0.6741
vn 0.7237 0.1800 -0.6662
vn 0.7355 -0.1018 -0.6698
vn 0.6476 -0.3628 -0.6700
vn 0.4894 -0.5524 -0.6748
vn 0.2851 -0.6839 -0.6716
vn 0.2677 -0.6008 -0.7532
vn 0.3883 -0.6081 -0.6924
vn 0.1821 -0.7305 -0.6582
vn -0.1662 -0.7293 -0.6637
vn -0.5039 -0.5676 -0.6511
vn -0.2250 -0.6452 -0.7301
vn -0.0148 -0.6572 -0.7536
vn 0.0620 -0.7225 -0.6885
vn -0.1593 -0.7303 -0.6643
vn -0.3019 -0.6453 -0.7018
vn -0.2003 -0.6396 -0.7422
vn -0.1400 -0.7041 -0.6962
vn -0.2658 -0.6874 -0.6758
vn -0.3258 -0.6213 -0.7126
vn -0.3292 -0.6333 -0.7004
vn -0.2480 -0.6278 -0.7378
vn -0.1832 -0.6912 -0.6990
vn -0.3360 -0.6605 -0.6715
vn -0.5298 -0.5082 -0.6790
vn -0.5259 -0.4433 -0.7259
vn -0.3593 -0.5447 -0.7578
vn -0.3689 -0.6406 -0.6735
vn -0.4577 -0.5379 -0.7079
vn -0.5287 -0.5039 -0.6831
vn -0.6353 -0.3635 -0.6814
vn -0.6746 -0.2445 -0.6965
vn -0.6661 -0.2203 -0.7126
vn -0.6945 -0.1956 -0.6924
vn -0.7363 -0.0472 -0.6750
vn -0.7210 0.1158 -0.6832
vn -0.6648 0.3418 -0.6642
vn -0.5715 0.3649 -0.7350
vn -0.6404 0.3178 -0.6992
vn -0.6127 0.3765 -0.6949
vn -0.5676 0.4503 -0.6893
vn -0.5324 0.4414 -0.7223
vn -0.5919 0.3278 -0.7363
vn -0.6486 0.3068 -0.6966
vn -0.6183 0.3494 -0.7040
vn -0.5614 0.4779 -0.6756
vn -0.5543 0.4847 0.6766
vn -0.5938 0.3984 -0.6990
vn -0.5767 0.3977 -0.7136
vn -0.5986 0.3743 -0.7083
vn -0.5862 0.4255 -0.6895
vn -0.5267 0.4852 -0.6980
vn -0.4204 0.6127 -0.6693
vn -0.2077 0.7010 -0.6822
vn 0.0044 0.7384 -0.6744
vn 0.2698 0.6951 -0.6663
vn 0.5731 0.4929 -0.6547
vn 0.7207 0.1728 -0.6713
vn 0.7419 -0.1423 -0.6553
vn 0.6243 -0.3740 -0.6858
vn 0.5536 -0.4571 -0.6961
vn 0.5243 -0.4739 -0.7075
vn 0.5369 -0.4506 -0.7132
vn 0.5516 -0.4456 -0.7051
vn 0.5784 -0.3146 -0.7526
vn 0.6603 -0.3370 -0.6711
vn 0.5660 -0.4232 -0.7075
vn 0.5441 -0.4807 -0.6876
vn 0.5278 -0.4237 -0.7361
vn 0.6153 -0.3578 0.7024
vn 0.6014 -0.3940 -0.6950
vn 0.5903 -0.3563 -0.7243
vn 0.4933 0.1239 -0.8610
vn 0.4518 0.5449 -0.7063
vn 0.5362 0.5025 -0.6782
vn 0.4526 0.4848 -0.7484
vn 0.2788 0.6188 -0.7344
vn 0.3196 0.6628 -0.6772
vn 0.4741 0.5501 -0.6875
vn 0.3814 0.5433 -0.7479
vn 0.2144 0.6444 -0.7340
vn 0.2267 0.6951 -0.6823
vn 0.2220 0.6424 -0.7335
vn 0.0757 0.6780 -0.7312
vn 0.1473 0.7248 -0.6730
vn 0.2875 0.6623 -0.6919
vn 0.1141 0.6217 -0.7749
vn -0.0565 0.7183 -0.6935
vn 0.0795 0.7301 -0.6787
vn 0.2768 0.6843 -0.6746
vn 0.4987 0.5563 -0.6647
vn 0.6479 0.3548 -0.6740
vn 0.7315 0.1284 -0.6696
vn 0.7254 -0.1449 -0.6729
vn 0.6296 -0.3874 -0.6734
vn 0.4499 -0.5944 -0.6666
vn 0.2025 -0.7094 -0.6751
vn -0.0433 -0.7412 -0.6699
vn -0.2383 -0.6889 -0.6846
vn -0.6098 -0.3518 -0.7102
vn -0.6556 -0.3137 -0.6868
vn -0.7319 -0.1317 -0.6685
vn -0.7243 0.0696 -0.6860
vn -0.6955 0.2307 -0.6805
vn -0.5901 0.4526 -0.6686
vn -0.3354 0.6692 -0.6630
vn -0.0339 0.7437 -0.6677
vn 0.2779 0.6939 -0.6643
vn 0.5525 0.5015 -0.6657
vn 0.6435 0.3220 -0.6944
vn 0.6727 0.2501 -0.6964
vn 0.6537 0.2408 -0.7174
vn 0.7155 0.1787 -0.6754
vn 0.7415 -0.1170 -0.6607
vn 0.6197 -0.4071 -0.6710
vn 0.4229 -0.6167 -0.6639
vn 0.1642 -0.7265 -0.6673
vn -0.1164 -0.7351 -0.6679
vn -0.3983 -0.6316 -0.6651
vn -0.5843 -0.4456 -0.6782
vn -0.5857 -0.4263 -0.6893
vn -0.6471 -0.3263 -0.6891
vn -0.7071 -0.1893 -0.6813
vn -0.7275 -0.0294 -0.6855
vn -0.7192 0.2421 -0.6512
vn -0.5398 0.5148 -0.6661
vn -0.3314 0.6675 -0.6668
vn -0.0679 0.7405 -0.6686
vn 0.2711 0.7019 -0.6587
vn 0.5597 0.4997 -0.6611
vn 0.6226 0.3393 -0.7052
vn 0.6349 0.3209 -0.7028
vn 0.6678 0.2707 -0.6934
vn 0.7456 0.0623 -0.6634
vn 0.7011 -0.2530 -0.6667
vn 0.5353 -0.5280 -0.6593
vn 0.2356 -0.7111 -0.6625
vn -0.1290 -0.7391 -0.6611
vn -0.4492 -0.5991 -0.6628
vn -0.0000 -0.0000 -1.0000
vn -0.4167 -0.6307 -0.6547
vn -0.4662 -0.5976 0.6523
vn 0.3633 -0.6180 -0.6972
vn 0.2659 -0.6934 0.6697
vn 0.2184 -0.7118 -0.6676
vt 0.836914 0.357174
vt 0.838858 0.352167
vt 0.836690 0.362486
vt 0.839770 0.402488
vt 0.840877 0.414975
vt 0.839233 0.409386
vt 0.845534 0.441866
vt 0.843109 0.434950
vt 0.842503 0.425662
vt 0.843360 0.419428
vt 0.859847 0.335894
vt 0.863823 0.338427
vt 0.854252 0.335502
vt 0.872499 0.379175
vt 0.872405 0.384598
vt 0.872259 0.374438
vt 0.872296 0.350907
vt 0.874703 0.356083
vt 0.875469 0.361529
vt 0.874779 0.366438
vt 0.877068 0.526192
vt 0.873843 0.527211
vt 0.858144 0.523051
vt 0.865913 0.527149
vt 0.841953 0.344591
vt 0.846540 0.338453
vt 0.869151 0.344968
vt 0.838335 0.369728
vt 0.841006 0.374865
vt 0.841062 0.379264
vt 0.841435 0.385705
vt 0.841608 0.391317
vt 0.872667 0.391891
vt 0.841284 0.396780
vt 0.875094 0.398198
vt 0.876762 0.403624
vt 0.878174 0.408704
vt 0.885580 0.518690
vt 0.881688 0.522910
vt 0.884280 0.496770
vt 0.887090 0.515691
vt 0.889282 0.405472
vt 0.893826 0.402364
vt 0.900642 0.400566
vt 0.902480 0.435679
vt 0.896518 0.438501
vt 0.892006 0.440405
vt 0.887901 0.504184
vt 0.888513 0.510233
vt 0.884610 0.406806
vt 0.916120 0.431526
vt 0.909672 0.433908
vt 0.928524 0.395581
vt 0.932122 0.428921
vt 0.921906 0.429406
vt 0.926099 0.429670
vt 0.916926 0.398300
vt 0.921577 0.396420
vt 0.909221 0.398702
vt 0.939747 0.395478
vt 0.943967 0.395298
vt 0.945014 0.426098
vt 0.936379 0.395479
vt 0.939730 0.427106
vt 0.950673 0.395952
vt 0.955280 0.399123
vt 0.959705 0.407439
vt 0.959570 0.415640
vt 0.951572 0.424761
vt 0.958196 0.419145
vt 0.956470 0.421509
vt 0.886027 0.445449
vt 0.878064 0.450530
vt 0.845270 0.447106
vt 0.846744 0.453476
vt 0.878823 0.456249
vt 0.847088 0.459049
vt 0.847085 0.465221
vt 0.880077 0.461423
vt 0.880096 0.467951
vt 0.848623 0.472186
vt 0.849600 0.475154
vt 0.881507 0.476557
vt 0.848875 0.480226
vt 0.882308 0.483742
vt 0.850003 0.488933
vt 0.883338 0.490058
vt 0.850542 0.494667
vt 0.851019 0.498955
vt 0.851107 0.506965
vt 0.852210 0.513459
vt 0.854537 0.518585
vt 0.648865 0.483214
vt 0.652603 0.475296
vt 0.650043 0.491646
vt 0.653809 0.497534
vt 0.673146 0.504421
vt 0.666743 0.504310
vt 0.670085 0.468855
vt 0.662629 0.503247
vt 0.657678 0.500766
vt 0.657052 0.471022
vt 0.662549 0.469037
vt 0.685720 0.471774
vt 0.686276 0.502511
vt 0.679112 0.503933
vt 0.675656 0.469747
vt 0.679028 0.470481
vt 0.685196 0.343674
vt 0.687568 0.337289
vt 0.686269 0.350493
vt 0.688204 0.354720
vt 0.691582 0.358104
vt 0.691667 0.471596
vt 0.693555 0.502449
vt 0.695541 0.471024
vt 0.701557 0.470163
vt 0.699750 0.503273
vt 0.693419 0.331331
vt 0.700279 0.329368
vt 0.709832 0.469794
vt 0.716886 0.469041
vt 0.717827 0.502776
vt 0.712798 0.502935
vt 0.706619 0.470716
vt 0.706006 0.503048
vt 0.724278 0.501580
vt 0.722984 0.469663
vt 0.729162 0.469210
vt 0.734234 0.468979
vt 0.732425 0.501301
vt 0.704167 0.368746
vt 0.700543 0.365628
vt 0.722524 0.341081
vt 0.726244 0.344570
vt 0.708751 0.372046
vt 0.730129 0.349857
vt 0.737285 0.354909
vt 0.707524 0.330623
vt 0.712161 0.333252
vt 0.717441 0.337354
vt 0.697059 0.362349
vt 0.741006 0.469754
vt 0.741912 0.499722
vt 0.745127 0.469283
vt 0.748799 0.500312
vt 0.743486 0.359945
vt 0.746720 0.365590
vt 0.754625 0.501596
vt 0.751152 0.467227
vt 0.755861 0.465855
vt 0.753078 0.372213
vt 0.755452 0.377414
vt 0.750790 0.369597
vt 0.751038 0.435261
vt 0.746579 0.426615
vt 0.755930 0.441121
vt 0.761579 0.449999
vt 0.758771 0.445584
vt 0.758186 0.502205
vt 0.760246 0.388003
vt 0.764405 0.393535
vt 0.736306 0.407566
vt 0.738543 0.411937
vt 0.739509 0.415800
vt 0.741570 0.420286
vt 0.782243 0.416032
vt 0.784503 0.420860
vt 0.777711 0.411187
vt 0.786290 0.427096
vt 0.775299 0.500013
vt 0.768465 0.500422
vt 0.790636 0.496893
vt 0.785299 0.499836
vt 0.779623 0.500838
vt 0.794341 0.444080
vt 0.796915 0.448097
vt 0.793233 0.441375
vt 0.801634 0.453831
vt 0.803342 0.457894
vt 0.765907 0.456562
vt 0.767234 0.459515
vt 0.766793 0.463428
vt 0.804579 0.463978
vt 0.804140 0.470716
vt 0.802678 0.476602
vt 0.799155 0.486342
vt 0.794635 0.492908
vt 0.770066 0.398318
vt 0.773236 0.402562
vt 0.775561 0.407208
vt 0.790780 0.435534
vt 0.759212 0.465370
vt 0.761714 0.502298
vt 0.711115 0.376405
vt 0.713712 0.381499
vt 0.718356 0.386420
vt 0.721107 0.390049
vt 0.724330 0.395031
vt 0.729382 0.399550
vt 0.733479 0.403299
vt 0.757607 0.384071
vt 0.489605 0.429324
vt 0.486752 0.424287
vt 0.486209 0.416359
vt 0.492835 0.405348
vt 0.501274 0.401806
vt 0.495554 0.519230
vt 0.490054 0.514423
vt 0.497158 0.489362
vt 0.488166 0.410116
vt 0.491474 0.493100
vt 0.487759 0.499254
vt 0.487023 0.507514
vt 0.503473 0.522707
vt 0.505194 0.487454
vt 0.519074 0.489109
vt 0.511809 0.523098
vt 0.511350 0.487423
vt 0.507383 0.401604
vt 0.514284 0.404088
vt 0.493596 0.433272
vt 0.512942 0.437637
vt 0.496861 0.435390
vt 0.503056 0.436878
vt 0.518387 0.438381
vt 0.520734 0.405358
vt 0.524183 0.439105
vt 0.522610 0.522494
vt 0.517108 0.521930
vt 0.527824 0.322145
vt 0.528429 0.334328
vt 0.526589 0.327217
vt 0.525480 0.488963
vt 0.529410 0.523198
vt 0.524831 0.406089
vt 0.530489 0.405824
vt 0.535423 0.406281
vt 0.533697 0.440428
vt 0.540678 0.522251
vt 0.536068 0.523029
vt 0.538201 0.489160
vt 0.542370 0.408230
vt 0.531939 0.488400
vt 0.547895 0.408603
vt 0.543747 0.439654
vt 0.551022 0.440886
vt 0.553883 0.407849
vt 0.541415 0.311585
vt 0.549158 0.312971
vt 0.533037 0.314959
vt 0.556343 0.317387
vt 0.531539 0.339079
vt 0.538649 0.440230
vt 0.545808 0.490299
vt 0.545975 0.521773
vt 0.557895 0.489352
vt 0.560889 0.522358
vt 0.553989 0.522602
vt 0.563350 0.489672
vt 0.558814 0.408112
vt 0.564164 0.408376
vt 0.562867 0.440785
vt 0.566754 0.522455
vt 0.572948 0.489712
vt 0.567716 0.489374
vt 0.574500 0.408236
vt 0.577998 0.439512
vt 0.571662 0.440914
vt 0.583850 0.440304
vt 0.588074 0.521141
vt 0.580602 0.520577
vt 0.581582 0.489479
vt 0.604176 0.518571
vt 0.595010 0.520394
vt 0.595129 0.486951
vt 0.588721 0.487789
vt 0.600173 0.435271
vt 0.592160 0.438659
vt 0.587709 0.440013
vt 0.603545 0.377970
vt 0.604385 0.383291
vt 0.602001 0.371847
vt 0.606078 0.486736
vt 0.608998 0.487702
vt 0.612168 0.490033
vt 0.615150 0.397449
vt 0.616425 0.404644
vt 0.613357 0.393883
vt 0.610780 0.390747
vt 0.607313 0.387711
vt 0.617119 0.414887
vt 0.616311 0.421483
vt 0.612882 0.427638
vt 0.607748 0.431997
vt 0.601081 0.486256
vt 0.616423 0.496304
vt 0.617804 0.501965
vt 0.617320 0.506725
vt 0.609220 0.517022
vt 0.613735 0.513578
vt 0.577291 0.397869
vt 0.616805 0.410062
vt 0.581815 0.345533
vt 0.583261 0.348690
vt 0.557368 0.367714
vt 0.586016 0.353550
vt 0.561075 0.371777
vt 0.563976 0.376346
vt 0.590027 0.359064
vt 0.565828 0.383034
vt 0.594478 0.362317
vt 0.598455 0.366118
vt 0.568761 0.389339
vt 0.572347 0.393500
vt 0.578114 0.402710
vt 0.578033 0.406272
vt 0.573831 0.522088
vt 0.534746 0.343644
vt 0.563279 0.321980
vt 0.537579 0.347806
vt 0.539781 0.350402
vt 0.543895 0.353665
vt 0.567796 0.326107
vt 0.571192 0.332193
vt 0.549594 0.357815
vt 0.574647 0.337690
vt 0.553164 0.363314
vt 0.578617 0.341267
vt 0.556142 0.441319
vt 0.551818 0.489491
vt 0.315625 0.429987
vt 0.320752 0.425683
vt 0.314288 0.438242
vt 0.334685 0.335003
vt 0.334879 0.329317
vt 0.337523 0.324366
vt 0.324149 0.424353
vt 0.329413 0.424833
vt 0.335632 0.429508
vt 0.317078 0.445734
vt 0.359250 0.365218
vt 0.354969 0.362907
vt 0.347783 0.358325
vt 0.352048 0.361705
vt 0.346072 0.492419
vt 0.340575 0.488083
vt 0.356919 0.495294
vt 0.351200 0.494310
vt 0.343520 0.320314
vt 0.350797 0.319466
vt 0.358326 0.322134
vt 0.336898 0.342071
vt 0.340563 0.435481
vt 0.319003 0.448656
vt 0.320518 0.453278
vt 0.344216 0.438227
vt 0.347485 0.440776
vt 0.322390 0.459833
vt 0.352985 0.446931
vt 0.324439 0.464296
vt 0.327345 0.468002
vt 0.329909 0.471279
vt 0.357646 0.452622
vt 0.332444 0.476746
vt 0.370584 0.463743
vt 0.370476 0.496538
vt 0.368710 0.463519
vt 0.371203 0.382326
vt 0.368052 0.378355
vt 0.364533 0.371270
vt 0.364409 0.497115
vt 0.378996 0.462943
vt 0.375928 0.497221
vt 0.377285 0.336737
vt 0.379710 0.341811
vt 0.374355 0.332826
vt 0.377294 0.388266
vt 0.374971 0.385662
vt 0.380486 0.392940
vt 0.382706 0.496722
vt 0.383579 0.346026
vt 0.388530 0.350601
vt 0.340832 0.349191
vt 0.364517 0.325484
vt 0.369740 0.329006
vt 0.344218 0.353995
vt 0.360523 0.455366
vt 0.365612 0.460822
vt 0.336853 0.483651
vt 0.396681 0.461956
vt 0.406652 0.494024
vt 0.390606 0.463090
vt 0.401474 0.494839
vt 0.396769 0.494911
vt 0.404006 0.430614
vt 0.403297 0.423676
vt 0.408393 0.438732
vt 0.402043 0.461424
vt 0.406474 0.460728
vt 0.409527 0.372364
vt 0.412281 0.378504
vt 0.405498 0.367581
vt 0.414117 0.493089
vt 0.425847 0.489413
vt 0.419967 0.490869
vt 0.414328 0.459486
vt 0.430991 0.408673
vt 0.436945 0.413310
vt 0.439613 0.417255
vt 0.441334 0.423000
vt 0.448589 0.442596
vt 0.451705 0.449199
vt 0.445083 0.438592
vt 0.415058 0.451421
vt 0.415161 0.446051
vt 0.443816 0.435633
vt 0.452757 0.456063
vt 0.452883 0.461824
vt 0.451629 0.468325
vt 0.447582 0.474995
vt 0.443428 0.478798
vt 0.439819 0.482926
vt 0.432739 0.487601
vt 0.417033 0.384698
vt 0.420095 0.389797
vt 0.393510 0.408587
vt 0.422195 0.393738
vt 0.397944 0.414438
vt 0.424879 0.399186
vt 0.401866 0.420291
vt 0.427592 0.404661
vt 0.441948 0.429082
vt 0.412502 0.442551
vt 0.394806 0.354502
vt 0.398831 0.358355
vt 0.401470 0.362277
vt 0.386185 0.398302
vt 0.390952 0.405999
vt 0.389232 0.403475
vt 0.386197 0.462673
vt 0.389255 0.496166
vt 0.633233 0.574045
vt 0.635053 0.568480
vt 0.653391 0.574765
vt 0.633140 0.579861
vt 0.633872 0.582820
vt 0.656590 0.552253
vt 0.662196 0.554694
vt 0.650942 0.551905
vt 0.645291 0.553639
vt 0.640868 0.556803
vt 0.636852 0.562613
vt 0.636312 0.587561
vt 0.641747 0.592121
vt 0.654858 0.579478
vt 0.648258 0.594576
vt 0.656812 0.580397
vt 0.659575 0.577936
vt 0.652510 0.596235
vt 0.655419 0.599338
vt 0.657512 0.658048
vt 0.651624 0.655109
vt 0.668127 0.655102
vt 0.662401 0.658130
vt 0.672127 0.650279
vt 0.673746 0.643647
vt 0.681823 0.612604
vt 0.680064 0.642825
vt 0.682487 0.598391
vt 0.682754 0.602779
vt 0.681963 0.607954
vt 0.687567 0.613653
vt 0.690771 0.614809
vt 0.687725 0.642562
vt 0.684325 0.643057
vt 0.686531 0.558046
vt 0.690742 0.553262
vt 0.696886 0.549443
vt 0.682716 0.559587
vt 0.700641 0.579948
vt 0.697480 0.582318
vt 0.694234 0.584866
vt 0.689061 0.587143
vt 0.677860 0.562192
vt 0.685004 0.589876
vt 0.683812 0.594194
vt 0.712181 0.575071
vt 0.707048 0.578235
vt 0.695965 0.614169
vt 0.700465 0.614471
vt 0.705456 0.615786
vt 0.709960 0.615465
vt 0.714670 0.616230
vt 0.702099 0.642561
vt 0.707809 0.644345
vt 0.721481 0.550598
vt 0.724268 0.555324
vt 0.718320 0.548635
vt 0.704640 0.548337
vt 0.713431 0.547752
vt 0.717786 0.570617
vt 0.694487 0.642302
vt 0.718989 0.617891
vt 0.723972 0.620530
vt 0.714282 0.645541
vt 0.710968 0.644813
vt 0.736267 0.630327
vt 0.738011 0.635588
vt 0.736878 0.640482
vt 0.731348 0.624686
vt 0.720226 0.647951
vt 0.733922 0.645153
vt 0.724564 0.648871
vt 0.730010 0.648006
vt 0.726854 0.622034
vt 0.725117 0.560324
vt 0.723527 0.565298
vt 0.658154 0.573843
vt 0.667615 0.557257
vt 0.672508 0.560468
vt 0.654746 0.603648
vt 0.652938 0.609553
vt 0.652215 0.614912
vt 0.650607 0.620119
vt 0.648993 0.625797
vt 0.646471 0.630964
vt 0.645501 0.635051
vt 0.645120 0.638786
vt 0.645762 0.645295
vt 0.646608 0.647880
vt 0.647831 0.650499
vt 0.351031 0.562918
vt 0.354313 0.555046
vt 0.359024 0.549093
vt 0.361956 0.675814
vt 0.358794 0.671307
vt 0.356988 0.664734
vt 0.352346 0.577701
vt 0.350882 0.569750
vt 0.384472 0.583280
vt 0.351245 0.584717
vt 0.389553 0.571789
vt 0.387810 0.576160
vt 0.390981 0.563688
vt 0.404060 0.542448
vt 0.402586 0.547201
vt 0.403731 0.536212
vt 0.386095 0.683939
vt 0.394454 0.654719
vt 0.391679 0.681844
vt 0.399805 0.673037
vt 0.395374 0.679183
vt 0.400607 0.666044
vt 0.399788 0.662419
vt 0.398390 0.659013
vt 0.378062 0.684772
vt 0.389227 0.648949
vt 0.400346 0.528588
vt 0.371743 0.683137
vt 0.395753 0.523799
vt 0.389639 0.520961
vt 0.380483 0.520586
vt 0.372947 0.523391
vt 0.399713 0.552671
vt 0.366506 0.529337
vt 0.395837 0.557638
vt 0.362534 0.535179
vt 0.360254 0.541287
vt 0.384612 0.588074
vt 0.350435 0.592238
vt 0.384726 0.593084
vt 0.350675 0.596170
vt 0.351549 0.600868
vt 0.383901 0.600124
vt 0.350761 0.610219
vt 0.384656 0.608264
vt 0.385152 0.613611
vt 0.351096 0.618140
vt 0.385317 0.619060
vt 0.351789 0.623647
vt 0.385372 0.624878
vt 0.352236 0.630600
vt 0.386425 0.630318
vt 0.352499 0.639679
vt 0.387040 0.635987
vt 0.386775 0.642104
vt 0.354785 0.647310
vt 0.356054 0.650255
vt 0.355694 0.655817
vt 0.366213 0.679815
vt 0.471456 0.595933
vt 0.469440 0.593574
vt 0.467241 0.588919
vt 0.475549 0.650157
vt 0.480076 0.646637
vt 0.473317 0.655725
vt 0.488478 0.553517
vt 0.492004 0.553246
vt 0.484234 0.554562
vt 0.477097 0.558944
vt 0.483918 0.599763
vt 0.475829 0.598437
vt 0.501949 0.587175
vt 0.497106 0.591984
vt 0.492634 0.596699
vt 0.498815 0.551206
vt 0.508824 0.552134
vt 0.472010 0.564013
vt 0.468742 0.568423
vt 0.466493 0.573795
vt 0.466011 0.581687
vt 0.487993 0.599112
vt 0.488749 0.644317
vt 0.481831 0.682540
vt 0.475958 0.677179
vt 0.472238 0.665642
vt 0.473074 0.671888
vt 0.514473 0.552727
vt 0.509746 0.587295
vt 0.520986 0.553044
vt 0.502462 0.690767
vt 0.494390 0.689307
vt 0.502295 0.651015
vt 0.509880 0.653975
vt 0.527293 0.555112
vt 0.531095 0.557658
vt 0.514766 0.588982
vt 0.509017 0.690676
vt 0.536216 0.560271
vt 0.542852 0.566851
vt 0.525085 0.593231
vt 0.521343 0.661510
vt 0.524214 0.667441
vt 0.524951 0.672112
vt 0.515007 0.688865
vt 0.521107 0.683593
vt 0.546620 0.604766
vt 0.540667 0.604791
vt 0.537229 0.603295
vt 0.554721 0.600987
vt 0.551909 0.603258
vt 0.554840 0.577594
vt 0.558349 0.582633
vt 0.559381 0.586675
vt 0.558727 0.594127
vt 0.548578 0.572426
vt 0.531781 0.598986
vt 0.524436 0.676769
vt 0.518917 0.591036
vt 0.516932 0.656845
vt 0.496537 0.645930
vt 0.487115 0.685698
vt 0.028069 0.515106
vt 0.033803 0.505464
vt 0.044153 0.496588
vt 0.024765 0.559926
vt 0.020952 0.549855
vt 0.033555 0.571571
vt 0.028367 0.564303
vt 0.085960 0.463766
vt 0.094469 0.459083
vt 0.077621 0.473832
vt 0.068950 0.480617
vt 0.100106 0.522853
vt 0.093102 0.531783
vt 0.058524 0.483975
vt 0.052059 0.488416
vt 0.080547 0.541738
vt 0.077916 0.548270
vt 0.024982 0.524231
vt 0.020996 0.536752
vt 0.039510 0.585544
vt 0.085821 0.557240
vt 0.045457 0.593465
vt 0.090591 0.564407
vt 0.132033 0.503934
vt 0.124873 0.512285
vt 0.118808 0.515057
vt 0.111599 0.593793
vt 0.116732 0.600544
vt 0.103876 0.585829
vt 0.123716 0.609625
vt 0.129675 0.621441
vt 0.123392 0.691270
vt 0.114487 0.688168
vt 0.105587 0.680700
vt 0.140980 0.439370
vt 0.150668 0.436782
vt 0.129709 0.445793
vt 0.151003 0.492786
vt 0.141785 0.496601
vt 0.122922 0.448810
vt 0.117373 0.451764
vt 0.107156 0.456491
vt 0.083587 0.648475
vt 0.087961 0.656839
vt 0.095031 0.665745
vt 0.135825 0.629222
vt 0.143291 0.637994
vt 0.109334 0.517967
vt 0.096485 0.571805
vt 0.050775 0.602259
vt 0.060242 0.612417
vt 0.062934 0.618116
vt 0.066813 0.625787
vt 0.072926 0.637523
vt 0.078446 0.643983
vt 0.150719 0.645951
vt 0.157141 0.655156
vt 0.132401 0.691881
vt 0.140465 0.690733
vt 0.159210 0.669152
vt 0.156456 0.677796
vt 0.150693 0.684992
vt 0.223599 0.477758
vt 0.211796 0.475323
vt 0.206485 0.425911
vt 0.197747 0.426513
vt 0.205018 0.477914
vt 0.188515 0.425179
vt 0.192450 0.483703
vt 0.174948 0.484527
vt 0.185734 0.484828
vt 0.253317 0.428760
vt 0.258197 0.437525
vt 0.257312 0.457541
vt 0.253098 0.465318
vt 0.249171 0.469137
vt 0.212673 0.631485
vt 0.221507 0.626242
vt 0.225999 0.658249
vt 0.229876 0.417625
vt 0.239215 0.418915
vt 0.247282 0.422860
vt 0.237653 0.475272
vt 0.206721 0.640552
vt 0.202579 0.648612
vt 0.197670 0.656263
vt 0.192269 0.670099
vt 0.192473 0.682946
vt 0.199832 0.699303
vt 0.195252 0.692173
vt 0.209952 0.705250
vt 0.218044 0.420188
vt 0.236106 0.624917
vt 0.245630 0.629270
vt 0.252565 0.638847
vt 0.247824 0.671023
vt 0.243095 0.685190
vt 0.238299 0.695358
vt 0.232225 0.702530
vt 0.223194 0.706524
vt 0.255046 0.648035
vt 0.253680 0.657091
vt 0.281819 0.655188
vt 0.293781 0.652864
vt 0.301969 0.654864
vt 0.309403 0.659681
vt 0.267526 0.668506
vt 0.273527 0.660319
vt 0.315549 0.668845
vt 0.317931 0.679757
vt 0.316187 0.688200
vt 0.313872 0.693468
vt 0.310812 0.699404
vt 0.280456 0.731916
vt 0.270197 0.729755
vt 0.300856 0.718903
vt 0.289942 0.729685
vt 0.259920 0.680802
vt 0.306616 0.708356
vt 0.255655 0.692649
vt 0.254333 0.702167
vt 0.255101 0.713930
vt 0.260189 0.723413
vt 0.260049 0.446499
vt 0.178658 0.425223
vt 0.167678 0.430645
vt 0.157413 0.435726
vt 0.168344 0.487346
vt 0.161954 0.490646
vt 0.099418 0.673271
vt 0.839635 0.402905
vt 0.839233 0.409386
vt 0.841258 0.415638
vt 0.841176 0.397357
vt 0.836615 0.360886
vt 0.840884 0.347144
vt 0.838009 0.354105
vt 0.837584 0.367750
vt 0.842283 0.430124
vt 0.844731 0.438985
vt 0.843090 0.422146
vt 0.861693 0.525875
vt 0.867328 0.527406
vt 0.857617 0.522430
vt 0.861165 0.336776
vt 0.854204 0.335358
vt 0.866894 0.341531
vt 0.875450 0.360975
vt 0.874568 0.355548
vt 0.874450 0.367468
vt 0.878955 0.524932
vt 0.873310 0.527391
vt 0.843235 0.342131
vt 0.847304 0.338004
vt 0.869937 0.346269
vt 0.838734 0.370707
vt 0.840402 0.373438
vt 0.872948 0.371519
vt 0.872179 0.377335
vt 0.841183 0.380158
vt 0.872310 0.384167
vt 0.841561 0.387152
vt 0.872620 0.389166
vt 0.841614 0.391313
vt 0.873915 0.395320
vt 0.876393 0.402016
vt 0.878671 0.406641
vt 0.877996 0.409441
vt 0.887358 0.514586
vt 0.883886 0.495705
vt 0.884223 0.520530
vt 0.897660 0.438011
vt 0.901423 0.435896
vt 0.894104 0.439427
vt 0.890025 0.405073
vt 0.900642 0.400566
vt 0.888663 0.507959
vt 0.886935 0.502150
vt 0.885157 0.406693
vt 0.907280 0.434855
vt 0.914493 0.432085
vt 0.934341 0.428428
vt 0.929660 0.395552
vt 0.928635 0.429570
vt 0.921509 0.429743
vt 0.922277 0.396213
vt 0.917296 0.398142
vt 0.909221 0.398702
vt 0.943323 0.426415
vt 0.936839 0.395479
vt 0.938251 0.427415
vt 0.941757 0.395376
vt 0.949061 0.395722
vt 0.944379 0.395124
vt 0.959988 0.409245
vt 0.959143 0.416969
vt 0.949604 0.425493
vt 0.954949 0.422710
vt 0.955985 0.399725
vt 0.958608 0.403471
vt 0.887157 0.444645
vt 0.878334 0.450349
vt 0.845380 0.447103
vt 0.847102 0.454400
vt 0.878702 0.455860
vt 0.847309 0.457850
vt 0.846940 0.462738
vt 0.880143 0.463500
vt 0.847875 0.469773
vt 0.880133 0.468414
vt 0.849192 0.475126
vt 0.880837 0.473759
vt 0.882134 0.480627
vt 0.848781 0.480649
vt 0.849700 0.486901
vt 0.882256 0.483692
vt 0.883115 0.488810
vt 0.850462 0.492695
vt 0.850587 0.496358
vt 0.851185 0.501011
vt 0.851085 0.508394
vt 0.852523 0.514190
vt 0.649338 0.490071
vt 0.651052 0.477498
vt 0.648627 0.484363
vt 0.651218 0.494270
vt 0.655240 0.498772
vt 0.654367 0.473090
vt 0.670092 0.468843
vt 0.662649 0.503180
vt 0.676316 0.469917
vt 0.672097 0.504455
vt 0.663860 0.468828
vt 0.657071 0.471072
vt 0.686453 0.471818
vt 0.682291 0.503184
vt 0.676910 0.504197
vt 0.687125 0.337809
vt 0.685286 0.344940
vt 0.686892 0.352291
vt 0.692296 0.471550
vt 0.689709 0.502226
vt 0.696078 0.502786
vt 0.689513 0.356369
vt 0.693724 0.359767
vt 0.696061 0.470896
vt 0.702116 0.470167
vt 0.694516 0.330708
vt 0.690301 0.333467
vt 0.698323 0.329637
vt 0.719129 0.502663
vt 0.715336 0.469076
vt 0.714464 0.502905
vt 0.709035 0.469980
vt 0.705502 0.503096
vt 0.722978 0.469707
vt 0.724570 0.501591
vt 0.736940 0.500763
vt 0.730637 0.501503
vt 0.733107 0.468988
vt 0.726908 0.469593
vt 0.723686 0.342032
vt 0.703252 0.367978
vt 0.727786 0.346546
vt 0.709091 0.372658
vt 0.731192 0.351408
vt 0.709866 0.331830
vt 0.702557 0.329283
vt 0.718180 0.337915
vt 0.697941 0.363158
vt 0.700098 0.365228
vt 0.738461 0.469413
vt 0.743032 0.469747
vt 0.746914 0.366013
vt 0.743744 0.360333
vt 0.743498 0.499440
vt 0.748795 0.500322
vt 0.754631 0.501581
vt 0.750679 0.467357
vt 0.753965 0.466366
vt 0.758737 0.465504
vt 0.754465 0.374978
vt 0.750839 0.435390
vt 0.754396 0.439652
vt 0.748461 0.429480
vt 0.762486 0.451058
vt 0.759103 0.446206
vt 0.761145 0.389350
vt 0.736139 0.407370
vt 0.764981 0.394398
vt 0.738819 0.412855
vt 0.740226 0.417688
vt 0.767034 0.462163
vt 0.765394 0.455467
vt 0.766481 0.457613
vt 0.783652 0.418709
vt 0.779249 0.412633
vt 0.785090 0.424113
vt 0.791345 0.496251
vt 0.770106 0.499636
vt 0.795205 0.446125
vt 0.802363 0.455345
vt 0.799185 0.450426
vt 0.792741 0.440317
vt 0.804362 0.462152
vt 0.804644 0.467616
vt 0.803828 0.472083
vt 0.802176 0.478317
vt 0.799626 0.485601
vt 0.796324 0.490784
vt 0.770279 0.398753
vt 0.742654 0.422109
vt 0.775169 0.406433
vt 0.745037 0.425112
vt 0.787734 0.429582
vt 0.790508 0.434235
vt 0.763563 0.465479
vt 0.763425 0.501987
vt 0.712853 0.380123
vt 0.717411 0.385673
vt 0.721284 0.390401
vt 0.724298 0.395053
vt 0.728411 0.398872
vt 0.756692 0.381130
vt 0.732709 0.402260
vt 0.757859 0.384706
vt 0.486360 0.422237
vt 0.486980 0.413002
vt 0.491929 0.405879
vt 0.497804 0.402670
vt 0.489299 0.408416
vt 0.491957 0.492567
vt 0.488540 0.497182
vt 0.494928 0.490344
vt 0.486814 0.504531
vt 0.499540 0.488559
vt 0.491691 0.516255
vt 0.488407 0.511937
vt 0.502272 0.522373
vt 0.495518 0.519277
vt 0.506791 0.487259
vt 0.508888 0.523469
vt 0.516314 0.522348
vt 0.513497 0.487928
vt 0.513320 0.403868
vt 0.511303 0.437366
vt 0.517744 0.404942
vt 0.494902 0.434119
vt 0.506337 0.401645
vt 0.505156 0.437116
vt 0.500938 0.436769
vt 0.517674 0.489313
vt 0.522071 0.489126
vt 0.522958 0.522529
vt 0.528661 0.320253
vt 0.526723 0.326583
vt 0.528705 0.335090
vt 0.526880 0.330387
vt 0.524611 0.439202
vt 0.531142 0.440342
vt 0.522877 0.405771
vt 0.528037 0.523057
vt 0.518987 0.438306
vt 0.536434 0.488922
vt 0.540784 0.522322
vt 0.543785 0.489892
vt 0.537245 0.440369
vt 0.540108 0.407535
vt 0.533071 0.405938
vt 0.533244 0.523450
vt 0.535848 0.523233
vt 0.546134 0.409040
vt 0.541922 0.439545
vt 0.549206 0.440471
vt 0.552474 0.407933
vt 0.547541 0.490805
vt 0.547491 0.521525
vt 0.541992 0.311495
vt 0.534072 0.314167
vt 0.547186 0.312088
vt 0.553152 0.315233
vt 0.532119 0.339879
vt 0.528534 0.405946
vt 0.529403 0.488662
vt 0.553729 0.522566
vt 0.558197 0.489367
vt 0.552699 0.489492
vt 0.560019 0.522393
vt 0.563288 0.489632
vt 0.563561 0.440807
vt 0.560154 0.408451
vt 0.565427 0.522403
vt 0.566901 0.408140
vt 0.571743 0.489467
vt 0.571166 0.331608
vt 0.569076 0.327863
vt 0.572818 0.335612
vt 0.574280 0.408528
vt 0.573654 0.440448
vt 0.568694 0.441320
vt 0.576263 0.490388
vt 0.582024 0.489353
vt 0.586603 0.440139
vt 0.577412 0.407940
vt 0.581128 0.440124
vt 0.586925 0.521118
vt 0.582359 0.520561
vt 0.606402 0.517884
vt 0.596078 0.486821
vt 0.600192 0.519471
vt 0.593855 0.520566
vt 0.589177 0.487727
vt 0.602408 0.434266
vt 0.594327 0.437829
vt 0.608428 0.431653
vt 0.609835 0.488239
vt 0.604481 0.486469
vt 0.613575 0.491377
vt 0.615325 0.398199
vt 0.612180 0.392346
vt 0.616601 0.406962
vt 0.607348 0.387496
vt 0.617179 0.414059
vt 0.616685 0.419825
vt 0.616751 0.497209
vt 0.617769 0.503887
vt 0.617016 0.508136
vt 0.614113 0.513242
vt 0.599516 0.367443
vt 0.603744 0.381038
vt 0.602666 0.373875
vt 0.578034 0.404629
vt 0.582806 0.347620
vt 0.558138 0.368507
vt 0.585161 0.352211
vt 0.562642 0.374008
vt 0.588355 0.357033
vt 0.564846 0.379250
vt 0.591870 0.360552
vt 0.596157 0.363714
vt 0.566897 0.385793
vt 0.570588 0.391737
vt 0.572673 0.393878
vt 0.577098 0.398013
vt 0.575042 0.521550
vt 0.559768 0.319526
vt 0.537959 0.348162
vt 0.564573 0.323008
vt 0.543065 0.353225
vt 0.548798 0.357343
vt 0.578542 0.341336
vt 0.553496 0.363752
vt 0.556502 0.441269
vt 0.314719 0.431353
vt 0.314532 0.439344
vt 0.317929 0.427410
vt 0.324061 0.424617
vt 0.330761 0.425227
vt 0.333892 0.427592
vt 0.337589 0.432021
vt 0.357589 0.363463
vt 0.346543 0.356918
vt 0.352126 0.361564
vt 0.359448 0.496023
vt 0.351845 0.494308
vt 0.344444 0.491561
vt 0.347668 0.493368
vt 0.336704 0.325396
vt 0.334629 0.331797
vt 0.342354 0.320833
vt 0.335695 0.338983
vt 0.348919 0.319244
vt 0.352048 0.319614
vt 0.357106 0.321576
vt 0.337650 0.343897
vt 0.318300 0.447670
vt 0.342711 0.437246
vt 0.320477 0.453271
vt 0.347485 0.440776
vt 0.322081 0.458890
vt 0.326042 0.466649
vt 0.329306 0.470675
vt 0.357892 0.452843
vt 0.366649 0.375637
vt 0.369249 0.379895
vt 0.365597 0.372706
vt 0.371684 0.496703
vt 0.365637 0.497168
vt 0.377966 0.462961
vt 0.368736 0.463173
vt 0.376538 0.497309
vt 0.381504 0.496886
vt 0.372145 0.330783
vt 0.379120 0.340549
vt 0.375625 0.334236
vt 0.384689 0.462808
vt 0.361471 0.367437
vt 0.383579 0.346026
vt 0.387172 0.349619
vt 0.340216 0.348294
vt 0.361864 0.323888
vt 0.366731 0.326970
vt 0.343126 0.352498
vt 0.332611 0.477067
vt 0.362497 0.457640
vt 0.398960 0.461555
vt 0.391744 0.462714
vt 0.404196 0.494396
vt 0.397982 0.494782
vt 0.403267 0.425656
vt 0.408782 0.439205
vt 0.402356 0.421208
vt 0.404408 0.431970
vt 0.402776 0.461417
vt 0.408140 0.493606
vt 0.406967 0.460654
vt 0.413795 0.493016
vt 0.429299 0.488835
vt 0.414466 0.459494
vt 0.421565 0.490245
vt 0.435727 0.412245
vt 0.441172 0.422045
vt 0.431703 0.409334
vt 0.428908 0.406807
vt 0.415141 0.449372
vt 0.447196 0.440904
vt 0.451486 0.448522
vt 0.414857 0.455004
vt 0.452648 0.454544
vt 0.452922 0.459750
vt 0.451958 0.467241
vt 0.447527 0.474948
vt 0.442490 0.479944
vt 0.437815 0.484599
vt 0.433737 0.487312
vt 0.417266 0.384866
vt 0.413655 0.380725
vt 0.420160 0.389917
vt 0.394135 0.409270
vt 0.389588 0.403868
vt 0.423857 0.396988
vt 0.398359 0.415024
vt 0.426259 0.402117
vt 0.441915 0.428659
vt 0.412661 0.442727
vt 0.389902 0.351827
vt 0.395076 0.354860
vt 0.400350 0.360441
vt 0.374368 0.385188
vt 0.404995 0.367020
vt 0.377452 0.388557
vt 0.381146 0.393706
vt 0.409999 0.373411
vt 0.386233 0.398199
vt 0.390494 0.495841
vt 0.653170 0.575052
vt 0.635353 0.567328
vt 0.634235 0.583761
vt 0.659862 0.553589
vt 0.656170 0.552109
vt 0.650497 0.552010
vt 0.646092 0.553208
vt 0.642286 0.555664
vt 0.637534 0.561031
vt 0.636557 0.588108
vt 0.639743 0.591095
vt 0.644969 0.593402
vt 0.655187 0.579659
vt 0.665294 0.556156
vt 0.657969 0.573759
vt 0.649349 0.594970
vt 0.654978 0.598516
vt 0.659410 0.578173
vt 0.659689 0.658420
vt 0.665095 0.657023
vt 0.654197 0.656756
vt 0.673827 0.643283
vt 0.670017 0.653544
vt 0.672541 0.648687
vt 0.692240 0.551521
vt 0.689962 0.554088
vt 0.695770 0.549782
vt 0.678971 0.642776
vt 0.693069 0.585618
vt 0.698187 0.581645
vt 0.687913 0.587735
vt 0.695719 0.583975
vt 0.690889 0.614621
vt 0.687160 0.613532
vt 0.683041 0.642968
vt 0.688568 0.642357
vt 0.685721 0.558392
vt 0.702269 0.548573
vt 0.703156 0.579089
vt 0.679558 0.561108
vt 0.675861 0.563804
vt 0.684034 0.591974
vt 0.694905 0.642474
vt 0.700766 0.642143
vt 0.697914 0.642586
vt 0.710017 0.615489
vt 0.705737 0.643763
vt 0.716292 0.616821
vt 0.722060 0.551189
vt 0.719096 0.548979
vt 0.724523 0.556138
vt 0.705372 0.615929
vt 0.707676 0.615576
vt 0.717617 0.570573
vt 0.710069 0.547884
vt 0.715588 0.572017
vt 0.712393 0.645045
vt 0.723891 0.620480
vt 0.737798 0.636674
vt 0.736341 0.630291
vt 0.736791 0.641024
vt 0.734684 0.644160
vt 0.733197 0.626166
vt 0.719298 0.647611
vt 0.723589 0.648769
vt 0.729125 0.648232
vt 0.729358 0.623315
vt 0.714722 0.547769
vt 0.725136 0.560322
vt 0.724635 0.562909
vt 0.721406 0.568035
vt 0.710949 0.575965
vt 0.698241 0.614225
vt 0.693638 0.614303
vt 0.670579 0.558885
vt 0.673766 0.561557
vt 0.682450 0.598773
vt 0.655160 0.601163
vt 0.653108 0.608876
vt 0.652089 0.614872
vt 0.650649 0.619685
vt 0.649671 0.623870
vt 0.647222 0.629063
vt 0.645626 0.634267
vt 0.645103 0.638954
vt 0.645903 0.645726
vt 0.647603 0.650087
vt 0.649810 0.653500
vt 0.350846 0.565418
vt 0.357237 0.551847
vt 0.352915 0.557037
vt 0.355550 0.655877
vt 0.356534 0.661380
vt 0.355572 0.649960
vt 0.361343 0.675017
vt 0.357600 0.668099
vt 0.351760 0.573910
vt 0.384892 0.580378
vt 0.352432 0.578575
vt 0.384457 0.585634
vt 0.351115 0.585602
vt 0.388481 0.574714
vt 0.390288 0.566044
vt 0.404115 0.537425
vt 0.402580 0.532570
vt 0.403793 0.542881
vt 0.391032 0.682035
vt 0.396851 0.657167
vt 0.392812 0.653447
vt 0.384135 0.684478
vt 0.400302 0.664707
vt 0.396828 0.677855
vt 0.400762 0.670081
vt 0.399732 0.673672
vt 0.389968 0.650348
vt 0.377416 0.684665
vt 0.399155 0.526954
vt 0.402436 0.547734
vt 0.369054 0.681648
vt 0.399633 0.552635
vt 0.367131 0.528517
vt 0.363494 0.533469
vt 0.394302 0.559291
vt 0.361351 0.537773
vt 0.359569 0.544847
vt 0.384645 0.594580
vt 0.350495 0.593992
vt 0.351564 0.601767
vt 0.383795 0.601494
vt 0.350715 0.610164
vt 0.384848 0.609844
vt 0.350792 0.614753
vt 0.385239 0.615798
vt 0.351241 0.619403
vt 0.385330 0.619604
vt 0.352237 0.628235
vt 0.385639 0.626003
vt 0.386856 0.632890
vt 0.351822 0.635071
vt 0.353166 0.642420
vt 0.387066 0.636777
vt 0.387201 0.643474
vt 0.364686 0.678631
vt 0.468351 0.591932
vt 0.471583 0.595734
vt 0.487864 0.553638
vt 0.482479 0.555239
vt 0.495641 0.551997
vt 0.487969 0.598920
vt 0.480288 0.599708
vt 0.476187 0.598816
vt 0.501815 0.587202
vt 0.496842 0.592415
vt 0.494009 0.595909
vt 0.501662 0.550798
vt 0.505457 0.551228
vt 0.477064 0.558913
vt 0.471654 0.564513
vt 0.466977 0.572478
vt 0.477693 0.648283
vt 0.473413 0.654936
vt 0.485234 0.644696
vt 0.479906 0.681298
vt 0.473541 0.672995
vt 0.476821 0.678407
vt 0.512854 0.552703
vt 0.508475 0.586749
vt 0.521708 0.553220
vt 0.503907 0.690885
vt 0.506895 0.653428
vt 0.496438 0.689828
vt 0.514016 0.588858
vt 0.529016 0.556074
vt 0.519799 0.591483
vt 0.527336 0.594663
vt 0.523024 0.592706
vt 0.511806 0.690013
vt 0.536920 0.560671
vt 0.542450 0.566154
vt 0.522082 0.662530
vt 0.524534 0.669782
vt 0.521942 0.682653
vt 0.518241 0.686807
vt 0.558238 0.595892
vt 0.540671 0.604477
vt 0.549097 0.604323
vt 0.546766 0.571369
vt 0.550297 0.573504
vt 0.533815 0.600948
vt 0.558765 0.583987
vt 0.559558 0.589915
vt 0.524140 0.677885
vt 0.518433 0.658118
vt 0.513401 0.654907
vt 0.500210 0.648608
vt 0.492916 0.644655
vt 0.472235 0.663325
vt 0.483146 0.683300
vt 0.488776 0.686834
vt 0.023218 0.557547
vt 0.030115 0.565968
vt 0.020848 0.548820
vt 0.092488 0.459834
vt 0.082200 0.467773
vt 0.100564 0.457405
vt 0.098857 0.524762
vt 0.073304 0.478476
vt 0.094504 0.530724
vt 0.089600 0.534776
vt 0.058594 0.484103
vt 0.047495 0.493345
vt 0.079340 0.543398
vt 0.036262 0.502850
vt 0.029518 0.511795
vt 0.027253 0.517194
vt 0.025607 0.522563
vt 0.021897 0.532979
vt 0.020306 0.540598
vt 0.035604 0.577675
vt 0.084729 0.555736
vt 0.041539 0.588682
vt 0.049779 0.600785
vt 0.093251 0.567241
vt 0.099073 0.577512
vt 0.104807 0.586936
vt 0.099631 0.673720
vt 0.104643 0.679608
vt 0.097077 0.669551
vt 0.111158 0.593026
vt 0.116095 0.599667
vt 0.124170 0.610464
vt 0.126378 0.617470
vt 0.120005 0.690189
vt 0.111480 0.686430
vt 0.142713 0.438417
vt 0.132233 0.444269
vt 0.147943 0.437166
vt 0.158843 0.491475
vt 0.147864 0.493716
vt 0.122456 0.449035
vt 0.138921 0.497898
vt 0.112639 0.454516
vt 0.119541 0.514815
vt 0.110164 0.517724
vt 0.128348 0.508677
vt 0.086164 0.653770
vt 0.130171 0.622078
vt 0.092836 0.662950
vt 0.136623 0.630216
vt 0.077761 0.473945
vt 0.058752 0.610359
vt 0.061112 0.613607
vt 0.063466 0.619381
vt 0.068914 0.629511
vt 0.076446 0.642014
vt 0.081409 0.646266
vt 0.156069 0.653259
vt 0.141515 0.690188
vt 0.153129 0.682589
vt 0.220239 0.477519
vt 0.208066 0.424975
vt 0.208725 0.476150
vt 0.199616 0.426922
vt 0.191264 0.425452
vt 0.200010 0.480566
vt 0.191731 0.483657
vt 0.159682 0.660960
vt 0.259422 0.452138
vt 0.259266 0.442009
vt 0.256987 0.458731
vt 0.254832 0.430859
vt 0.216275 0.628610
vt 0.226652 0.624816
vt 0.249100 0.424323
vt 0.237165 0.418682
vt 0.249818 0.468273
vt 0.210255 0.634509
vt 0.204597 0.644596
vt 0.196742 0.657785
vt 0.192171 0.670058
vt 0.192178 0.681019
vt 0.193479 0.687679
vt 0.219222 0.419761
vt 0.228283 0.417622
vt 0.237704 0.475402
vt 0.228162 0.477706
vt 0.237916 0.625200
vt 0.243559 0.627604
vt 0.250092 0.634445
vt 0.244035 0.682941
vt 0.240659 0.690826
vt 0.254676 0.645366
vt 0.317650 0.681572
vt 0.315923 0.669616
vt 0.313834 0.693433
vt 0.300323 0.654503
vt 0.310646 0.660889
vt 0.287213 0.653486
vt 0.276134 0.658397
vt 0.267480 0.668491
vt 0.260248 0.680298
vt 0.307746 0.706025
vt 0.275676 0.731431
vt 0.302837 0.715268
vt 0.268343 0.729317
vt 0.298359 0.723287
vt 0.289003 0.729956
vt 0.255958 0.690952
vt 0.254388 0.702019
vt 0.261087 0.723988
vt 0.255163 0.715017
vt 0.197225 0.695416
vt 0.208103 0.704630
vt 0.236241 0.698442
vt 0.217156 0.706837
vt 0.226327 0.705421
vt 0.156729 0.435818
vt 0.178743 0.425518
vt 0.167586 0.430487
vt 0.179725 0.483943
vt 0.170678 0.485921
vt 0.145546 0.640215
vt 0.149987 0.645084
vt 0.131019 0.691957
s 1
usemtl マテリアル
f 3/1/3 2/2/2 4/3/4
f 11/4/11 13/5/13 12/6/12
f 17/7/17 16/8/16 15/9/15
f 14/10/14 13/5/13 11/4/11
f 90/11/90 89/12/89 91/13/91
f 82/14/82 81/15/81 83/16/83
f 87/17/87 86/18/86 85/19/85
f 85/19/85 84/20/84 87/17/87
f 34/21/34 33/22/33 31/23/31
f 33/22/33 32/24/32 31/23/31
f 1/25/1 92/26/92 91/13/91
f 91/13/91 89/12/89 1/25/1
f 89/12/89 88/27/88 1/25/1
f 2/2/2 1/25/1 88/27/88
f 88/27/88 87/17/87 2/2/2
f 87/17/87 84/20/84 2/2/2
f 4/3/4 2/2/2 84/20/84
f 5/28/5 4/3/4 84/20/84
f 84/20/84 83/16/83 5/28/5
f 6/29/6 5/28/5 83/16/83
f 7/30/7 6/29/6 83/16/83
f 8/31/8 7/30/7 83/16/83
f 83/16/83 81/15/81 8/31/8
f 9/32/9 8/31/8 81/15/81
f 81/15/81 80/33/80 9/32/9
f 10/34/10 9/32/9 80/33/80
f 80/33/80 79/35/79 10/34/10
f 11/4/11 10/34/10 79/35/79
f 79/35/79 78/36/78 11/4/11
f 78/36/78 77/37/77 11/4/11
f 14/10/14 11/4/11 77/37/77
f 15/9/15 14/10/14 77/37/77
f 17/7/17 15/9/15 77/37/77
f 36/38/36 35/39/35 40/40/40
f 36/38/36 40/40/40 37/41/37
f 75/42/75 74/43/74 73/44/73
f 51/45/51 50/46/50 49/47/49
f 40/40/40 39/48/39 38/49/38
f 38/49/38 37/41/37 40/40/40
f 75/42/75 51/45/51 76/50/76
f 51/45/51 49/47/49 76/50/76
f 77/37/77 76/50/76 49/47/49
f 53/51/53 52/52/52 51/45/51
f 69/53/69 56/54/56 54/55/54
f 55/56/55 54/55/54 56/54/56
f 71/57/71 70/58/70 69/53/69
f 69/53/69 54/55/54 71/57/71
f 72/59/72 71/57/71 54/55/54
f 73/44/73 72/59/72 54/55/54
f 54/55/54 53/51/53 73/44/73
f 67/60/67 66/61/66 58/62/58
f 68/63/68 67/60/67 58/62/58
f 58/62/58 57/64/57 68/63/68
f 66/61/66 65/65/65 64/66/64
f 63/67/63 62/68/62 58/62/58
f 59/69/59 58/62/58 62/68/62
f 62/68/62 61/70/61 59/69/59
f 61/70/61 60/71/60 59/69/59
f 64/66/64 63/67/63 66/61/66
f 58/62/58 66/61/66 63/67/63
f 69/53/69 68/63/68 57/64/57
f 57/64/57 56/54/56 69/53/69
f 51/45/51 75/42/75 73/44/73
f 73/44/73 53/51/53 51/45/51
f 49/47/49 48/72/48 77/37/77
f 48/72/48 47/73/47 77/37/77
f 17/7/17 77/37/77 47/73/47
f 18/74/18 17/7/17 47/73/47
f 19/75/19 18/74/18 47/73/47
f 47/73/47 46/76/46 19/75/19
f 20/77/20 19/75/19 46/76/46
f 21/78/21 20/77/20 46/76/46
f 46/76/46 45/79/45 21/78/21
f 45/79/45 44/80/44 21/78/21
f 22/81/22 21/78/21 44/80/44
f 23/82/23 22/81/22 44/80/44
f 44/80/44 43/83/43 23/82/23
f 24/84/24 23/82/23 43/83/43
f 43/83/43 42/85/42 24/84/24
f 25/86/25 24/84/24 42/85/42
f 42/85/42 41/87/41 25/86/25
f 26/88/26 25/86/25 41/87/41
f 27/89/27 26/88/26 41/87/41
f 41/87/41 40/40/40 27/89/27
f 28/90/28 27/89/27 40/40/40
f 29/91/29 28/90/28 40/40/40
f 30/92/30 29/91/29 40/40/40
f 40/40/40 35/39/35 30/92/30
f 31/23/31 30/92/30 35/39/35
f 34/21/34 31/23/31 35/39/35
f 141/93/141 140/94/140 142/95/142
f 142/95/142 140/94/140 143/96/143
f 147/97/147 146/98/146 137/99/137
f 145/100/145 144/101/144 137/99/137
f 137/99/137 146/98/146 145/100/145
f 140/94/140 139/102/139 138/103/138
f 143/96/143 140/94/140 138/103/138
f 138/103/138 137/99/137 143/96/143
f 144/101/144 143/96/143 137/99/137
f 134/104/134 149/105/149 148/106/148
f 136/107/136 135/108/135 147/97/147
f 148/106/148 147/97/147 135/108/135
f 135/108/135 134/104/134 148/106/148
f 93/109/93 202/110/202 94/111/94
f 147/97/147 137/99/137 136/107/136
f 95/112/95 94/111/94 96/113/96
f 134/104/134 133/114/133 150/115/150
f 149/105/149 134/104/134 150/115/150
f 132/116/132 150/115/150 133/114/133
f 132/116/132 131/117/131 151/118/151
f 150/115/150 132/116/132 151/118/151
f 201/119/201 200/120/200 202/110/202
f 200/120/200 94/111/94 202/110/202
f 129/121/129 128/122/128 154/123/154
f 154/123/154 153/124/153 129/121/129
f 130/125/130 129/121/129 153/124/153
f 153/124/153 152/126/152 130/125/130
f 154/123/154 128/122/128 155/127/155
f 127/128/127 155/127/155 128/122/128
f 155/127/155 127/128/127 126/129/126
f 125/130/125 156/131/156 126/129/126
f 155/127/155 126/129/126 156/131/156
f 99/132/99 98/133/98 196/134/196
f 196/134/196 195/135/195 99/132/99
f 100/136/100 99/132/99 195/135/195
f 195/135/195 194/137/194 100/136/100
f 194/137/194 193/138/193 100/136/100
f 94/111/94 200/120/200 199/139/199
f 96/113/96 94/111/94 199/139/199
f 199/139/199 198/140/198 96/113/96
f 198/140/198 197/141/197 96/113/96
f 97/142/97 96/113/96 197/141/197
f 98/133/98 97/142/97 197/141/197
f 197/141/197 196/134/196 98/133/98
f 151/118/151 131/117/131 130/125/130
f 130/125/130 152/126/152 151/118/151
f 156/131/156 124/143/124 157/144/157
f 123/145/123 158/146/158 124/143/124
f 158/146/158 157/144/157 124/143/124
f 193/138/193 192/147/192 191/148/191
f 159/149/159 158/146/158 122/150/122
f 121/151/121 159/149/159 122/150/122
f 189/152/189 188/153/188 190/154/190
f 191/148/191 190/154/190 188/153/188
f 113/155/113 112/156/112 114/157/114
f 116/158/116 115/159/115 114/157/114
f 159/149/159 121/151/121 160/160/160
f 186/161/186 185/162/185 108/163/108
f 109/164/109 108/163/108 185/162/185
f 110/165/110 109/164/109 185/162/185
f 111/166/111 110/165/110 185/162/185
f 123/145/123 122/150/122 158/146/158
f 180/167/180 179/168/179 181/169/181
f 179/168/179 178/170/178 181/169/181
f 163/171/163 162/172/162 166/173/166
f 166/173/166 165/174/165 163/171/163
f 164/175/164 163/171/163 165/174/165
f 175/176/175 174/177/174 176/178/176
f 173/179/173 172/180/172 174/177/174
f 176/178/176 174/177/174 117/181/117
f 118/182/118 117/181/117 174/177/174
f 119/183/119 118/182/118 174/177/174
f 174/177/174 172/180/172 119/183/119
f 172/180/172 171/184/171 119/183/119
f 171/184/171 170/185/170 119/183/119
f 170/185/170 169/186/169 119/183/119
f 169/186/169 168/187/168 119/183/119
f 168/187/168 167/188/167 119/183/119
f 162/172/162 119/183/119 167/188/167
f 166/173/166 162/172/162 167/188/167
f 184/189/184 183/190/183 185/162/185
f 111/166/111 185/162/185 183/190/183
f 112/156/112 111/166/111 183/190/183
f 183/190/183 182/191/182 112/156/112
f 182/191/182 181/169/181 112/156/112
f 181/169/181 178/170/178 112/156/112
f 114/157/114 112/156/112 178/170/178
f 116/158/116 114/157/114 178/170/178
f 178/170/178 177/192/177 116/158/116
f 117/181/117 116/158/116 177/192/177
f 177/192/177 176/178/176 117/181/117
f 120/193/120 119/183/119 162/172/162
f 121/151/121 120/193/120 162/172/162
f 160/160/160 121/151/121 162/172/162
f 161/194/161 160/160/160 162/172/162
f 101/195/101 100/136/100 193/138/193
f 102/196/102 101/195/101 193/138/193
f 103/197/103 102/196/102 193/138/193
f 193/138/193 191/148/191 103/197/103
f 104/198/104 103/197/103 191/148/191
f 105/199/105 104/198/104 191/148/191
f 191/148/191 188/153/188 105/199/105
f 106/200/106 105/199/105 188/153/188
f 107/201/107 106/200/106 188/153/188
f 188/153/188 187/202/187 107/201/107
f 187/202/187 186/161/186 107/201/107
f 108/163/108 107/201/107 186/161/186
f 124/143/124 156/131/156 125/130/125
f 240/203/240 239/204/239 238/205/238
f 236/206/236 235/207/235 240/203/240
f 303/208/303 302/209/302 298/210/298
f 238/205/238 237/211/237 236/206/236
f 240/203/240 238/205/238 236/206/236
f 299/212/299 298/210/298 300/213/300
f 298/210/298 302/209/302 300/213/300
f 301/214/301 300/213/300 302/209/302
f 304/215/304 303/208/303 297/216/297
f 295/217/295 305/218/305 296/219/296
f 235/207/235 234/220/234 233/221/233
f 297/216/297 296/219/296 304/215/304
f 296/219/296 305/218/305 304/215/304
f 241/222/241 240/203/240 235/207/235
f 235/207/235 233/221/233 241/222/241
f 233/221/233 244/223/244 241/222/241
f 242/224/242 241/222/241 244/223/244
f 244/223/244 243/225/243 242/224/242
f 298/210/298 297/216/297 303/208/303
f 245/226/245 244/223/244 232/227/232
f 246/228/246 245/226/245 232/227/232
f 307/229/307 306/230/306 295/217/295
f 204/231/204 206/232/206 205/233/205
f 307/229/307 294/234/294 308/235/308
f 246/228/246 232/227/232 231/236/231
f 307/229/307 295/217/295 294/234/294
f 233/221/233 232/227/232 244/223/244
f 305/218/305 295/217/295 306/230/306
f 230/237/230 229/238/229 246/228/246
f 247/239/247 246/228/246 229/238/229
f 310/240/310 309/241/309 292/242/292
f 229/238/229 228/243/228 247/239/247
f 294/234/294 293/244/293 292/242/292
f 292/242/292 309/241/309 308/235/308
f 227/245/227 249/246/249 228/243/228
f 227/245/227 250/247/250 249/246/249
f 227/245/227 226/248/226 250/247/250
f 203/249/203 1563/250/1563 1561/251/1561
f 204/231/204 1561/251/1561 1563/250/1563
f 1563/250/1563 283/252/283 207/253/207
f 248/254/248 247/239/247 228/243/228
f 249/246/249 248/254/248 228/243/228
f 292/242/292 291/255/291 310/240/310
f 311/256/311 310/240/310 291/255/291
f 204/231/204 1563/250/1563 206/232/206
f 1563/250/1563 207/253/207 206/232/206
f 246/228/246 231/236/231 230/237/230
f 292/242/292 308/235/308 294/234/294
f 289/257/289 313/258/313 312/259/312
f 313/258/313 289/257/289 288/260/288
f 225/261/225 224/262/224 252/263/252
f 225/261/225 252/263/252 226/248/226
f 313/258/313 288/260/288 314/264/314
f 286/265/286 314/264/314 287/266/287
f 223/267/223 254/268/254 224/262/224
f 253/269/253 252/263/252 254/268/254
f 254/268/254 252/263/252 224/262/224
f 287/266/287 314/264/314 288/260/288
f 255/270/255 254/268/254 223/267/223
f 317/271/317 316/272/316 285/273/285
f 319/274/319 318/275/318 329/276/329
f 284/277/284 329/276/329 318/275/318
f 258/278/258 257/279/257 223/267/223
f 257/279/257 256/280/256 223/267/223
f 255/270/255 223/267/223 256/280/256
f 285/273/285 284/277/284 318/275/318
f 318/275/318 317/271/317 285/273/285
f 270/281/270 269/282/269 271/283/271
f 327/284/327 326/285/326 325/286/325
f 265/287/265 264/288/264 266/289/266
f 267/290/267 266/289/266 264/288/264
f 268/291/268 267/290/267 264/288/264
f 262/292/262 261/293/261 258/278/258
f 261/293/261 260/294/260 258/278/258
f 259/295/259 258/278/258 260/294/260
f 328/296/328 327/284/327 325/286/325
f 325/286/325 324/297/324 328/296/328
f 324/297/324 323/298/323 319/274/319
f 323/298/323 322/299/322 319/274/319
f 320/300/320 319/274/319 322/299/322
f 321/301/321 320/300/320 322/299/322
f 269/282/269 268/291/268 220/302/220
f 264/288/264 263/303/263 223/267/223
f 263/303/263 262/292/262 223/267/223
f 262/292/262 258/278/258 223/267/223
f 324/297/324 319/274/319 328/296/328
f 329/276/329 328/296/328 319/274/319
f 277/304/277 276/305/276 214/306/214
f 276/305/276 275/307/275 214/306/214
f 215/308/215 214/306/214 275/307/275
f 216/309/216 215/308/215 275/307/275
f 275/307/275 274/310/274 216/309/216
f 217/311/217 216/309/216 274/310/274
f 274/310/274 273/312/273 217/311/217
f 273/312/273 272/313/272 217/311/217
f 218/314/218 217/311/217 272/313/272
f 272/313/272 271/283/271 218/314/218
f 271/283/271 269/282/269 218/314/218
f 219/315/219 218/314/218 269/282/269
f 220/302/220 219/315/219 269/282/269
f 220/302/220 268/291/268 221/316/221
f 268/291/268 264/288/264 221/316/221
f 222/317/222 221/316/221 264/288/264
f 264/288/264 223/267/223 222/317/222
f 286/265/286 285/273/285 316/272/316
f 314/264/314 286/265/286 316/272/316
f 315/318/315 314/264/314 316/272/316
f 208/319/208 207/253/207 283/252/283
f 283/252/283 282/320/282 208/319/208
f 209/321/209 208/319/208 282/320/282
f 210/322/210 209/321/209 282/320/282
f 211/323/211 210/322/210 282/320/282
f 282/320/282 281/324/281 211/323/211
f 281/324/281 280/325/280 211/323/211
f 212/326/212 211/323/211 280/325/280
f 280/325/280 279/327/279 212/326/212
f 213/328/213 212/326/212 279/327/279
f 279/327/279 278/329/278 213/328/213
f 278/329/278 277/304/277 213/328/213
f 277/304/277 214/306/214 213/328/213
f 226/248/226 252/263/252 250/247/250
f 251/330/251 250/247/250 252/263/252
f 291/255/291 290/331/290 289/257/289
f 289/257/289 312/259/312 291/255/291
f 311/256/311 291/255/291 312/259/312
f 375/332/375 374/333/374 376/334/376
f 440/335/440 439/336/439 438/337/438
f 374/333/374 373/338/373 372/339/372
f 372/339/372 371/340/371 374/333/374
f 376/334/376 374/333/374 371/340/371
f 377/341/377 376/334/376 371/340/371
f 336/342/336 335/343/335 333/344/333
f 335/343/335 334/345/334 333/344/333
f 387/346/387 386/347/386 389/348/389
f 389/348/389 388/349/388 387/346/387
f 438/337/438 437/350/437 440/335/440
f 437/350/437 436/351/436 440/335/440
f 436/351/436 435/352/435 440/335/440
f 330/353/330 440/335/440 435/352/435
f 371/340/371 370/354/370 377/341/377
f 378/355/378 377/341/377 370/354/370
f 379/356/379 378/355/378 370/354/370
f 370/354/370 369/357/369 379/356/379
f 369/357/369 368/358/368 379/356/379
f 380/359/380 379/356/379 368/358/368
f 368/358/368 367/360/367 380/359/380
f 381/361/381 380/359/380 367/360/367
f 382/362/382 381/361/381 367/360/367
f 383/363/383 382/362/382 367/360/367
f 367/360/367 366/364/366 383/363/383
f 384/365/384 383/363/383 366/364/366
f 362/366/362 391/367/391 363/368/363
f 339/369/339 338/370/338 337/371/337
f 390/372/390 389/348/389 391/367/391
f 361/373/361 392/374/392 362/366/362
f 391/367/391 362/366/362 392/374/392
f 431/375/431 430/376/430 432/377/432
f 341/378/341 340/379/340 342/380/342
f 392/374/392 361/373/361 393/381/393
f 430/376/430 429/382/429 336/342/336
f 337/371/337 336/342/336 429/382/429
f 429/382/429 428/383/428 337/371/337
f 331/384/331 330/353/330 435/352/435
f 435/352/435 434/385/434 331/384/331
f 434/385/434 433/386/433 331/384/331
f 332/387/332 331/384/331 433/386/433
f 333/344/333 332/387/332 433/386/433
f 433/386/433 432/377/432 333/344/333
f 336/342/336 333/344/333 432/377/432
f 432/377/432 430/376/430 336/342/336
f 366/364/366 365/388/365 384/365/384
f 365/388/365 364/389/364 384/365/384
f 385/390/385 384/365/384 364/389/364
f 386/347/386 385/390/385 364/389/364
f 389/348/389 386/347/386 364/389/364
f 364/389/364 363/368/363 389/348/389
f 363/368/363 391/367/391 389/348/389
f 358/391/358 397/392/397 359/393/359
f 397/392/397 396/394/396 359/393/359
f 395/395/395 359/393/359 396/394/396
f 350/396/350 349/397/349 351/398/351
f 357/399/357 356/400/356 397/392/397
f 423/401/423 422/402/422 424/403/424
f 398/404/398 397/392/397 356/400/356
f 358/391/358 357/399/357 397/392/397
f 400/405/400 399/406/399 355/407/355
f 416/408/416 415/409/415 414/410/414
f 414/410/414 413/411/413 416/408/416
f 409/412/409 408/413/408 410/414/410
f 354/415/354 353/416/353 411/417/411
f 411/417/411 410/414/410 354/415/354
f 410/414/410 408/413/408 354/415/354
f 408/413/408 407/418/407 354/415/354
f 355/407/355 354/415/354 407/418/407
f 407/418/407 406/419/406 355/407/355
f 406/419/406 405/420/405 355/407/355
f 405/420/405 404/421/404 355/407/355
f 404/421/404 403/422/403 355/407/355
f 403/422/403 402/423/402 355/407/355
f 402/423/402 401/424/401 355/407/355
f 401/424/401 400/405/400 355/407/355
f 421/425/421 420/426/420 346/427/346
f 420/426/420 419/428/419 346/427/346
f 347/429/347 346/427/346 419/428/419
f 419/428/419 418/430/418 347/429/347
f 348/431/348 347/429/347 418/430/418
f 418/430/418 417/432/417 348/431/348
f 417/432/417 416/408/416 348/431/348
f 349/397/349 348/431/348 416/408/416
f 351/398/351 349/397/349 416/408/416
f 416/408/416 413/411/413 351/398/351
f 413/411/413 412/433/412 351/398/351
f 352/434/352 351/398/351 412/433/412
f 353/416/353 352/434/352 412/433/412
f 412/433/412 411/417/411 353/416/353
f 399/406/399 398/404/398 355/407/355
f 356/400/356 355/407/355 398/404/398
f 339/369/339 337/371/337 428/383/428
f 428/383/428 427/435/427 339/369/339
f 427/435/427 426/436/426 339/369/339
f 340/379/340 339/369/339 426/436/426
f 426/436/426 425/437/425 340/379/340
f 425/437/425 424/403/424 340/379/340
f 342/380/342 340/379/340 424/403/424
f 424/403/424 422/402/422 342/380/342
f 343/438/343 342/380/342 422/402/422
f 422/402/422 421/425/421 343/438/343
f 421/425/421 346/427/346 343/438/343
f 346/427/346 345/439/345 343/438/343
f 345/439/345 344/440/344 343/438/343
f 361/373/361 360/441/360 359/393/359
f 393/381/393 361/373/361 359/393/359
f 359/393/359 395/395/395 393/381/393
f 394/442/394 393/381/393 395/395/395
f 455/443/455 454/444/454 527/445/527
f 456/446/456 455/443/455 527/445/527
f 457/447/457 456/446/456 527/445/527
f 527/445/527 449/448/449 448/449/448
f 450/450/450 449/448/449 527/445/527
f 451/451/451 450/450/450 527/445/527
f 452/452/452 451/451/451 527/445/527
f 453/453/453 452/452/452 527/445/527
f 454/444/454 453/453/453 527/445/527
f 458/454/458 457/447/457 527/445/527
f 459/455/459 458/454/458 527/445/527
f 527/445/527 526/456/526 459/455/459
f 460/457/460 459/455/459 526/456/526
f 530/458/530 529/459/529 461/460/461
f 462/461/462 461/460/461 529/459/529
f 461/460/461 460/457/460 526/456/526
f 526/456/526 530/458/530 461/460/461
f 475/462/475 474/463/474 477/464/477
f 477/464/477 476/465/476 475/462/475
f 478/466/478 477/464/477 479/467/479
f 477/464/477 474/463/474 479/467/479
f 479/467/479 506/468/506 480/469/480
f 509/470/509 508/471/508 507/472/507
f 506/468/506 505/473/505 504/474/504
f 480/469/480 506/468/506 504/474/504
f 504/474/504 482/475/482 480/469/480
f 481/476/481 480/469/480 482/475/482
f 443/477/443 442/478/442 441/479/441
f 444/480/444 443/477/443 515/481/515
f 515/481/515 514/482/514 444/480/444
f 514/482/514 513/483/513 444/480/444
f 513/483/513 512/484/512 444/480/444
f 445/485/445 444/480/444 512/484/512
f 512/484/512 511/486/511 445/485/445
f 510/487/510 509/470/509 511/486/511
f 517/488/517 516/489/516 515/481/515
f 503/490/503 502/491/502 501/492/501
f 500/493/500 499/494/499 484/495/484
f 485/496/485 484/495/484 499/494/499
f 522/497/522 521/498/521 523/499/523
f 484/495/484 501/492/501 500/493/500
f 525/500/525 524/501/524 518/502/518
f 483/503/483 501/492/501 484/495/484
f 498/504/498 497/505/497 487/506/487
f 499/494/499 498/504/498 485/496/485
f 486/507/486 485/496/485 498/504/498
f 498/504/498 487/506/487 486/507/486
f 494/508/494 493/509/493 492/510/492
f 495/511/495 494/508/494 488/512/488
f 494/508/494 492/510/492 488/512/488
f 492/510/492 491/513/491 488/512/488
f 489/514/489 488/512/488 491/513/491
f 491/513/491 490/515/490 489/514/489
f 497/505/497 496/516/496 487/506/487
f 496/516/496 495/511/495 487/506/487
f 488/512/488 487/506/487 495/511/495
f 524/501/524 523/499/523 521/498/521
f 521/498/521 520/517/520 524/501/524
f 518/502/518 524/501/524 520/517/520
f 520/517/520 519/518/519 518/502/518
f 518/502/518 517/488/517 525/500/525
f 441/479/441 525/500/525 517/488/517
f 517/488/517 515/481/515 441/479/441
f 443/477/443 441/479/441 515/481/515
f 501/492/501 483/503/483 503/490/503
f 504/474/504 503/490/503 483/503/483
f 482/475/482 504/474/504 483/503/483
f 528/519/528 527/445/527 448/449/448
f 448/449/448 447/520/447 528/519/528
f 447/520/447 446/521/446 528/519/528
f 529/459/529 528/519/528 446/521/446
f 446/521/446 445/485/445 529/459/529
f 445/485/445 511/486/511 529/459/529
f 462/461/462 529/459/529 511/486/511
f 511/486/511 509/470/509 462/461/462
f 509/470/509 507/472/507 462/461/462
f 463/522/463 462/461/462 507/472/507
f 507/472/507 506/468/506 463/522/463
f 464/523/464 463/522/463 506/468/506
f 465/524/465 464/523/464 506/468/506
f 466/525/466 465/524/465 506/468/506
f 506/468/506 479/467/479 466/525/466
f 467/526/467 466/525/466 479/467/479
f 468/527/468 467/526/467 479/467/479
f 469/528/469 468/527/468 479/467/479
f 470/529/470 469/528/469 479/467/479
f 471/530/471 470/529/470 479/467/479
f 472/531/472 471/530/471 479/467/479
f 473/532/473 472/531/472 479/467/479
f 479/467/479 474/463/474 473/532/473
f 536/533/536 535/534/535 534/535/534
f 553/536/553 552/537/552 551/538/551
f 538/539/538 537/540/537 576/541/576
f 539/542/539 538/539/538 576/541/576
f 578/543/578 577/544/577 579/545/579
f 577/544/577 576/541/576 579/545/579
f 583/546/583 582/547/582 584/548/584
f 557/549/557 564/550/564 558/551/558
f 560/552/560 559/553/559 561/554/561
f 562/555/562 561/554/561 559/553/559
f 563/556/563 562/555/562 564/550/564
f 562/555/562 559/553/559 564/550/564
f 558/551/558 564/550/564 559/553/559
f 557/549/557 556/557/556 565/558/565
f 565/558/565 564/550/564 557/549/557
f 585/559/585 584/548/584 582/547/582
f 556/557/556 555/560/555 565/558/565
f 586/561/586 585/559/585 587/562/587
f 585/559/585 582/547/582 587/562/587
f 588/563/588 587/562/587 582/547/582
f 589/564/589 588/563/588 582/547/582
f 582/547/582 581/565/581 589/564/589
f 531/566/531 589/564/589 581/565/581
f 581/565/581 580/567/580 531/566/531
f 532/568/532 531/566/531 580/567/580
f 533/569/533 532/568/532 580/567/580
f 580/567/580 579/545/579 533/569/533
f 534/535/534 533/569/533 579/545/579
f 536/533/536 534/535/534 579/545/579
f 537/540/537 536/533/536 579/545/579
f 579/545/579 576/541/576 537/540/537
f 576/541/576 575/570/575 539/542/539
f 540/571/540 539/542/539 575/570/575
f 575/570/575 574/572/574 540/571/540
f 541/573/541 540/571/540 574/572/574
f 542/574/542 541/573/541 574/572/574
f 574/572/574 573/575/573 542/574/542
f 543/576/543 542/574/542 573/575/573
f 573/575/573 572/577/572 543/576/543
f 572/577/572 571/578/571 543/576/543
f 544/579/544 543/576/543 571/578/571
f 571/578/571 570/580/570 544/579/544
f 545/581/545 544/579/544 570/580/570
f 570/580/570 569/582/569 545/581/545
f 546/583/546 545/581/545 569/582/569
f 569/582/569 568/584/568 546/583/546
f 547/585/547 546/583/546 568/584/568
f 568/584/568 567/586/567 547/585/547
f 567/586/567 566/587/566 547/585/547
f 548/588/548 547/585/547 566/587/566
f 549/589/549 548/588/548 566/587/566
f 550/590/550 549/589/549 566/587/566
f 566/587/566 565/558/565 550/590/550
f 551/538/551 550/590/550 565/558/565
f 553/536/553 551/538/551 565/558/565
f 554/591/554 553/536/553 565/558/565
f 565/558/565 555/560/555 554/591/554
f 603/592/603 602/593/602 601/594/601
f 651/595/651 650/596/650 630/597/630
f 594/598/594 593/599/593 595/600/595
f 596/601/596 595/600/595 593/599/593
f 605/602/605 604/603/604 601/594/601
f 603/592/603 601/594/601 604/603/604
f 609/604/609 608/605/608 607/606/607
f 592/607/592 591/608/591 593/599/593
f 591/608/591 609/604/609 593/599/593
f 596/601/596 593/599/593 609/604/609
f 597/609/597 596/601/596 609/604/609
f 598/610/598 597/609/597 609/604/609
f 599/611/599 598/610/598 609/604/609
f 600/612/600 599/611/599 609/604/609
f 601/594/601 600/612/600 609/604/609
f 605/602/605 601/594/601 609/604/609
f 606/613/606 605/602/605 609/604/609
f 609/604/609 607/606/607 606/613/606
f 650/596/650 649/614/649 630/597/630
f 634/615/634 633/616/633 631/617/631
f 632/618/632 631/617/631 633/616/633
f 591/608/591 590/619/590 610/620/610
f 590/619/590 629/621/629 610/620/610
f 637/622/637 636/623/636 647/624/647
f 647/624/647 646/625/646 637/622/637
f 628/626/628 627/627/627 629/621/629
f 611/628/611 629/621/629 627/627/627
f 638/629/638 637/622/637 646/625/646
f 629/621/629 611/628/611 610/620/610
f 626/630/626 625/631/625 613/632/613
f 644/633/644 643/634/643 638/629/638
f 643/634/643 642/635/642 638/629/638
f 639/636/639 638/629/638 640/637/640
f 617/638/617 616/639/616 615/640/615
f 619/641/619 618/642/618 617/638/617
f 623/643/623 622/644/622 621/645/621
f 620/646/620 619/641/619 615/640/615
f 617/638/617 615/640/615 619/641/619
f 625/631/625 624/647/624 613/632/613
f 614/648/614 613/632/613 624/647/624
f 624/647/624 623/643/623 614/648/614
f 623/643/623 621/645/621 614/648/614
f 615/640/615 614/648/614 621/645/621
f 621/645/621 620/646/620 615/640/615
f 642/635/642 641/649/641 638/629/638
f 640/637/640 638/629/638 641/649/641
f 611/628/611 627/627/627 626/630/626
f 626/630/626 613/632/613 611/628/611
f 612/650/612 611/628/611 613/632/613
f 645/651/645 644/633/644 646/625/646
f 638/629/638 646/625/646 644/633/644
f 609/604/609 591/608/591 610/620/610
f 649/614/649 648/652/648 647/624/647
f 630/597/630 649/614/649 647/624/647
f 631/617/631 630/597/630 647/624/647
f 634/615/634 631/617/631 647/624/647
f 635/653/635 634/615/634 647/624/647
f 647/624/647 636/623/636 635/653/635
f 672/654/672 671/655/671 670/656/670
f 676/657/676 675/658/675 678/659/678
f 678/659/678 677/660/677 676/657/676
f 665/661/665 664/662/664 666/663/666
f 667/664/667 666/663/666 714/665/714
f 714/665/714 713/666/713 667/664/667
f 668/667/668 667/664/667 713/666/713
f 669/668/669 668/667/668 713/666/713
f 713/666/713 712/669/712 669/668/669
f 670/656/670 669/668/669 712/669/712
f 672/654/672 670/656/670 712/669/712
f 712/669/712 711/670/711 672/654/672
f 673/671/673 672/654/672 711/670/711
f 674/672/674 673/671/673 711/670/711
f 675/658/675 674/672/674 711/670/711
f 678/659/678 675/658/675 711/670/711
f 679/673/679 678/659/678 711/670/711
f 711/670/711 710/674/710 679/673/679
f 680/675/680 679/673/679 710/674/710
f 710/674/710 709/676/709 680/675/680
f 718/677/718 717/678/717 716/679/716
f 706/680/706 705/681/705 707/682/707
f 704/683/704 703/684/703 705/681/705
f 693/685/693 692/686/692 691/687/691
f 659/688/659 658/689/658 660/690/660
f 658/689/658 720/691/720 660/690/660
f 720/691/720 719/692/719 660/690/660
f 661/693/661 660/690/660 719/692/719
f 662/694/662 661/693/661 719/692/719
f 719/692/719 718/677/718 662/694/662
f 663/695/663 662/694/662 718/677/718
f 687/696/687 705/681/705 703/684/703
f 688/697/688 687/696/687 703/684/703
f 689/698/689 688/697/688 703/684/703
f 703/684/703 702/699/702 689/698/689
f 702/699/702 701/700/701 689/698/689
f 718/677/718 716/679/716 663/695/663
f 664/662/664 663/695/663 716/679/716
f 716/679/716 715/701/715 664/662/664
f 666/663/666 664/662/664 715/701/715
f 715/701/715 714/665/714 666/663/666
f 709/676/709 708/702/708 707/682/707
f 680/675/680 709/676/709 707/682/707
f 681/703/681 680/675/680 707/682/707
f 682/704/682 681/703/681 707/682/707
f 683/705/683 682/704/682 707/682/707
f 707/682/707 705/681/705 683/705/683
f 684/706/684 683/705/683 705/681/705
f 705/681/705 687/696/687 684/706/684
f 685/707/685 684/706/684 687/696/687
f 686/708/686 685/707/685 687/696/687
f 700/709/700 699/710/699 694/711/694
f 695/712/695 694/711/694 699/710/699
f 699/710/699 698/713/698 695/712/695
f 698/713/698 697/714/697 695/712/695
f 697/714/697 696/715/696 695/712/695
f 728/716/728 727/717/727 652/718/652
f 653/719/653 652/718/652 727/717/727
f 727/717/727 726/720/726 653/719/653
f 654/721/654 653/719/653 726/720/726
f 726/720/726 725/722/725 723/723/723
f 724/724/724 723/723/723 725/722/725
f 735/725/735 734/726/734 732/727/732
f 732/727/732 731/728/731 730/729/730
f 759/730/759 758/731/758 781/732/781
f 738/733/738 737/734/737 736/735/736
f 736/735/736 735/725/735 738/733/738
f 735/725/735 732/727/732 738/733/738
f 732/727/732 730/729/730 738/733/738
f 730/729/730 729/736/729 738/733/738
f 740/737/740 759/730/759 781/732/781
f 741/738/741 740/737/740 781/732/781
f 742/739/742 741/738/741 781/732/781
f 743/740/743 742/739/742 781/732/781
f 744/741/744 743/740/743 781/732/781
f 746/742/746 745/743/745 747/744/747
f 738/733/738 729/736/729 739/745/739
f 652/718/652 739/745/739 729/736/729
f 729/736/729 728/716/728 652/718/652
f 757/746/757 756/747/756 781/732/781
f 756/747/756 755/748/755 781/732/781
f 752/749/752 751/750/751 781/732/781
f 751/750/751 750/751/750 781/732/781
f 750/751/750 749/752/749 748/753/748
f 755/748/755 754/754/754 781/732/781
f 754/754/754 753/755/753 781/732/781
f 753/755/753 752/749/752 781/732/781
f 779/756/779 778/757/778 777/758/777
f 777/758/777 776/759/776 779/756/779
f 760/760/760 780/761/780 779/756/779
f 775/762/775 774/763/774 773/764/773
f 779/756/779 776/759/776 775/762/775
f 775/762/775 773/764/773 779/756/779
f 760/760/760 779/756/779 773/764/773
f 773/764/773 772/765/772 760/760/760
f 772/765/772 771/766/771 760/760/760
f 767/767/767 766/768/766 769/769/769
f 768/770/768 767/767/767 769/769/769
f 760/760/760 771/766/771 761/771/761
f 771/766/771 770/772/770 761/771/761
f 762/773/762 761/771/761 770/772/770
f 763/774/763 762/773/762 770/772/770
f 770/772/770 769/769/769 763/774/763
f 769/769/769 766/768/766 763/774/763
f 764/775/764 763/774/763 766/768/766
f 766/768/766 765/776/765 764/775/764
f 733/777/733 732/727/732 734/726/734
f 758/731/758 757/746/757 781/732/781
f 745/743/745 744/741/744 781/732/781
f 781/732/781 750/751/750 745/743/745
f 747/744/747 745/743/745 750/751/750
f 750/751/750 748/753/748 747/744/747
f 655/778/655 654/721/654 656/779/656
f 654/721/654 726/720/726 656/779/656
f 726/720/726 723/723/723 656/779/656
f 657/780/657 656/779/656 723/723/723
f 658/689/658 657/780/657 723/723/723
f 723/723/723 722/781/722 658/689/658
f 722/781/722 721/782/721 658/689/658
f 720/691/720 658/689/658 721/782/721
f 690/783/690 689/698/689 701/700/701
f 691/687/691 690/783/690 701/700/701
f 701/700/701 700/709/700 691/687/691
f 693/685/693 691/687/691 700/709/700
f 694/711/694 693/685/693 700/709/700
f 793/784/793 794/785/794 795/786/795
f 795/786/795 792/787/792 793/784/793
f 785/788/785 783/789/783 784/790/784
f 786/791/786 783/789/783 785/788/785
f 797/792/797 798/793/798 796/794/796
f 813/795/813 814/796/814 812/797/812
f 873/798/873 874/799/874 872/800/872
f 870/17/870 868/801/868 869/802/869
f 868/801/868 870/17/870 867/803/867
f 816/804/816 812/797/812 815/805/815
f 815/805/815 812/797/812 814/796/814
f 782/806/782 874/799/874 875/807/875
f 874/799/874 782/806/782 872/800/872
f 783/789/783 872/800/872 782/806/782
f 872/800/872 783/789/783 871/808/871
f 871/808/871 783/789/783 870/17/870
f 870/17/870 783/789/783 867/803/867
f 786/791/786 867/803/867 783/789/783
f 787/809/787 867/803/867 786/791/786
f 788/810/788 867/803/867 787/809/787
f 867/803/867 788/810/788 866/811/866
f 866/811/866 788/810/788 865/812/865
f 789/813/789 865/812/865 788/810/788
f 865/812/865 789/813/789 864/814/864
f 790/815/790 864/814/864 789/813/789
f 864/814/864 790/815/790 863/816/863
f 791/817/791 863/816/863 790/815/790
f 792/787/792 863/816/863 791/817/791
f 863/816/863 792/787/792 862/818/862
f 862/818/862 792/787/792 861/819/861
f 861/819/861 792/787/792 860/820/860
f 795/786/795 860/820/860 792/787/792
f 798/793/798 859/821/859 796/794/796
f 818/822/818 821/823/821 817/824/817
f 832/825/832 833/826/833 831/827/831
f 857/828/857 855/829/855 856/43/856
f 819/830/819 820/831/820 818/822/818
f 821/823/821 818/822/818 820/831/820
f 857/828/857 858/832/858 833/826/833
f 833/826/833 858/832/858 831/827/831
f 860/820/860 831/827/831 858/832/858
f 859/821/859 831/827/831 860/820/860
f 834/833/834 835/834/835 833/826/833
f 838/835/838 851/836/851 837/837/837
f 851/836/851 836/838/836 837/837/837
f 852/839/852 853/840/853 851/836/851
f 851/836/851 853/840/853 836/838/836
f 854/841/854 836/838/836 853/840/853
f 855/829/855 836/838/836 854/841/854
f 835/834/835 836/838/836 855/829/855
f 840/842/840 850/843/850 839/844/839
f 849/845/849 847/846/847 848/847/848
f 850/843/850 840/842/840 849/845/849
f 844/848/844 840/842/840 843/849/843
f 841/850/841 843/849/843 840/842/840
f 842/851/842 843/849/843 841/850/841
f 847/846/847 849/845/849 846/852/846
f 846/852/846 849/845/849 845/853/845
f 845/853/845 849/845/849 844/848/844
f 840/842/840 844/848/844 849/845/849
f 839/844/839 850/843/850 838/835/838
f 851/836/851 838/835/838 850/843/850
f 833/826/833 855/829/855 857/828/857
f 855/829/855 833/826/833 835/834/835
f 795/786/795 859/821/859 860/820/860
f 796/794/796 859/821/859 795/786/795
f 831/827/831 859/821/859 830/854/830
f 830/854/830 859/821/859 829/855/829
f 798/793/798 829/855/829 859/821/859
f 799/856/799 829/855/829 798/793/798
f 800/857/800 829/855/829 799/856/799
f 829/855/829 800/857/800 828/858/828
f 801/859/801 828/858/828 800/857/800
f 802/860/802 828/858/828 801/859/801
f 828/858/828 802/860/802 827/861/827
f 803/862/803 827/861/827 802/860/802
f 827/861/827 803/862/803 826/863/826
f 804/864/804 826/863/826 803/862/803
f 826/863/826 804/864/804 825/865/825
f 825/865/825 804/864/804 824/866/824
f 805/867/805 824/866/824 804/864/804
f 806/868/806 824/866/824 805/867/805
f 824/866/824 806/868/806 823/869/823
f 823/869/823 806/868/806 822/870/822
f 807/871/807 822/870/822 806/868/806
f 822/870/822 807/871/807 821/823/821
f 808/872/808 821/823/821 807/871/807
f 809/873/809 821/823/821 808/872/808
f 810/874/810 821/823/821 809/873/809
f 811/875/811 821/823/821 810/874/810
f 812/797/812 821/823/821 811/875/811
f 821/823/821 812/797/812 817/824/817
f 817/824/817 812/797/812 816/804/816
f 926/876/926 924/877/924 925/878/925
f 927/879/927 928/880/928 924/877/924
f 928/880/928 923/881/923 924/877/924
f 927/879/927 924/877/924 926/876/926
f 920/882/920 929/883/929 919/884/919
f 930/885/930 919/884/919 929/883/929
f 929/883/929 920/882/920 928/880/928
f 923/881/923 921/886/921 922/887/922
f 928/880/928 921/886/921 923/881/923
f 921/886/921 928/880/928 920/882/920
f 918/888/918 919/884/919 932/889/932
f 932/889/932 919/884/919 931/890/931
f 931/890/931 919/884/919 930/885/930
f 876/891/876 877/892/877 878/893/878
f 917/894/917 933/895/933 934/896/934
f 879/897/879 880/898/880 878/893/878
f 917/894/917 918/888/918 933/895/933
f 917/894/917 934/896/934 916/899/916
f 915/900/915 916/899/916 934/896/934
f 983/901/983 984/902/984 982/903/982
f 876/891/876 982/903/982 984/902/984
f 982/903/982 876/891/876 878/893/878
f 932/889/932 933/895/933 918/888/918
f 937/904/937 913/905/913 936/906/936
f 913/905/913 914/907/914 936/906/936
f 915/900/915 936/906/936 914/907/914
f 936/906/936 915/900/915 935/908/935
f 912/909/912 913/905/913 938/910/938
f 940/911/940 938/910/938 939/912/939
f 912/909/912 910/913/910 911/914/911
f 910/913/910 912/909/912 940/911/940
f 938/910/938 940/911/940 912/909/912
f 978/915/978 883/916/883 977/917/977
f 884/918/884 977/917/977 883/916/883
f 977/917/977 884/918/884 976/919/976
f 976/919/976 884/918/884 975/138/975
f 937/904/937 938/910/938 913/905/913
f 982/903/982 980/920/980 981/921/981
f 878/893/878 980/920/980 982/903/982
f 880/898/880 980/920/980 878/893/878
f 980/920/980 880/898/880 979/922/979
f 881/923/881 979/922/979 880/898/880
f 882/924/882 979/922/979 881/923/881
f 883/916/883 979/922/979 882/924/882
f 979/922/979 883/916/883 978/915/978
f 915/900/915 934/896/934 935/908/935
f 909/925/909 940/911/940 908/926/908
f 910/913/910 940/911/940 909/925/909
f 975/138/975 973/927/973 974/928/974
f 940/911/940 941/929/941 908/926/908
f 942/930/942 943/931/943 907/932/907
f 906/933/906 943/931/943 905/934/905
f 973/927/973 971/935/971 972/154/972
f 897/936/897 898/937/898 896/938/896
f 906/933/906 907/932/907 943/931/943
f 900/939/900 898/937/898 899/940/899
f 968/941/968 891/942/891 967/943/967
f 892/944/892 967/943/967 891/942/891
f 893/945/893 967/943/967 892/944/892
f 907/932/907 908/926/908 942/930/942
f 941/929/941 942/930/942 908/926/908
f 903/946/903 901/947/901 902/948/902
f 963/949/963 964/950/964 962/951/962
f 946/171/946 949/952/949 945/953/945
f 949/952/949 946/171/946 948/174/948
f 947/175/947 948/174/948 946/171/946
f 958/954/958 956/955/956 957/956/957
f 959/957/959 901/947/901 958/954/958
f 903/946/903 958/954/958 901/947/901
f 958/954/958 903/946/903 956/955/956
f 956/955/956 903/946/903 955/958/955
f 955/958/955 903/946/903 954/959/954
f 954/959/954 903/946/903 953/960/953
f 953/960/953 903/946/903 952/961/952
f 952/961/952 903/946/903 951/962/951
f 951/962/951 903/946/903 950/963/950
f 950/963/950 903/946/903 949/952/949
f 945/953/945 949/952/949 903/946/903
f 893/945/893 966/964/966 967/943/967
f 894/965/894 966/964/966 893/945/893
f 966/964/966 894/965/894 965/966/965
f 895/967/895 965/966/965 894/965/894
f 896/938/896 965/966/965 895/967/895
f 965/966/965 896/938/896 964/950/964
f 964/950/964 896/938/896 962/951/962
f 962/951/962 896/938/896 961/968/961
f 898/937/898 961/968/961 896/938/896
f 900/939/900 961/968/961 898/937/898
f 961/968/961 900/939/900 960/969/960
f 960/969/960 900/939/900 959/957/959
f 901/947/901 959/957/959 900/939/900
f 904/970/904 945/953/945 903/946/903
f 905/934/905 945/953/945 904/970/904
f 943/931/943 945/953/945 905/934/905
f 945/953/945 943/931/943 944/971/944
f 885/972/885 975/138/975 884/918/884
f 886/973/886 975/138/975 885/972/885
f 975/138/975 886/973/886 973/927/973
f 887/974/887 973/927/973 886/973/886
f 888/975/888 973/927/973 887/974/887
f 973/927/973 888/975/888 971/935/971
f 889/976/889 971/935/971 888/975/888
f 971/935/971 889/976/889 970/977/970
f 890/978/890 970/977/970 889/976/889
f 970/977/970 890/978/890 969/979/969
f 969/979/969 890/978/890 968/941/968
f 891/942/891 968/941/968 890/978/890
f 1020/980/1020 1021/203/1021 1019/981/1019
f 1017/982/1017 1021/203/1021 1016/983/1016
f 1018/984/1018 1019/981/1019 1017/982/1017
f 1021/203/1021 1017/982/1017 1019/981/1019
f 1078/985/1078 1079/986/1079 1077/987/1077
f 1080/988/1080 1077/987/1077 1079/986/1079
f 1077/987/1077 1080/988/1080 1076/989/1076
f 1076/989/1076 1080/988/1080 1082/990/1082
f 1082/990/1082 1080/988/1080 1081/991/1081
f 1084/992/1084 1076/989/1076 1083/993/1083
f 1076/989/1076 1084/992/1084 1075/994/1075
f 1085/995/1085 1086/996/1086 1074/997/1074
f 1014/998/1014 1025/999/1025 1013/1000/1013
f 1075/994/1075 1084/992/1084 1074/997/1074
f 1085/995/1085 1074/997/1074 1084/992/1084
f 1022/1001/1022 1016/983/1016 1021/203/1021
f 1016/983/1016 1022/1001/1022 1015/1002/1015
f 1015/1002/1015 1022/1001/1022 1014/998/1014
f 1014/998/1014 1022/1001/1022 1025/999/1025
f 1025/999/1025 1022/1001/1022 1024/1003/1024
f 1024/1003/1024 1022/1001/1022 1023/1004/1023
f 1083/993/1083 1076/989/1076 1082/990/1082
f 1086/996/1086 1073/1005/1073 1074/997/1074
f 1073/1005/1073 1086/996/1086 1072/1006/1072
f 1072/1006/1072 1086/996/1086 1087/1007/1087
f 986/1008/986 987/1009/987 989/1010/989
f 988/1011/988 989/1010/989 987/1009/987
f 1027/1012/1027 1028/1013/1028 1012/1014/1012
f 1072/1006/1072 1087/1007/1087 1088/1015/1088
f 1027/1012/1027 1012/1014/1012 1026/1016/1026
f 1013/1000/1013 1025/999/1025 1012/1014/1012
f 1026/1016/1026 1012/1014/1012 1025/999/1025
f 1070/1017/1070 1091/1018/1091 1069/1019/1069
f 1029/1020/1029 1009/1021/1009 1028/1013/1028
f 1028/1013/1028 1009/1021/1009 1010/1022/1010
f 1089/1023/1089 1070/1017/1070 1088/1015/1088
f 1070/1017/1070 1089/1023/1089 1091/1018/1091
f 1091/1018/1091 1089/1023/1089 1090/1024/1090
f 1008/1025/1008 1030/1026/1030 1031/1027/1031
f 1007/1028/1007 1008/1025/1008 1031/1027/1031
f 1069/1019/1069 1091/1018/1091 1068/1029/1068
f 1068/1029/1068 1091/1018/1091 1092/1030/1092
f 986/1008/986 985/1031/985 1560/1032/1560
f 985/1031/985 986/1008/986 1564/1033/1564
f 1564/1033/1564 986/1008/986 1562/1034/1562
f 1009/1021/1009 1029/1020/1029 1008/1025/1008
f 1030/1026/1030 1008/1025/1008 1029/1020/1029
f 986/1008/986 989/1010/989 1562/1034/1562
f 1562/1034/1562 989/1010/989 990/1035/990
f 1028/1013/1028 1011/1036/1011 1012/1014/1012
f 1011/1036/1011 1028/1013/1028 1010/1022/1010
f 1072/1006/1072 1070/1017/1070 1071/1037/1071
f 1070/1017/1070 1072/1006/1072 1088/1015/1088
f 1093/1038/1093 1066/1039/1066 1067/1040/1067
f 1066/1039/1066 1093/1038/1093 1094/1041/1094
f 1094/1041/1094 1065/1042/1065 1066/1039/1066
f 1007/1028/1007 1033/1043/1033 1006/1044/1006
f 1094/1041/1094 1095/1045/1095 1065/1042/1065
f 1006/1044/1006 1033/1043/1033 1005/1046/1005
f 1064/1047/1064 1065/1042/1065 1095/1045/1095
f 1058/1048/1058 1059/1049/1059 1057/1050/1057
f 1004/1051/1004 1005/1046/1005 1035/1052/1035
f 1034/1053/1034 1035/1052/1035 1033/1043/1033
f 1063/1054/1063 1064/1047/1064 1062/1055/1062
f 1035/1052/1035 1005/1046/1005 1033/1043/1033
f 1037/1056/1037 1003/1057/1003 1036/1058/1036
f 1098/1059/1098 1062/1055/1062 1097/1060/1097
f 1101/1061/1101 1109/1062/1109 1100/1063/1100
f 1100/1063/1100 1109/1062/1109 1099/1064/1099
f 1110/1065/1110 1099/1064/1099 1109/1062/1109
f 1039/1066/1039 1003/1057/1003 1038/1067/1038
f 1038/1067/1038 1003/1057/1003 1037/1056/1037
f 1062/1055/1062 1099/1064/1099 1110/1065/1110
f 1099/1064/1099 1062/1055/1062 1098/1059/1098
f 1040/1068/1040 1041/294/1041 1039/1066/1039
f 1107/1069/1107 1108/1070/1108 1106/1071/1106
f 1045/1072/1045 1046/1073/1046 1044/1074/1044
f 1047/1075/1047 1044/1074/1044 1046/1073/1046
f 1043/1076/1043 1039/1066/1039 1042/1077/1042
f 1042/1077/1042 1039/1066/1039 1041/294/1041
f 1106/1071/1106 1108/1070/1108 1105/1078/1105
f 1105/1078/1105 1101/1061/1101 1104/1079/1104
f 1104/1079/1104 1101/1061/1101 1103/1080/1103
f 1102/1081/1102 1103/1080/1103 1101/1061/1101
f 1050/1082/1050 1048/1083/1048 1049/1084/1049
f 1003/1057/1003 1044/1074/1044 1002/1085/1002
f 1044/1074/1044 1003/1057/1003 1043/1076/1043
f 1043/1076/1043 1003/1057/1003 1039/1066/1039
f 1109/1062/1109 1105/1078/1105 1108/1070/1108
f 1105/1078/1105 1109/1062/1109 1101/1061/1101
f 1055/1086/1055 995/1087/995 1054/1088/1054
f 996/1089/996 1054/1088/1054 995/1087/995
f 1054/1088/1054 996/1089/996 1053/1090/1053
f 997/1091/997 1053/1090/1053 996/1089/996
f 1053/1090/1053 997/1091/997 1052/1092/1052
f 1052/1092/1052 997/1091/997 1051/1093/1051
f 998/1094/998 1051/1093/1051 997/1091/997
f 1051/1093/1051 998/1094/998 1050/1082/1050
f 999/1095/999 1050/1082/1050 998/1094/998
f 1050/1082/1050 999/1095/999 1048/1083/1048
f 1000/1096/1000 1048/1083/1048 999/1095/999
f 1001/1097/1001 1048/1083/1048 1000/1096/1000
f 1048/1083/1048 1001/1097/1001 1047/1075/1047
f 1001/1097/1001 1002/1085/1002 1047/1075/1047
f 1047/1075/1047 1002/1085/1002 1044/1074/1044
f 1035/1052/1035 1003/1057/1003 1004/1051/1004
f 1003/1057/1003 1035/1052/1035 1036/1058/1036
f 1097/1060/1097 1062/1055/1062 1096/1098/1096
f 1064/1047/1064 1096/1098/1096 1062/1055/1062
f 1095/1045/1095 1096/1098/1096 1064/1047/1064
f 1562/1034/1562 990/1035/990 1061/1099/1061
f 991/1100/991 1061/1099/1061 990/1035/990
f 1061/1099/1061 991/1100/991 1060/1101/1060
f 992/1102/992 1060/1101/1060 991/1100/991
f 1060/1101/1060 992/1102/992 1059/1049/1059
f 1059/1049/1059 992/1102/992 1057/1050/1057
f 993/1103/993 1057/1050/1057 992/1102/992
f 1057/1050/1057 993/1103/993 1056/1104/1056
f 994/1105/994 1056/1104/1056 993/1103/993
f 1056/1104/1056 994/1105/994 1055/1086/1055
f 1055/1086/1055 994/1105/994 995/1087/995
f 1007/1028/1007 1031/1027/1031 1033/1043/1033
f 1033/1043/1033 1031/1027/1031 1032/1106/1032
f 1067/1040/1067 1068/1029/1068 1093/1038/1093
f 1092/1030/1092 1093/1038/1093 1068/1029/1068
f 1154/1107/1154 1155/1108/1155 1153/1109/1153
f 1153/1109/1153 1155/1108/1155 1152/1110/1152
f 1151/1111/1151 1152/1110/1152 1150/1112/1150
f 1155/1108/1155 1150/1112/1150 1152/1110/1152
f 1150/1112/1150 1155/1108/1155 1149/1113/1149
f 1117/1114/1117 1115/1115/1115 1116/1116/1116
f 1168/1117/1168 1164/347/1164 1167/1118/1167
f 1165/1119/1165 1167/1118/1167 1164/347/1164
f 1166/1120/1166 1167/1118/1167 1165/1119/1165
f 1217/1121/1217 1218/1122/1218 1216/1123/1216
f 1111/1124/1111 1216/1123/1216 1218/1122/1218
f 1216/1123/1216 1111/1124/1111 1215/1125/1215
f 1215/1125/1215 1111/1124/1111 1214/1126/1214
f 1214/1126/1214 1111/1124/1111 1213/1127/1213
f 1213/1127/1213 1111/1124/1111 1112/1128/1112
f 1156/1129/1156 1149/1113/1149 1155/1108/1155
f 1149/1113/1149 1156/1129/1156 1148/1130/1148
f 1157/1131/1157 1148/1130/1148 1156/1129/1156
f 1148/1130/1148 1157/1131/1157 1147/1132/1147
f 1158/1133/1158 1147/1132/1147 1157/1131/1157
f 1147/1132/1147 1158/1133/1158 1146/360/1146
f 1159/361/1159 1146/360/1146 1158/1133/1158
f 1160/1134/1160 1146/360/1146 1159/361/1159
f 1161/1135/1161 1146/360/1146 1160/1134/1160
f 1146/360/1146 1161/1135/1161 1145/1136/1145
f 1120/1137/1120 1121/1138/1121 1119/1139/1119
f 1170/1140/1170 1168/1117/1168 1169/1141/1169
f 1170/1140/1170 1142/1142/1142 1143/1143/1143
f 1171/1144/1171 1172/1145/1172 1142/1142/1142
f 1210/1146/1210 1208/1147/1208 1209/1148/1209
f 1170/1140/1170 1171/1144/1171 1142/1142/1142
f 1142/1142/1142 1172/1145/1172 1141/1149/1141
f 1208/1147/1208 1118/1150/1118 1207/1151/1207
f 1207/1151/1207 1118/1150/1118 1206/1152/1206
f 1113/1153/1113 1213/1127/1213 1112/1128/1112
f 1213/1127/1213 1113/1153/1113 1212/1154/1212
f 1212/1154/1212 1113/1153/1113 1211/1155/1211
f 1114/1156/1114 1211/1155/1211 1113/1153/1113
f 1115/1115/1115 1211/1155/1211 1114/1156/1114
f 1211/1155/1211 1115/1115/1115 1210/1146/1210
f 1117/1114/1117 1210/1146/1210 1115/1115/1115
f 1210/1146/1210 1117/1114/1117 1208/1147/1208
f 1118/1150/1118 1208/1147/1208 1117/1114/1117
f 1162/1157/1162 1145/1136/1145 1161/1135/1161
f 1145/1136/1145 1162/1157/1162 1144/1158/1144
f 1163/390/1163 1144/1158/1144 1162/1157/1162
f 1144/1158/1144 1163/390/1163 1143/1143/1143
f 1164/347/1164 1143/1143/1143 1163/390/1163
f 1168/1117/1168 1143/1143/1143 1164/347/1164
f 1143/1143/1143 1168/1117/1168 1170/1140/1170
f 1139/1159/1139 1140/1160/1140 1175/1161/1175
f 1174/1162/1174 1175/1161/1175 1140/1160/1140
f 1130/1163/1130 1132/1164/1132 1129/1165/1129
f 1132/1164/1132 1130/1163/1130 1131/1166/1131
f 1138/1167/1138 1176/1168/1176 1137/1169/1137
f 1176/1168/1176 1138/1167/1138 1175/1161/1175
f 1176/1168/1176 1177/1170/1177 1137/1169/1137
f 1138/1167/1138 1139/1159/1139 1175/1161/1175
f 1179/1171/1179 1136/1172/1136 1178/1173/1178
f 1192/410/1192 1193/1174/1193 1191/1175/1191
f 1194/1176/1194 1191/1175/1191 1193/1174/1193
f 1195/1177/1195 1191/1175/1191 1194/1176/1194
f 1189/417/1189 1134/1178/1134 1188/1179/1188
f 1188/1179/1188 1134/1178/1134 1187/1180/1187
f 1135/1181/1135 1187/1180/1187 1134/1178/1134
f 1187/1180/1187 1135/1181/1135 1186/1182/1186
f 1136/1172/1136 1186/1182/1186 1135/1181/1135
f 1186/1182/1186 1136/1172/1136 1185/1183/1185
f 1185/1183/1185 1136/1172/1136 1184/1184/1184
f 1184/1184/1184 1136/1172/1136 1183/1185/1183
f 1183/1185/1183 1136/1172/1136 1182/1186/1182
f 1182/1186/1182 1136/1172/1136 1181/1187/1181
f 1181/1187/1181 1136/1172/1136 1180/1188/1180
f 1180/1188/1180 1136/1172/1136 1179/1171/1179
f 1199/1189/1199 1200/1190/1200 1198/1191/1198
f 1127/1192/1127 1198/1191/1198 1126/1193/1126
f 1198/1191/1198 1127/1192/1127 1197/1194/1197
f 1128/1195/1128 1197/1194/1197 1127/1192/1127
f 1197/1194/1197 1128/1195/1128 1196/1196/1196
f 1129/1165/1129 1196/1196/1196 1128/1195/1128
f 1196/1196/1196 1129/1165/1129 1195/1177/1195
f 1132/1164/1132 1195/1177/1195 1129/1165/1129
f 1195/1177/1195 1132/1164/1132 1191/1175/1191
f 1191/1175/1191 1132/1164/1132 1190/1197/1190
f 1133/1198/1133 1190/1197/1190 1132/1164/1132
f 1134/1178/1134 1190/1197/1190 1133/1198/1133
f 1190/1197/1190 1134/1178/1134 1189/417/1189
f 1178/1173/1178 1136/1172/1136 1177/1170/1177
f 1137/1169/1137 1177/1170/1177 1136/1172/1136
f 1119/1139/1119 1206/1152/1206 1118/1150/1118
f 1206/1152/1206 1119/1139/1119 1205/1199/1205
f 1205/1199/1205 1119/1139/1119 1204/1200/1204
f 1121/1138/1121 1204/1200/1204 1119/1139/1119
f 1204/1200/1204 1121/1138/1121 1203/1201/1203
f 1122/1202/1122 1203/1201/1203 1121/1138/1121
f 1203/1201/1203 1122/1202/1122 1202/1203/1202
f 1123/1204/1123 1202/1203/1202 1122/1202/1122
f 1124/1205/1124 1202/1203/1202 1123/1204/1123
f 1202/1203/1202 1124/1205/1124 1201/1206/1201
f 1201/1206/1201 1124/1205/1124 1200/1190/1200
f 1125/1207/1125 1200/1190/1200 1124/1205/1124
f 1200/1190/1200 1125/1207/1125 1198/1191/1198
f 1198/1191/1198 1125/1207/1125 1126/1193/1126
f 1172/1145/1172 1140/1160/1140 1141/1149/1141
f 1140/1160/1140 1172/1145/1172 1174/1162/1174
f 1173/1208/1173 1174/1162/1174 1172/1145/1172
f 1235/443/1235 1309/1209/1309 1234/1210/1234
f 1236/446/1236 1309/1209/1309 1235/443/1235
f 1237/1211/1237 1309/1209/1309 1236/446/1236
f 1228/1212/1228 1229/1213/1229 1309/1209/1309
f 1230/1214/1230 1309/1209/1309 1229/1213/1229
f 1231/1215/1231 1309/1209/1309 1230/1214/1230
f 1232/1216/1232 1309/1209/1309 1231/1215/1231
f 1233/1217/1233 1309/1209/1309 1232/1216/1232
f 1234/1210/1234 1309/1209/1309 1233/1217/1233
f 1238/1218/1238 1309/1209/1309 1237/1211/1237
f 1239/1219/1239 1309/1209/1309 1238/1218/1238
f 1240/1220/1240 1309/1209/1309 1239/1219/1239
f 1309/1209/1309 1240/1220/1240 1308/1221/1308
f 1228/1212/1228 1309/1209/1309 1227/1222/1227
f 1310/1223/1310 1227/1222/1227 1309/1209/1309
f 1241/1224/1241 1308/1221/1308 1240/1220/1240
f 1242/1225/1242 1308/1221/1308 1241/1224/1241
f 1308/1221/1308 1242/1225/1242 1311/1226/1311
f 1256/1227/1256 1257/1228/1257 1255/1229/1255
f 1257/1228/1257 1260/1230/1260 1255/1229/1255
f 1258/1231/1258 1260/1230/1260 1257/1228/1257
f 1260/1230/1260 1258/1231/1258 1259/1232/1259
f 1220/1233/1220 1221/1234/1221 1219/1235/1219
f 1260/1230/1260 1261/1236/1261 1287/468/1287
f 1292/1237/1292 1294/1238/1294 1291/1239/1291
f 1294/1238/1294 1292/1237/1292 1293/1240/1293
f 1287/468/1287 1285/1241/1285 1286/1242/1286
f 1261/1236/1261 1285/1241/1285 1287/468/1287
f 1262/1243/1262 1285/1241/1285 1261/1236/1261
f 1285/1241/1285 1262/1243/1262 1263/1244/1263
f 1222/1245/1222 1219/1235/1219 1221/1234/1221
f 1219/1235/1219 1222/1245/1222 1307/1246/1307
f 1295/1247/1295 1222/1245/1222 1294/1238/1294
f 1223/1248/1223 1294/1238/1294 1222/1245/1222
f 1294/1238/1294 1223/1248/1223 1291/1239/1291
f 1224/1249/1224 1291/1239/1291 1223/1248/1223
f 1291/1239/1291 1224/1249/1224 1290/1250/1290
f 1264/1251/1264 1266/1252/1266 1263/1244/1263
f 1266/1252/1266 1264/1251/1264 1265/1253/1265
f 1280/1254/1280 1267/1255/1267 1279/1256/1279
f 1303/1257/1303 1304/1258/1304 1302/1259/1302
f 1282/1260/1282 1280/1254/1280 1281/1261/1281
f 1266/1252/1266 1280/1254/1280 1282/1260/1282
f 1267/1255/1267 1280/1254/1280 1266/1252/1266
f 1298/1262/1298 1306/1263/1306 1297/1264/1297
f 1263/1244/1263 1266/1252/1266 1282/1260/1282
f 1268/1265/1268 1278/1266/1278 1279/1256/1279
f 1268/1265/1268 1279/1256/1279 1267/1255/1267
f 1274/1267/1274 1275/1268/1275 1273/1269/1273
f 1272/1270/1272 1273/1269/1273 1275/1268/1275
f 1276/1271/1276 1269/1272/1269 1275/1268/1275
f 1275/1268/1275 1269/1272/1269 1272/1270/1272
f 1270/1273/1270 1272/1270/1272 1269/1272/1269
f 1272/1270/1272 1270/1273/1270 1271/1274/1271
f 1278/1266/1278 1268/1265/1268 1277/1275/1277
f 1269/1272/1269 1277/1275/1277 1268/1265/1268
f 1277/1275/1277 1269/1272/1269 1276/1271/1276
f 1305/1276/1305 1302/1259/1302 1304/1258/1304
f 1306/1263/1306 1302/1259/1302 1305/1276/1305
f 1302/1259/1302 1306/1263/1306 1301/1277/1301
f 1301/1277/1301 1306/1263/1306 1300/1278/1300
f 1298/1262/1298 1300/1278/1300 1306/1263/1306
f 1299/1279/1299 1300/1278/1300 1298/1262/1298
f 1306/1263/1306 1307/1246/1307 1297/1264/1297
f 1297/1264/1297 1307/1246/1307 1296/1280/1296
f 1296/1280/1296 1307/1246/1307 1295/1247/1295
f 1222/1245/1222 1295/1247/1295 1307/1246/1307
f 1283/1281/1283 1284/1282/1284 1282/1260/1282
f 1282/1260/1282 1284/1282/1284 1263/1244/1263
f 1285/1241/1285 1263/1244/1263 1284/1282/1284
f 1227/1222/1227 1310/1223/1310 1226/1283/1226
f 1226/1283/1226 1310/1223/1310 1225/1284/1225
f 1311/1226/1311 1225/1284/1225 1310/1223/1310
f 1225/1284/1225 1311/1226/1311 1224/1249/1224
f 1224/1249/1224 1311/1226/1311 1290/1250/1290
f 1242/1225/1242 1290/1250/1290 1311/1226/1311
f 1290/1250/1290 1242/1225/1242 1289/1285/1289
f 1243/1286/1243 1289/1285/1289 1242/1225/1242
f 1289/1285/1289 1243/1286/1243 1288/472/1288
f 1244/522/1244 1288/472/1288 1243/1286/1243
f 1288/472/1288 1244/522/1244 1287/468/1287
f 1245/1287/1245 1287/468/1287 1244/522/1244
f 1246/1288/1246 1287/468/1287 1245/1287/1245
f 1247/1289/1247 1287/468/1287 1246/1288/1246
f 1287/468/1287 1247/1289/1247 1260/1230/1260
f 1248/1290/1248 1260/1230/1260 1247/1289/1247
f 1249/1291/1249 1260/1230/1260 1248/1290/1248
f 1250/1292/1250 1260/1230/1260 1249/1291/1249
f 1251/1293/1251 1260/1230/1260 1250/1292/1250
f 1252/1294/1252 1260/1230/1260 1251/1293/1251
f 1253/1295/1253 1260/1230/1260 1252/1294/1252
f 1254/1296/1254 1260/1230/1260 1253/1295/1253
f 1260/1230/1260 1254/1296/1254 1255/1229/1255
f 1317/1297/1317 1315/1298/1315 1316/1299/1316
f 1330/1300/1330 1331/1301/1331 1329/1302/1329
f 1333/1303/1333 1331/1301/1331 1332/1304/1332
f 1318/1305/1318 1356/1306/1356 1317/1297/1317
f 1319/1307/1319 1356/1306/1356 1318/1305/1318
f 1356/1306/1356 1319/1307/1319 1355/1308/1355
f 1320/1309/1320 1355/1308/1355 1319/1307/1319
f 1357/1310/1357 1358/1311/1358 1356/1306/1356
f 1363/1312/1363 1364/1313/1364 1362/1314/1362
f 1338/1315/1338 1343/1316/1343 1344/1317/1344
f 1338/1315/1338 1344/1317/1344 1337/1318/1337
f 1342/1319/1342 1339/1320/1339 1341/1321/1341
f 1340/1322/1340 1341/1321/1341 1339/1320/1339
f 1339/1320/1339 1342/1319/1342 1338/1315/1338
f 1342/1319/1342 1343/1316/1343 1338/1315/1338
f 1337/1318/1337 1345/1323/1345 1336/1324/1336
f 1345/1323/1345 1337/1318/1337 1344/1317/1344
f 1365/1325/1365 1362/1314/1362 1364/1313/1364
f 1362/1314/1362 1365/1325/1365 1361/1326/1361
f 1336/1324/1336 1345/1323/1345 1335/1327/1335
f 1366/561/1366 1367/562/1367 1365/1325/1365
f 1365/1325/1365 1367/562/1367 1361/1326/1361
f 1368/563/1368 1361/1326/1361 1367/562/1367
f 1361/1326/1361 1368/563/1368 1360/1328/1360
f 1369/564/1369 1360/1328/1360 1368/563/1368
f 1370/1329/1370 1360/1328/1360 1369/564/1369
f 1312/1330/1312 1360/1328/1360 1370/1329/1370
f 1360/1328/1360 1312/1330/1312 1359/1331/1359
f 1313/1332/1313 1359/1331/1359 1312/1330/1312
f 1314/1333/1314 1359/1331/1359 1313/1332/1313
f 1359/1331/1359 1314/1333/1314 1358/1311/1358
f 1315/1298/1315 1358/1311/1358 1314/1333/1314
f 1317/1297/1317 1358/1311/1358 1315/1298/1315
f 1358/1311/1358 1317/1297/1317 1356/1306/1356
f 1355/1308/1355 1320/1309/1320 1354/1334/1354
f 1321/1335/1321 1354/1334/1354 1320/1309/1320
f 1322/1336/1322 1354/1334/1354 1321/1335/1321
f 1354/1334/1354 1322/1336/1322 1353/1337/1353
f 1323/1338/1323 1353/1337/1353 1322/1336/1322
f 1353/1337/1353 1323/1338/1323 1352/1339/1352
f 1324/1340/1324 1352/1339/1352 1323/1338/1323
f 1352/1339/1352 1324/1340/1324 1351/1341/1351
f 1325/1342/1325 1351/1341/1351 1324/1340/1324
f 1351/1341/1351 1325/1342/1325 1350/1343/1350
f 1326/1344/1326 1350/1343/1350 1325/1342/1325
f 1350/1343/1350 1326/1344/1326 1349/1345/1349
f 1349/1345/1349 1326/1344/1326 1348/1346/1348
f 1327/1347/1327 1348/1346/1348 1326/1344/1326
f 1328/1348/1328 1348/1346/1348 1327/1347/1327
f 1348/1346/1348 1328/1348/1328 1347/1349/1347
f 1347/1349/1347 1328/1348/1328 1346/1350/1346
f 1329/1302/1329 1346/1350/1346 1328/1348/1328
f 1346/1350/1346 1329/1302/1329 1345/1323/1345
f 1331/1301/1331 1345/1323/1345 1329/1302/1329
f 1333/1303/1333 1345/1323/1345 1331/1301/1331
f 1334/1351/1334 1345/1323/1345 1333/1303/1333
f 1335/1327/1335 1345/1323/1345 1334/1351/1334
f 1382/1352/1382 1383/1353/1383 1381/594/1381
f 1375/1354/1375 1376/1355/1376 1374/1356/1374
f 1386/1357/1386 1381/594/1381 1385/1358/1385
f 1385/1358/1385 1381/594/1381 1384/1359/1384
f 1383/1353/1383 1384/1359/1384 1381/594/1381
f 1389/1360/1389 1386/1357/1386 1388/1361/1388
f 1387/1362/1387 1388/1361/1388 1386/1357/1386
f 1373/1363/1373 1374/1356/1374 1372/1364/1372
f 1372/1364/1372 1374/1356/1374 1389/1360/1389
f 1376/1355/1376 1389/1360/1389 1374/1356/1374
f 1377/1365/1377 1389/1360/1389 1376/1355/1376
f 1378/1366/1378 1389/1360/1389 1377/1365/1377
f 1379/1367/1379 1389/1360/1389 1378/1366/1378
f 1380/612/1380 1389/1360/1389 1379/1367/1379
f 1381/594/1381 1389/1360/1389 1380/612/1380
f 1386/1357/1386 1389/1360/1389 1381/594/1381
f 1430/1368/1430 1409/1369/1409 1429/1370/1429
f 1413/1371/1413 1411/1372/1411 1412/1373/1412
f 1371/1374/1371 1390/1375/1390 1408/1376/1408
f 1417/1377/1417 1426/1378/1426 1416/1379/1416
f 1391/1380/1391 1407/1381/1407 1408/1376/1408
f 1392/1382/1392 1394/1383/1394 1391/1380/1391
f 1394/1383/1394 1392/1382/1392 1393/1384/1393
f 1418/1385/1418 1426/1378/1426 1417/1377/1417
f 1408/1376/1408 1390/1375/1390 1391/1380/1391
f 1406/1386/1406 1394/1383/1394 1405/1387/1405
f 1423/1388/1423 1418/1385/1418 1422/1389/1422
f 1420/1390/1420 1418/1385/1418 1419/1391/1419
f 1399/1392/1399 1396/1393/1396 1398/641/1398
f 1397/1394/1397 1398/641/1398 1396/1393/1396
f 1405/1387/1405 1394/1383/1394 1404/1395/1404
f 1404/1395/1404 1394/1383/1394 1403/1396/1403
f 1403/1396/1403 1394/1383/1394 1402/643/1402
f 1395/1397/1395 1402/643/1402 1394/1383/1394
f 1402/643/1402 1395/1397/1395 1401/1398/1401
f 1401/1398/1401 1395/1397/1395 1400/1399/1400
f 1400/1399/1400 1395/1397/1395 1399/1392/1399
f 1399/1392/1399 1395/1397/1395 1396/1393/1396
f 1420/1390/1420 1422/1389/1422 1418/1385/1418
f 1421/1400/1421 1422/1389/1422 1420/1390/1420
f 1407/1381/1407 1391/1380/1391 1406/1386/1406
f 1406/1386/1406 1391/1380/1391 1394/1383/1394
f 1426/1378/1426 1424/1401/1424 1425/1402/1425
f 1424/1401/1424 1426/1378/1426 1423/1388/1423
f 1418/1385/1418 1423/1388/1423 1426/1378/1426
f 1372/1364/1372 1390/1375/1390 1371/1374/1371
f 1389/1360/1389 1390/1375/1390 1372/1364/1372
f 1427/1403/1427 1428/1404/1428 1426/1378/1426
f 1429/1370/1429 1426/1378/1426 1428/1404/1428
f 1409/1369/1409 1426/1378/1426 1429/1370/1429
f 1410/1405/1410 1426/1378/1426 1409/1369/1409
f 1411/1372/1411 1426/1378/1426 1410/1405/1410
f 1413/1371/1413 1426/1378/1426 1411/1372/1411
f 1414/1406/1414 1426/1378/1426 1413/1371/1413
f 1415/1407/1415 1426/1378/1426 1414/1406/1414
f 1426/1378/1426 1415/1407/1415 1416/1379/1416
f 1456/1408/1456 1457/1409/1457 1455/1410/1455
f 1443/1411/1443 1444/1412/1444 1442/1413/1442
f 1495/1414/1495 1446/1415/1446 1494/1416/1494
f 1494/1416/1494 1446/1415/1446 1493/1417/1493
f 1447/1418/1447 1493/1417/1493 1446/1415/1446
f 1448/1419/1448 1493/1417/1493 1447/1418/1447
f 1493/1417/1493 1448/1419/1448 1492/1420/1492
f 1449/1421/1449 1492/1420/1492 1448/1419/1448
f 1450/1422/1450 1492/1420/1492 1449/1421/1449
f 1451/1423/1451 1492/1420/1492 1450/1422/1450
f 1452/1424/1452 1492/1420/1492 1451/1423/1451
f 1453/1425/1453 1492/1420/1492 1452/1424/1452
f 1454/1426/1454 1492/1420/1492 1453/1425/1453
f 1455/1410/1455 1492/1420/1492 1454/1426/1454
f 1457/1409/1457 1492/1420/1492 1455/1410/1455
f 1458/1427/1458 1492/1420/1492 1457/1409/1457
f 1492/1420/1492 1458/1427/1458 1491/1428/1491
f 1459/1429/1459 1491/1428/1491 1458/1427/1458
f 1460/1430/1460 1491/1428/1491 1459/1429/1459
f 1491/1428/1491 1460/1430/1460 1490/1431/1490
f 1489/1432/1489 1490/1431/1490 1488/1433/1488
f 1470/1434/1470 1471/1435/1471 1469/1436/1469
f 1487/1437/1487 1488/1433/1488 1486/1438/1486
f 1485/1439/1485 1486/1438/1486 1484/1440/1484
f 1473/1441/1473 1471/1435/1471 1472/1442/1472
f 1438/1443/1438 1439/1444/1439 1437/1445/1437
f 1437/1445/1437 1439/1444/1439 1501/1446/1501
f 1501/1446/1501 1439/1444/1439 1500/1447/1500
f 1440/1448/1440 1500/1447/1500 1439/1444/1439
f 1500/1447/1500 1440/1448/1440 1499/1449/1499
f 1441/1450/1441 1499/1449/1499 1440/1448/1440
f 1497/1451/1497 1499/1449/1499 1496/1452/1496
f 1499/1449/1499 1497/1451/1497 1498/1453/1498
f 1467/1454/1467 1484/1440/1484 1486/1438/1486
f 1484/1440/1484 1467/1454/1467 1483/1455/1483
f 1468/1456/1468 1483/1455/1483 1467/1454/1467
f 1483/1455/1483 1468/1456/1468 1482/1457/1482
f 1442/1413/1442 1499/1449/1499 1441/1450/1441
f 1499/1449/1499 1442/1413/1442 1496/1452/1496
f 1444/1412/1444 1496/1452/1496 1442/1413/1442
f 1445/1458/1445 1496/1452/1496 1444/1412/1444
f 1446/1415/1446 1496/1452/1496 1445/1458/1445
f 1496/1452/1496 1446/1415/1446 1495/1414/1495
f 1460/1430/1460 1488/1433/1488 1490/1431/1490
f 1461/1459/1461 1488/1433/1488 1460/1430/1460
f 1462/1460/1462 1488/1433/1488 1461/1459/1461
f 1463/1461/1463 1488/1433/1488 1462/1460/1462
f 1488/1433/1488 1463/1461/1463 1486/1438/1486
f 1464/1462/1464 1486/1438/1486 1463/1461/1463
f 1486/1438/1486 1464/1462/1464 1467/1454/1467
f 1465/1463/1465 1467/1454/1467 1464/1462/1464
f 1466/1464/1466 1467/1454/1467 1465/1463/1465
f 1479/1465/1479 1475/1466/1475 1477/713/1477
f 1477/713/1477 1475/1466/1475 1476/1467/1476
f 1507/1468/1507 1431/1469/1431 1506/1470/1506
f 1432/1471/1432 1506/1470/1506 1431/1469/1431
f 1433/1472/1433 1506/1470/1506 1432/1471/1432
f 1506/1470/1506 1433/1472/1433 1505/1473/1505
f 1505/1473/1505 1433/1472/1433 1504/1474/1504
f 1479/1465/1479 1477/713/1477 1478/1475/1478
f 1512/1476/1512 1513/1477/1513 1511/1478/1511
f 1514/1479/1514 1511/1478/1511 1513/1477/1513
f 1538/1480/1538 1559/732/1559 1537/1481/1537
f 1515/1482/1515 1516/1483/1516 1514/1479/1514
f 1514/1479/1514 1516/1483/1516 1511/1478/1511
f 1511/1478/1511 1516/1483/1516 1510/1484/1510
f 1538/1480/1538 1539/1485/1539 1559/732/1559
f 1519/1486/1519 1559/732/1559 1539/1485/1539
f 1520/1487/1520 1559/732/1559 1519/1486/1519
f 1521/1488/1521 1559/732/1559 1520/1487/1520
f 1522/1489/1522 1559/732/1559 1521/1488/1521
f 1523/1490/1523 1559/732/1559 1522/1489/1522
f 1518/1491/1518 1516/1483/1516 1517/1492/1517
f 1516/1483/1516 1518/1491/1518 1510/1484/1510
f 1510/1484/1510 1518/1491/1518 1509/1493/1509
f 1509/1493/1509 1518/1491/1518 1508/1494/1508
f 1431/1469/1431 1508/1494/1508 1518/1491/1518
f 1508/1494/1508 1431/1469/1431 1507/1468/1507
f 1537/1481/1537 1559/732/1559 1536/1495/1536
f 1536/1495/1536 1559/732/1559 1535/1496/1535
f 1535/1496/1535 1559/732/1559 1534/1497/1534
f 1531/749/1531 1559/732/1559 1530/1498/1530
f 1530/1498/1530 1559/732/1559 1529/1499/1529
f 1534/1497/1534 1559/732/1559 1533/1500/1533
f 1533/1500/1533 1559/732/1559 1532/755/1532
f 1532/755/1532 1559/732/1559 1531/749/1531
f 1553/1501/1553 1554/1502/1554 1552/1503/1552
f 1556/1504/1556 1554/1502/1554 1555/1505/1555
f 1557/1506/1557 1554/1502/1554 1556/1504/1556
f 1554/1502/1554 1557/1506/1557 1552/1503/1552
f 1558/1507/1558 1552/1503/1552 1557/1506/1557
f 1540/1508/1540 1552/1503/1552 1558/1507/1558
f 1541/1509/1541 1552/1503/1552 1540/1508/1540
f 1552/1503/1552 1541/1509/1541 1551/1510/1551
f 1547/1511/1547 1550/1512/1550 1546/1513/1546
f 1550/1512/1550 1547/1511/1547 1549/1514/1549
f 1548/1515/1548 1549/1514/1549 1547/1511/1547
f 1542/1516/1542 1551/1510/1551 1541/1509/1541
f 1543/1517/1543 1551/1510/1551 1542/1516/1542
f 1551/1510/1551 1543/1517/1543 1550/1512/1550
f 1550/1512/1550 1543/1517/1543 1546/1513/1546
f 1546/1513/1546 1543/1517/1543 1545/1518/1545
f 1544/1519/1544 1545/1518/1545 1543/1517/1543
f 1524/1520/1524 1559/732/1559 1523/1490/1523
f 1559/732/1559 1524/1520/1524 1529/1499/1529
f 1525/1521/1525 1529/1499/1529 1524/1520/1524
f 1529/1499/1529 1525/1521/1525 1528/1522/1528
f 1526/1523/1526 1528/1522/1528 1525/1521/1525
f 1528/1522/1528 1526/1523/1526 1527/1524/1527
f 1436/1525/1436 1434/1526/1434 1435/1527/1435
f 1434/1526/1434 1436/1525/1436 1433/1472/1433
f 1433/1472/1433 1436/1525/1436 1504/1474/1504
f 1504/1474/1504 1436/1525/1436 1503/1528/1503
f 1503/1528/1503 1436/1525/1436 1502/1529/1502
f 1437/1445/1437 1502/1529/1502 1436/1525/1436
f 1501/1446/1501 1502/1529/1502 1437/1445/1437
f 1469/1436/1469 1482/1457/1482 1468/1456/1468
f 1471/1435/1471 1482/1457/1482 1469/1436/1469
f 1482/1457/1482 1471/1435/1471 1481/1530/1481
f 1481/1530/1481 1471/1435/1471 1480/1531/1480
f 1473/1441/1473 1480/1531/1480 1471/1435/1471
f 1474/1532/1474 1480/1531/1480 1473/1441/1473
f 1480/1531/1480 1474/1532/1474 1479/1465/1479
f 1479/1465/1479 1474/1532/1474 1475/1466/1475
f 739/745/739 1431/1469/1431 1518/1491/1518
f 739/745/739 652/718/652 1431/1469/1431
f 652/718/652 1432/1471/1432 1431/1469/1431
f 652/718/652 653/719/653 1432/1471/1432
f 653/719/653 1433/1472/1433 1432/1471/1432
f 653/719/653 654/721/654 1433/1472/1433
f 654/721/654 1434/1526/1434 1433/1472/1433
f 654/721/654 655/778/655 1434/1526/1434
f 655/778/655 656/779/656 1434/1526/1434
f 656/779/656 1435/1527/1435 1434/1526/1434
f 656/779/656 1436/1525/1436 1435/1527/1435
f 656/779/656 657/780/657 1436/1525/1436
f 657/780/657 658/689/658 1436/1525/1436
f 658/689/658 1437/1445/1437 1436/1525/1436
f 658/689/658 659/688/659 1437/1445/1437
f 659/688/659 1438/1443/1438 1437/1445/1437
f 659/688/659 1439/1444/1439 1438/1443/1438
f 659/688/659 660/690/660 1439/1444/1439
f 660/690/660 1440/1448/1440 1439/1444/1439
f 660/690/660 661/693/661 1440/1448/1440
f 661/693/661 662/694/662 1440/1448/1440
f 662/694/662 1441/1450/1441 1440/1448/1440
f 662/694/662 663/695/663 1441/1450/1441
f 663/695/663 1442/1413/1442 1441/1450/1441
f 663/695/663 664/662/664 1442/1413/1442
f 664/662/664 1443/1411/1443 1442/1413/1442
f 664/662/664 665/661/665 1443/1411/1443
f 665/661/665 1444/1412/1444 1443/1411/1443
f 665/661/665 666/663/666 1444/1412/1444
f 666/663/666 1445/1458/1445 1444/1412/1444
f 666/663/666 1446/1415/1446 1445/1458/1445
f 666/663/666 667/664/667 1446/1415/1446
f 667/664/667 1447/1418/1447 1446/1415/1446
f 667/664/667 668/667/668 1447/1418/1447
f 668/667/668 669/668/669 1447/1418/1447
f 669/668/669 1448/1419/1448 1447/1418/1447
f 669/668/669 670/656/670 1448/1419/1448
f 670/656/670 1449/1421/1449 1448/1419/1448
f 670/656/670 671/655/671 1449/1421/1449
f 671/655/671 1450/1422/1450 1449/1421/1449
f 671/655/671 672/654/672 1450/1422/1450
f 672/654/672 1451/1423/1451 1450/1422/1450
f 673/671/673 1451/1423/1451 672/654/672
f 673/671/673 1453/1425/1453 1452/1424/1452
f 673/671/673 674/672/674 1453/1425/1453
f 674/672/674 1454/1426/1454 1453/1425/1453
f 674/672/674 1455/1410/1455 1454/1426/1454
f 674/672/674 675/658/675 1455/1410/1455
f 675/658/675 1456/1408/1456 1455/1410/1455
f 676/657/676 1457/1409/1457 1456/1408/1456
f 676/657/676 677/660/677 1457/1409/1457
f 677/660/677 678/659/678 1457/1409/1457
f 678/659/678 1458/1427/1458 1457/1409/1457
f 678/659/678 679/673/679 1458/1427/1458
f 679/673/679 1459/1429/1459 1458/1427/1458
f 679/673/679 680/675/680 1459/1429/1459
f 680/675/680 1460/1430/1460 1459/1429/1459
f 680/675/680 681/703/681 1460/1430/1460
f 681/703/681 1461/1459/1461 1460/1430/1460
f 681/703/681 682/704/682 1461/1459/1461
f 682/704/682 1462/1460/1462 1461/1459/1461
f 682/704/682 1463/1461/1463 1462/1460/1462
f 682/704/682 683/705/683 1463/1461/1463
f 683/705/683 684/706/684 1463/1461/1463
f 684/706/684 1464/1462/1464 1463/1461/1463
f 684/706/684 685/707/685 1464/1462/1464
f 685/707/685 1465/1463/1465 1464/1462/1464
f 685/707/685 686/708/686 1465/1463/1465
f 686/708/686 1466/1464/1466 1465/1463/1465
f 687/696/687 1466/1464/1466 686/708/686
f 687/696/687 688/697/688 1467/1454/1467
f 688/697/688 1468/1456/1468 1467/1454/1467
f 688/697/688 689/698/689 1468/1456/1468
f 689/698/689 1469/1436/1469 1468/1456/1468
f 689/698/689 690/783/690 1469/1436/1469
f 690/783/690 1470/1434/1470 1469/1436/1469
f 690/783/690 1471/1435/1471 1470/1434/1470
f 690/783/690 691/687/691 1471/1435/1471
f 691/687/691 1472/1442/1472 1471/1435/1471
f 692/686/692 1473/1441/1473 1472/1442/1472
f 692/686/692 693/685/693 1473/1441/1473
f 693/685/693 1474/1532/1474 1473/1441/1473
f 694/711/694 1475/1466/1475 1474/1532/1474
f 694/711/694 695/712/695 1475/1466/1475
f 695/712/695 696/715/696 1475/1466/1475
f 696/715/696 1476/1467/1476 1475/1466/1475
f 696/715/696 697/714/697 1476/1467/1476
f 697/714/697 1477/713/1477 1476/1467/1476
f 698/713/698 1478/1475/1478 1477/713/1477
f 699/710/699 1479/1465/1479 1478/1475/1478
f 699/710/699 700/709/700 1479/1465/1479
f 700/709/700 1480/1531/1480 1479/1465/1479
f 700/709/700 1481/1530/1481 1480/1531/1480
f 701/700/701 1482/1457/1482 1481/1530/1481
f 701/700/701 702/699/702 1482/1457/1482
f 702/699/702 703/684/703 1482/1457/1482
f 703/684/703 1483/1455/1483 1482/1457/1482
f 703/684/703 1484/1440/1484 1483/1455/1483
f 704/683/704 1484/1440/1484 703/684/703
f 704/683/704 1486/1438/1486 1485/1439/1485
f 704/683/704 705/681/705 1486/1438/1486
f 705/681/705 706/680/706 1486/1438/1486
f 706/680/706 1487/1437/1487 1486/1438/1486
f 706/680/706 1488/1433/1488 1487/1437/1487
f 706/680/706 707/682/707 1488/1433/1488
f 707/682/707 1489/1432/1489 1488/1433/1488
f 707/682/707 708/702/708 1489/1432/1489
f 708/702/708 1490/1431/1490 1489/1432/1489
f 708/702/708 709/676/709 1490/1431/1490
f 709/676/709 710/674/710 1490/1431/1490
f 710/674/710 1491/1428/1491 1490/1431/1490
f 710/674/710 711/670/711 1491/1428/1491
f 711/670/711 1492/1420/1492 1491/1428/1491
f 711/670/711 712/669/712 1492/1420/1492
f 712/669/712 1493/1417/1493 1492/1420/1492
f 712/669/712 713/666/713 1493/1417/1493
f 713/666/713 1494/1416/1494 1493/1417/1493
f 713/666/713 1495/1414/1495 1494/1416/1494
f 713/666/713 714/665/714 1495/1414/1495
f 714/665/714 1496/1452/1496 1495/1414/1495
f 715/701/715 716/679/716 1496/1452/1496
f 716/679/716 1497/1451/1497 1496/1452/1496
f 717/678/717 1497/1451/1497 716/679/716
f 717/678/717 718/677/718 1498/1453/1498
f 718/677/718 1499/1449/1499 1498/1453/1498
f 718/677/718 719/692/719 1499/1449/1499
f 719/692/719 1500/1447/1500 1499/1449/1499
f 719/692/719 720/691/720 1500/1447/1500
f 720/691/720 1501/1446/1501 1500/1447/1500
f 720/691/720 721/782/721 1501/1446/1501
f 721/782/721 1502/1529/1502 1501/1446/1501
f 721/782/721 722/781/722 1502/1529/1502
f 722/781/722 723/723/723 1502/1529/1502
f 723/723/723 1503/1528/1503 1502/1529/1502
f 723/723/723 724/724/724 1503/1528/1503
f 724/724/724 1504/1474/1504 1503/1528/1503
f 724/724/724 725/722/725 1504/1474/1504
f 725/722/725 726/720/726 1504/1474/1504
f 726/720/726 1505/1473/1505 1504/1474/1504
f 726/720/726 1506/1470/1506 1505/1473/1505
f 726/720/726 727/717/727 1506/1470/1506
f 727/717/727 1507/1468/1507 1506/1470/1506
f 727/717/727 728/716/728 1507/1468/1507
f 728/716/728 1508/1494/1508 1507/1468/1507
f 728/716/728 729/736/729 1508/1494/1508
f 729/736/729 1509/1493/1509 1508/1494/1508
f 729/736/729 1510/1484/1510 1509/1493/1509
f 729/736/729 730/729/730 1510/1484/1510
f 730/729/730 731/728/731 1510/1484/1510
f 731/728/731 732/727/732 1510/1484/1510
f 732/727/732 1511/1478/1511 1510/1484/1510
f 732/727/732 1512/1476/1512 1511/1478/1511
f 733/777/733 1512/1476/1512 732/727/732
f 733/777/733 734/726/734 1513/1477/1513
f 734/726/734 1514/1479/1514 1513/1477/1513
f 734/726/734 735/725/735 1514/1479/1514
f 735/725/735 1515/1482/1515 1514/1479/1514
f 735/725/735 736/735/736 1515/1482/1515
f 736/735/736 1516/1483/1516 1515/1482/1515
f 736/735/736 737/734/737 1516/1483/1516
f 737/734/737 738/733/738 1516/1483/1516
f 738/733/738 1517/1492/1517 1516/1483/1516
f 739/745/739 1517/1492/1517 738/733/738
f 740/737/740 1519/1486/1519 1539/1485/1539
f 740/737/740 741/738/741 1519/1486/1519
f 741/738/741 742/739/742 1519/1486/1519
f 742/739/742 1520/1487/1520 1519/1486/1519
f 742/739/742 743/740/743 1520/1487/1520
f 743/740/743 1521/1488/1521 1520/1487/1520
f 743/740/743 1522/1489/1522 1521/1488/1521
f 743/740/743 744/741/744 1522/1489/1522
f 744/741/744 1523/1490/1523 1522/1489/1522
f 745/743/745 1523/1490/1523 744/741/744
f 745/743/745 746/742/746 1524/1520/1524
f 746/742/746 1525/1521/1525 1524/1520/1524
f 746/742/746 747/744/747 1525/1521/1525
f 747/744/747 1526/1523/1526 1525/1521/1525
f 748/753/748 1526/1523/1526 747/744/747
f 748/753/748 749/752/749 1527/1524/1527
f 749/752/749 1528/1522/1528 1527/1524/1527
f 749/752/749 750/751/750 1528/1522/1528
f 750/751/750 1529/1499/1529 1528/1522/1528
f 750/751/750 751/750/751 1529/1499/1529
f 751/750/751 1530/1498/1530 1529/1499/1529
f 752/749/752 1530/1498/1530 751/750/751
f 753/755/753 1531/749/1531 752/749/752
f 754/754/754 1532/755/1532 753/755/753
f 754/754/754 755/748/755 1533/1500/1533
f 755/748/755 1534/1497/1534 1533/1500/1533
f 755/748/755 756/747/756 1534/1497/1534
f 756/747/756 1535/1496/1535 1534/1497/1534
f 757/746/757 1535/1496/1535 756/747/756
f 757/746/757 1537/1481/1537 1536/1495/1536
f 757/746/757 758/731/758 1537/1481/1537
f 758/731/758 1538/1480/1538 1537/1481/1537
f 758/731/758 759/730/759 1538/1480/1538
f 759/730/759 1539/1485/1539 1538/1480/1538
f 759/730/759 740/737/740 1539/1485/1539
f 780/761/780 760/760/760 1558/1507/1558
f 760/760/760 1540/1508/1540 1558/1507/1558
f 760/760/760 1541/1509/1541 1540/1508/1540
f 760/760/760 761/771/761 1541/1509/1541
f 761/771/761 1542/1516/1542 1541/1509/1541
f 762/773/762 1543/1517/1543 1542/1516/1542
f 762/773/762 763/774/763 1543/1517/1543
f 763/774/763 764/775/764 1543/1517/1543
f 764/775/764 1544/1519/1544 1543/1517/1543
f 764/775/764 1545/1518/1545 1544/1519/1544
f 764/775/764 765/776/765 1545/1518/1545
f 765/776/765 766/768/766 1545/1518/1545
f 766/768/766 1546/1513/1546 1545/1518/1545
f 766/768/766 1547/1511/1547 1546/1513/1546
f 766/768/766 767/767/767 1547/1511/1547
f 767/767/767 1548/1515/1548 1547/1511/1547
f 767/767/767 768/770/768 1548/1515/1548
f 768/770/768 1549/1514/1549 1548/1515/1548
f 769/769/769 1550/1512/1550 1549/1514/1549
f 769/769/769 770/772/770 1550/1512/1550
f 770/772/770 1551/1510/1551 1550/1512/1550
f 770/772/770 771/766/771 1551/1510/1551
f 771/766/771 1552/1503/1552 1551/1510/1551
f 771/766/771 772/765/772 1552/1503/1552
f 772/765/772 773/764/773 1552/1503/1552
f 773/764/773 1553/1501/1553 1552/1503/1552
f 773/764/773 774/763/774 1553/1501/1553
f 774/763/774 1554/1502/1554 1553/1501/1553
f 775/762/775 1555/1505/1555 1554/1502/1554
f 775/762/775 776/759/776 1555/1505/1555
f 776/759/776 1556/1504/1556 1555/1505/1555
f 776/759/776 777/758/777 1556/1504/1556
f 777/758/777 778/757/778 1556/1504/1556
f 778/757/778 1557/1506/1557 1556/1504/1556
f 778/757/778 779/756/779 1557/1506/1557
f 779/756/779 1558/1507/1558 1557/1506/1557
f 779/756/779 780/761/780 1558/1507/1558
f 531/566/531 1312/1330/1312 1370/1329/1370
f 531/566/531 532/568/532 1312/1330/1312
f 532/568/532 1313/1332/1313 1312/1330/1312
f 532/568/532 533/569/533 1313/1332/1313
f 533/569/533 1314/1333/1314 1313/1332/1313
f 533/569/533 534/535/534 1314/1333/1314
f 534/535/534 1315/1298/1315 1314/1333/1314
f 534/535/534 535/534/535 1315/1298/1315
f 535/534/535 1316/1299/1316 1315/1298/1315
f 535/534/535 536/533/536 1316/1299/1316
f 536/533/536 1317/1297/1317 1316/1299/1316
f 536/533/536 537/540/537 1317/1297/1317
f 537/540/537 1318/1305/1318 1317/1297/1317
f 537/540/537 538/539/538 1318/1305/1318
f 538/539/538 1319/1307/1319 1318/1305/1318
f 539/542/539 1319/1307/1319 538/539/538
f 539/542/539 540/571/540 1320/1309/1320
f 540/571/540 1321/1335/1321 1320/1309/1320
f 540/571/540 541/573/541 1321/1335/1321
f 541/573/541 542/574/542 1321/1335/1321
f 542/574/542 1322/1336/1322 1321/1335/1321
f 542/574/542 543/576/543 1322/1336/1322
f 543/576/543 1323/1338/1323 1322/1336/1322
f 543/576/543 1324/1340/1324 1323/1338/1323
f 544/579/544 1324/1340/1324 543/576/543
f 544/579/544 545/581/545 1325/1342/1325
f 545/581/545 1326/1344/1326 1325/1342/1325
f 545/581/545 546/583/546 1326/1344/1326
f 546/583/546 1327/1347/1327 1326/1344/1326
f 546/583/546 547/585/547 1327/1347/1327
f 547/585/547 1328/1348/1328 1327/1347/1327
f 547/585/547 548/588/548 1328/1348/1328
f 548/588/548 1329/1302/1329 1328/1348/1328
f 548/588/548 549/589/549 1329/1302/1329
f 549/589/549 550/590/550 1329/1302/1329
f 550/590/550 1330/1300/1330 1329/1302/1329
f 550/590/550 1331/1301/1331 1330/1300/1330
f 550/590/550 551/538/551 1331/1301/1331
f 551/538/551 1332/1304/1332 1331/1301/1331
f 551/538/551 552/537/552 1332/1304/1332
f 552/537/552 1333/1303/1333 1332/1304/1332
f 552/537/552 553/536/553 1333/1303/1333
f 553/536/553 1334/1351/1334 1333/1303/1333
f 554/591/554 1335/1327/1335 1334/1351/1334
f 554/591/554 555/560/555 1335/1327/1335
f 555/560/555 1336/1324/1336 1335/1327/1335
f 555/560/555 556/557/556 1336/1324/1336
f 556/557/556 1337/1318/1337 1336/1324/1336
f 557/549/557 1338/1315/1338 1337/1318/1337
f 557/549/557 558/551/558 1338/1315/1338
f 558/551/558 559/553/559 1338/1315/1338
f 559/553/559 1339/1320/1339 1338/1315/1338
f 559/553/559 560/552/560 1339/1320/1339
f 560/552/560 1340/1322/1340 1339/1320/1339
f 560/552/560 1341/1321/1341 1340/1322/1340
f 561/554/561 1341/1321/1341 560/552/560
f 561/554/561 562/555/562 1342/1319/1342
f 562/555/562 563/556/563 1342/1319/1342
f 563/556/563 1343/1316/1343 1342/1319/1342
f 563/556/563 564/550/564 1343/1316/1343
f 564/550/564 1344/1317/1344 1343/1316/1343
f 565/558/565 1344/1317/1344 564/550/564
f 565/558/565 1346/1350/1346 1345/1323/1345
f 565/558/565 566/587/566 1346/1350/1346
f 566/587/566 567/586/567 1346/1350/1346
f 567/586/567 1347/1349/1347 1346/1350/1346
f 567/586/567 1348/1346/1348 1347/1349/1347
f 567/586/567 568/584/568 1348/1346/1348
f 568/584/568 1349/1345/1349 1348/1346/1348
f 568/584/568 569/582/569 1349/1345/1349
f 569/582/569 570/580/570 1349/1345/1349
f 570/580/570 1350/1343/1350 1349/1345/1349
f 570/580/570 1351/1341/1351 1350/1343/1350
f 570/580/570 571/578/571 1351/1341/1351
f 571/578/571 1352/1339/1352 1351/1341/1351
f 571/578/571 572/577/572 1352/1339/1352
f 572/577/572 1353/1337/1353 1352/1339/1352
f 572/577/572 573/575/573 1353/1337/1353
f 573/575/573 1354/1334/1354 1353/1337/1353
f 573/575/573 574/572/574 1354/1334/1354
f 574/572/574 1355/1308/1355 1354/1334/1354
f 574/572/574 575/570/575 1355/1308/1355
f 575/570/575 576/541/576 1355/1308/1355
f 576/541/576 1356/1306/1356 1355/1308/1355
f 577/544/577 1356/1306/1356 576/541/576
f 577/544/577 578/543/578 1357/1310/1357
f 578/543/578 1358/1311/1358 1357/1310/1357
f 578/543/578 579/545/579 1358/1311/1358
f 579/545/579 1359/1331/1359 1358/1311/1358
f 579/545/579 580/567/580 1359/1331/1359
f 580/567/580 1360/1328/1360 1359/1331/1359
f 580/567/580 581/565/581 1360/1328/1360
f 581/565/581 582/547/582 1360/1328/1360
f 582/547/582 1361/1326/1361 1360/1328/1360
f 582/547/582 1362/1314/1362 1361/1326/1361
f 582/547/582 583/546/583 1362/1314/1362
f 583/546/583 584/548/584 1362/1314/1362
f 584/548/584 1363/1312/1363 1362/1314/1362
f 584/548/584 1364/1313/1364 1363/1312/1363
f 584/548/584 585/559/585 1364/1313/1364
f 585/559/585 1365/1325/1365 1364/1313/1364
f 586/561/586 1365/1325/1365 585/559/585
f 587/562/587 1366/561/1366 586/561/586
f 588/563/588 1367/562/1367 587/562/587
f 589/564/589 1368/563/1368 588/563/588
f 589/564/589 1370/1329/1370 1369/564/1369
f 590/619/590 591/608/591 1371/1374/1371
f 591/608/591 1372/1364/1372 1371/1374/1371
f 591/608/591 592/607/592 1372/1364/1372
f 592/607/592 1373/1363/1373 1372/1364/1372
f 592/607/592 1374/1356/1374 1373/1363/1373
f 592/607/592 593/599/593 1374/1356/1374
f 593/599/593 1375/1354/1375 1374/1356/1374
f 593/599/593 594/598/594 1375/1354/1375
f 594/598/594 595/600/595 1375/1354/1375
f 595/600/595 1376/1355/1376 1375/1354/1375
f 595/600/595 596/601/596 1376/1355/1376
f 596/601/596 1377/1365/1377 1376/1355/1376
f 596/601/596 1378/1366/1378 1377/1365/1377
f 596/601/596 597/609/597 1378/1366/1378
f 597/609/597 598/610/598 1378/1366/1378
f 598/610/598 1379/1367/1379 1378/1366/1378
f 598/610/598 599/611/599 1379/1367/1379
f 599/611/599 1380/612/1380 1379/1367/1379
f 601/594/601 1380/612/1380 600/612/600
f 601/594/601 1382/1352/1382 1381/594/1381
f 602/593/602 1383/1353/1383 1382/1352/1382
f 602/593/602 603/592/603 1383/1353/1383
f 603/592/603 604/603/604 1383/1353/1383
f 604/603/604 1384/1359/1384 1383/1353/1383
f 604/603/604 1385/1358/1385 1384/1359/1384
f 604/603/604 605/602/605 1385/1358/1385
f 605/602/605 1386/1357/1386 1385/1358/1385
f 605/602/605 606/613/606 1386/1357/1386
f 606/613/606 607/606/607 1386/1357/1386
f 607/606/607 1387/1362/1387 1386/1357/1386
f 607/606/607 1388/1361/1388 1387/1362/1387
f 607/606/607 608/605/608 1388/1361/1388
f 608/605/608 1389/1360/1389 1388/1361/1388
f 609/604/609 1390/1375/1390 1389/1360/1389
f 609/604/609 610/620/610 1390/1375/1390
f 610/620/610 1391/1380/1391 1390/1375/1390
f 610/620/610 611/628/611 1391/1380/1391
f 611/628/611 612/650/612 1391/1380/1391
f 612/650/612 1392/1382/1392 1391/1380/1391
f 612/650/612 613/632/613 1392/1382/1392
f 613/632/613 1393/1384/1393 1392/1382/1392
f 613/632/613 1394/1383/1394 1393/1384/1393
f 613/632/613 614/648/614 1394/1383/1394
f 614/648/614 1395/1397/1395 1394/1383/1394
f 614/648/614 615/640/615 1395/1397/1395
f 615/640/615 1396/1393/1396 1395/1397/1395
f 615/640/615 616/639/616 1396/1393/1396
f 616/639/616 617/638/617 1396/1393/1396
f 617/638/617 1397/1394/1397 1396/1393/1396
f 617/638/617 618/642/618 1397/1394/1397
f 618/642/618 1398/641/1398 1397/1394/1397
f 619/641/619 1399/1392/1399 1398/641/1398
f 620/646/620 1400/1399/1400 1399/1392/1399
f 620/646/620 621/645/621 1400/1399/1400
f 621/645/621 1401/1398/1401 1400/1399/1400
f 621/645/621 622/644/622 1401/1398/1401
f 622/644/622 1402/643/1402 1401/1398/1401
f 623/643/623 1403/1396/1403 1402/643/1402
f 624/647/624 1404/1395/1404 1403/1396/1403
f 624/647/624 625/631/625 1404/1395/1404
f 625/631/625 1405/1387/1405 1404/1395/1404
f 625/631/625 1406/1386/1406 1405/1387/1405
f 626/630/626 1407/1381/1407 1406/1386/1406
f 626/630/626 627/627/627 1407/1381/1407
f 627/627/627 628/626/628 1407/1381/1407
f 628/626/628 1408/1376/1408 1407/1381/1407
f 628/626/628 629/621/629 1408/1376/1408
f 629/621/629 590/619/590 1408/1376/1408
f 590/619/590 1371/1374/1371 1408/1376/1408
f 630/597/630 1410/1405/1410 1409/1369/1409
f 630/597/630 631/617/631 1410/1405/1410
f 631/617/631 1411/1372/1411 1410/1405/1410
f 631/617/631 632/618/632 1411/1372/1411
f 632/618/632 633/616/633 1411/1372/1411
f 633/616/633 1412/1373/1412 1411/1372/1411
f 633/616/633 1413/1371/1413 1412/1373/1412
f 634/615/634 1414/1406/1414 1413/1371/1413
f 634/615/634 635/653/635 1414/1406/1414
f 635/653/635 1415/1407/1415 1414/1406/1414
f 635/653/635 636/623/636 1415/1407/1415
f 636/623/636 1416/1379/1416 1415/1407/1415
f 636/623/636 637/622/637 1416/1379/1416
f 637/622/637 1417/1377/1417 1416/1379/1416
f 637/622/637 638/629/638 1417/1377/1417
f 638/629/638 1418/1385/1418 1417/1377/1417
f 638/629/638 639/636/639 1418/1385/1418
f 639/636/639 1419/1391/1419 1418/1385/1418
f 639/636/639 640/637/640 1419/1391/1419
f 640/637/640 1420/1390/1420 1419/1391/1419
f 640/637/640 1421/1400/1421 1420/1390/1420
f 640/637/640 641/649/641 1421/1400/1421
f 641/649/641 1422/1389/1422 1421/1400/1421
f 641/649/641 642/635/642 1422/1389/1422
f 642/635/642 643/634/643 1422/1389/1422
f 643/634/643 1423/1388/1423 1422/1389/1422
f 644/633/644 1424/1401/1424 1423/1388/1423
f 644/633/644 645/651/645 1424/1401/1424
f 645/651/645 1425/1402/1425 1424/1401/1424
f 645/651/645 646/625/646 1425/1402/1425
f 646/625/646 1426/1378/1426 1425/1402/1425
f 646/625/646 647/624/647 1426/1378/1426
f 647/624/647 1427/1403/1427 1426/1378/1426
f 647/624/647 648/652/648 1427/1403/1427
f 648/652/648 1428/1404/1428 1427/1403/1427
f 648/652/648 649/614/649 1428/1404/1428
f 649/614/649 1429/1370/1429 1428/1404/1428
f 649/614/649 650/596/650 1429/1370/1429
f 650/596/650 1430/1368/1430 1429/1370/1429
f 650/596/650 651/595/651 1430/1368/1430
f 651/595/651 630/597/630 1430/1368/1430
f 630/597/630 1409/1369/1409 1430/1368/1430
f 441/479/441 442/478/442 1219/1235/1219
f 442/478/442 1220/1233/1220 1219/1235/1219
f 442/478/442 1221/1234/1221 1220/1233/1220
f 443/477/443 1221/1234/1221 442/478/442
f 443/477/443 444/480/444 1222/1245/1222
f 444/480/444 1223/1248/1223 1222/1245/1222
f 444/480/444 445/485/445 1223/1248/1223
f 445/485/445 1224/1249/1224 1223/1248/1223
f 445/485/445 1225/1284/1225 1224/1249/1224
f 446/521/446 1226/1283/1226 1225/1284/1225
f 446/521/446 447/520/447 1226/1283/1226
f 447/520/447 1227/1222/1227 1226/1283/1226
f 447/520/447 448/449/448 1227/1222/1227
f 448/449/448 1228/1212/1228 1227/1222/1227
f 448/449/448 449/448/449 1228/1212/1228
f 449/448/449 1229/1213/1229 1228/1212/1228
f 450/450/450 1229/1213/1229 449/448/449
f 450/450/450 451/451/451 1230/1214/1230
f 451/451/451 1231/1215/1231 1230/1214/1230
f 451/451/451 1232/1216/1232 1231/1215/1231
f 451/451/451 452/452/452 1232/1216/1232
f 452/452/452 1233/1217/1233 1232/1216/1232
f 452/452/452 453/453/453 1233/1217/1233
f 453/453/453 1234/1210/1234 1233/1217/1233
f 453/453/453 454/444/454 1234/1210/1234
f 454/444/454 1235/443/1235 1234/1210/1234
f 456/446/456 1235/443/1235 455/443/455
f 457/447/457 1236/446/1236 456/446/456
f 457/447/457 458/454/458 1237/1211/1237
f 458/454/458 1238/1218/1238 1237/1211/1237
f 458/454/458 1239/1219/1239 1238/1218/1238
f 458/454/458 459/455/459 1239/1219/1239
f 459/455/459 1240/1220/1240 1239/1219/1239
f 459/455/459 460/457/460 1240/1220/1240
f 460/457/460 1241/1224/1241 1240/1220/1240
f 460/457/460 1242/1225/1242 1241/1224/1241
f 460/457/460 461/460/461 1242/1225/1242
f 461/460/461 462/461/462 1242/1225/1242
f 462/461/462 1243/1286/1243 1242/1225/1242
f 463/522/463 1243/1286/1243 462/461/462
f 463/522/463 1245/1287/1245 1244/522/1244
f 464/523/464 1246/1288/1246 1245/1287/1245
f 464/523/464 465/524/465 1246/1288/1246
f 465/524/465 466/525/466 1246/1288/1246
f 466/525/466 1247/1289/1247 1246/1288/1246
f 466/525/466 1248/1290/1248 1247/1289/1247
f 466/525/466 467/526/467 1248/1290/1248
f 467/526/467 1249/1291/1249 1248/1290/1248
f 467/526/467 468/527/468 1249/1291/1249
f 468/527/468 1250/1292/1250 1249/1291/1249
f 468/527/468 469/528/469 1250/1292/1250
f 469/528/469 470/529/470 1250/1292/1250
f 470/529/470 1251/1293/1251 1250/1292/1250
f 471/530/471 1251/1293/1251 470/529/470
f 471/530/471 472/531/472 1252/1294/1252
f 472/531/472 1253/1295/1253 1252/1294/1252
f 473/532/473 1254/1296/1254 1253/1295/1253
f 473/532/473 474/463/474 1254/1296/1254
f 474/463/474 1255/1229/1255 1254/1296/1254
f 474/463/474 475/462/475 1255/1229/1255
f 475/462/475 1256/1227/1256 1255/1229/1255
f 475/462/475 476/465/476 1256/1227/1256
f 476/465/476 1257/1228/1257 1256/1227/1256
f 476/465/476 477/464/477 1257/1228/1257
f 477/464/477 1258/1231/1258 1257/1228/1257
f 478/466/478 1258/1231/1258 477/464/477
f 478/466/478 479/467/479 1259/1232/1259
f 479/467/479 1260/1230/1260 1259/1232/1259
f 479/467/479 1261/1236/1261 1260/1230/1260
f 480/469/480 1262/1243/1262 1261/1236/1261
f 480/469/480 481/476/481 1262/1243/1262
f 481/476/481 1263/1244/1263 1262/1243/1262
f 482/475/482 483/503/483 1263/1244/1263
f 483/503/483 1264/1251/1264 1263/1244/1263
f 483/503/483 1265/1253/1265 1264/1251/1264
f 484/495/484 1265/1253/1265 483/503/483
f 484/495/484 1267/1255/1267 1266/1252/1266
f 484/495/484 485/496/485 1267/1255/1267
f 485/496/485 1268/1265/1268 1267/1255/1267
f 485/496/485 486/507/486 1268/1265/1268
f 486/507/486 487/506/487 1268/1265/1268
f 487/506/487 1269/1272/1269 1268/1265/1268
f 487/506/487 488/512/488 1269/1272/1269
f 488/512/488 1270/1273/1270 1269/1272/1269
f 489/514/489 1271/1274/1271 1270/1273/1270
f 489/514/489 490/515/490 1271/1274/1271
f 491/513/491 1271/1274/1271 490/515/490
f 491/513/491 492/510/492 1272/1270/1272
f 492/510/492 1273/1269/1273 1272/1270/1272
f 492/510/492 1274/1267/1274 1273/1269/1273
f 492/510/492 493/509/493 1274/1267/1274
f 493/509/493 494/508/494 1274/1267/1274
f 494/508/494 1275/1268/1275 1274/1267/1274
f 494/508/494 1276/1271/1276 1275/1268/1275
f 494/508/494 495/511/495 1276/1271/1276
f 495/511/495 1277/1275/1277 1276/1271/1276
f 495/511/495 496/516/496 1277/1275/1277
f 496/516/496 1278/1266/1278 1277/1275/1277
f 496/516/496 497/505/497 1278/1266/1278
f 497/505/497 498/504/498 1278/1266/1278
f 498/504/498 1279/1256/1279 1278/1266/1278
f 498/504/498 499/494/499 1279/1256/1279
f 499/494/499 1280/1254/1280 1279/1256/1279
f 499/494/499 500/493/500 1280/1254/1280
f 500/493/500 501/492/501 1280/1254/1280
f 501/492/501 1281/1261/1281 1280/1254/1280
f 501/492/501 1282/1260/1282 1281/1261/1281
f 501/492/501 1283/1281/1283 1282/1260/1282
f 501/492/501 502/491/502 1283/1281/1283
f 502/491/502 503/490/503 1283/1281/1283
f 503/490/503 1284/1282/1284 1283/1281/1283
f 503/490/503 1285/1241/1285 1284/1282/1284
f 503/490/503 504/474/504 1285/1241/1285
f 504/474/504 505/473/505 1285/1241/1285
f 505/473/505 1286/1242/1286 1285/1241/1285
f 506/468/506 1286/1242/1286 505/473/505
f 507/472/507 1287/468/1287 506/468/506
f 508/471/508 1288/472/1288 507/472/507
f 508/471/508 509/470/509 1289/1285/1289
f 509/470/509 1290/1250/1290 1289/1285/1289
f 509/470/509 510/487/510 1290/1250/1290
f 510/487/510 511/486/511 1290/1250/1290
f 511/486/511 1291/1239/1291 1290/1250/1290
f 511/486/511 512/484/512 1291/1239/1291
f 512/484/512 1292/1237/1292 1291/1239/1291
f 513/483/513 1293/1240/1293 1292/1237/1292
f 513/483/513 1294/1238/1294 1293/1240/1293
f 513/483/513 514/482/514 1294/1238/1294
f 514/482/514 515/481/515 1294/1238/1294
f 515/481/515 1295/1247/1295 1294/1238/1294
f 515/481/515 516/489/516 1295/1247/1295
f 516/489/516 1296/1280/1296 1295/1247/1295
f 516/489/516 517/488/517 1296/1280/1296
f 517/488/517 1297/1264/1297 1296/1280/1296
f 517/488/517 518/502/518 1297/1264/1297
f 518/502/518 1298/1262/1298 1297/1264/1297
f 518/502/518 1299/1279/1299 1298/1262/1298
f 518/502/518 519/518/519 1299/1279/1299
f 519/518/519 1300/1278/1300 1299/1279/1299
f 519/518/519 520/517/520 1300/1278/1300
f 520/517/520 1301/1277/1301 1300/1278/1300
f 520/517/520 1302/1259/1302 1301/1277/1301
f 520/517/520 521/498/521 1302/1259/1302
f 521/498/521 1303/1257/1303 1302/1259/1302
f 521/498/521 522/497/522 1303/1257/1303
f 522/497/522 1304/1258/1304 1303/1257/1303
f 522/497/522 523/499/523 1304/1258/1304
f 523/499/523 1305/1276/1305 1304/1258/1304
f 523/499/523 524/501/524 1305/1276/1305
f 524/501/524 1306/1263/1306 1305/1276/1305
f 524/501/524 525/500/525 1306/1263/1306
f 525/500/525 1307/1246/1307 1306/1263/1306
f 525/500/525 441/479/441 1307/1246/1307
f 441/479/441 1219/1235/1219 1307/1246/1307
f 526/456/526 1309/1209/1309 1308/1221/1308
f 526/456/526 527/445/527 1309/1209/1309
f 527/445/527 1310/1223/1310 1309/1209/1309
f 527/445/527 528/519/528 1310/1223/1310
f 528/519/528 529/459/529 1310/1223/1310
f 529/459/529 1311/1226/1311 1310/1223/1310
f 529/459/529 530/458/530 1311/1226/1311
f 530/458/530 1308/1221/1308 1311/1226/1311
f 530/458/530 526/456/526 1308/1221/1308
f 440/335/440 1111/1124/1111 1218/1122/1218
f 440/335/440 330/353/330 1111/1124/1111
f 330/353/330 1112/1128/1112 1111/1124/1111
f 331/384/331 1112/1128/1112 330/353/330
f 331/384/331 1114/1156/1114 1113/1153/1113
f 331/384/331 332/387/332 1114/1156/1114
f 332/387/332 1115/1115/1115 1114/1156/1114
f 332/387/332 333/344/333 1115/1115/1115
f 333/344/333 1116/1116/1116 1115/1115/1115
f 333/344/333 334/345/334 1116/1116/1116
f 334/345/334 335/343/335 1116/1116/1116
f 335/343/335 336/342/336 1116/1116/1116
f 336/342/336 1117/1114/1117 1116/1116/1116
f 336/342/336 1118/1150/1118 1117/1114/1117
f 336/342/336 337/371/337 1118/1150/1118
f 337/371/337 1119/1139/1119 1118/1150/1118
f 337/371/337 1120/1137/1120 1119/1139/1119
f 338/370/338 1120/1137/1120 337/371/337
f 338/370/338 339/369/339 1121/1138/1121
f 339/369/339 1122/1202/1122 1121/1138/1121
f 339/369/339 340/379/340 1122/1202/1122
f 340/379/340 1123/1204/1123 1122/1202/1122
f 340/379/340 341/378/341 1123/1204/1123
f 341/378/341 342/380/342 1123/1204/1123
f 342/380/342 1124/1205/1124 1123/1204/1123
f 342/380/342 343/438/343 1124/1205/1124
f 343/438/343 1125/1207/1125 1124/1205/1124
f 343/438/343 1126/1193/1126 1125/1207/1125
f 343/438/343 344/440/344 1126/1193/1126
f 344/440/344 345/439/345 1126/1193/1126
f 345/439/345 346/427/346 1126/1193/1126
f 346/427/346 1127/1192/1127 1126/1193/1126
f 346/427/346 347/429/347 1127/1192/1127
f 347/429/347 1128/1195/1128 1127/1192/1127
f 347/429/347 348/431/348 1128/1195/1128
f 348/431/348 1129/1165/1129 1128/1195/1128
f 348/431/348 349/397/349 1129/1165/1129
f 349/397/349 1130/1163/1130 1129/1165/1129
f 349/397/349 350/396/350 1130/1163/1130
f 350/396/350 1131/1166/1131 1130/1163/1130
f 350/396/350 351/398/351 1131/1166/1131
f 351/398/351 1132/1164/1132 1131/1166/1131
f 352/434/352 1132/1164/1132 351/398/351
f 352/434/352 353/416/353 1133/1198/1133
f 353/416/353 1134/1178/1134 1133/1198/1133
f 353/416/353 354/415/354 1134/1178/1134
f 354/415/354 1135/1181/1135 1134/1178/1134
f 355/407/355 1135/1181/1135 354/415/354
f 355/407/355 1137/1169/1137 1136/1172/1136
f 355/407/355 356/400/356 1137/1169/1137
f 356/400/356 1138/1167/1138 1137/1169/1137
f 356/400/356 357/399/357 1138/1167/1138
f 357/399/357 1139/1159/1139 1138/1167/1138
f 357/399/357 358/391/358 1139/1159/1139
f 358/391/358 1140/1160/1140 1139/1159/1139
f 358/391/358 359/393/359 1140/1160/1140
f 359/393/359 360/441/360 1140/1160/1140
f 360/441/360 1141/1149/1141 1140/1160/1140
f 360/441/360 361/373/361 1141/1149/1141
f 361/373/361 1142/1142/1142 1141/1149/1141
f 361/373/361 362/366/362 1142/1142/1142
f 362/366/362 1143/1143/1143 1142/1142/1142
f 362/366/362 363/368/363 1143/1143/1143
f 363/368/363 364/389/364 1143/1143/1143
f 364/389/364 1144/1158/1144 1143/1143/1143
f 364/389/364 365/388/365 1144/1158/1144
f 365/388/365 1145/1136/1145 1144/1158/1144
f 365/388/365 366/364/366 1145/1136/1145
f 366/364/366 1146/360/1146 1145/1136/1145
f 368/358/368 1146/360/1146 367/360/367
f 369/357/369 1147/1132/1147 368/358/368
f 369/357/369 370/354/370 1148/1130/1148
f 370/354/370 1149/1113/1149 1148/1130/1148
f 370/354/370 371/340/371 1149/1113/1149
f 371/340/371 1150/1112/1150 1149/1113/1149
f 372/339/372 1150/1112/1150 371/340/371
f 372/339/372 1152/1110/1152 1151/1111/1151
f 372/339/372 373/338/373 1152/1110/1152
f 373/338/373 374/333/374 1152/1110/1152
f 374/333/374 1153/1109/1153 1152/1110/1152
f 374/333/374 375/332/375 1153/1109/1153
f 375/332/375 1154/1107/1154 1153/1109/1153
f 375/332/375 376/334/376 1154/1107/1154
f 376/334/376 1155/1108/1155 1154/1107/1154
f 376/334/376 377/341/377 1155/1108/1155
f 377/341/377 1156/1129/1156 1155/1108/1155
f 377/341/377 378/355/378 1156/1129/1156
f 378/355/378 379/356/379 1156/1129/1156
f 379/356/379 1157/1131/1157 1156/1129/1156
f 379/356/379 1158/1133/1158 1157/1131/1157
f 379/356/379 380/359/380 1158/1133/1158
f 380/359/380 1159/361/1159 1158/1133/1158
f 381/361/381 1160/1134/1160 1159/361/1159
f 382/362/382 1161/1135/1161 1160/1134/1160
f 382/362/382 383/363/383 1161/1135/1161
f 383/363/383 384/365/384 1161/1135/1161
f 384/365/384 1162/1157/1162 1161/1135/1161
f 385/390/385 1162/1157/1162 384/365/384
f 386/347/386 1163/390/1163 385/390/385
f 386/347/386 1165/1119/1165 1164/347/1164
f 387/346/387 1166/1120/1166 1165/1119/1165
f 387/346/387 1167/1118/1167 1166/1120/1166
f 387/346/387 388/349/388 1167/1118/1167
f 388/349/388 389/348/389 1167/1118/1167
f 389/348/389 1168/1117/1168 1167/1118/1167
f 389/348/389 390/372/390 1168/1117/1168
f 390/372/390 1169/1141/1169 1168/1117/1168
f 391/367/391 1169/1141/1169 390/372/390
f 391/367/391 392/374/392 1170/1140/1170
f 392/374/392 1171/1144/1171 1170/1140/1170
f 392/374/392 1172/1145/1172 1171/1144/1171
f 392/374/392 393/381/393 1172/1145/1172
f 393/381/393 1173/1208/1173 1172/1145/1172
f 393/381/393 394/442/394 1173/1208/1173
f 394/442/394 395/395/395 1173/1208/1173
f 395/395/395 1174/1162/1174 1173/1208/1173
f 396/394/396 1174/1162/1174 395/395/395
f 396/394/396 397/392/397 1175/1161/1175
f 397/392/397 1176/1168/1176 1175/1161/1175
f 397/392/397 1177/1170/1177 1176/1168/1176
f 397/392/397 398/404/398 1177/1170/1177
f 398/404/398 399/406/399 1177/1170/1177
f 399/406/399 1178/1173/1178 1177/1170/1177
f 399/406/399 400/405/400 1178/1173/1178
f 400/405/400 1179/1171/1179 1178/1173/1178
f 400/405/400 401/424/401 1179/1171/1179
f 401/424/401 1180/1188/1180 1179/1171/1179
f 401/424/401 1181/1187/1181 1180/1188/1180
f 401/424/401 402/423/402 1181/1187/1181
f 402/423/402 1182/1186/1182 1181/1187/1181
f 402/423/402 403/422/403 1182/1186/1182
f 403/422/403 1183/1185/1183 1182/1186/1182
f 403/422/403 404/421/404 1183/1185/1183
f 404/421/404 405/420/405 1183/1185/1183
f 405/420/405 1184/1184/1184 1183/1185/1183
f 405/420/405 406/419/406 1184/1184/1184
f 406/419/406 1185/1183/1185 1184/1184/1184
f 406/419/406 407/418/407 1185/1183/1185
f 407/418/407 1186/1182/1186 1185/1183/1185
f 408/413/408 1186/1182/1186 407/418/407
f 408/413/408 409/412/409 1187/1180/1187
f 409/412/409 1188/1179/1188 1187/1180/1187
f 409/412/409 410/414/410 1188/1179/1188
f 410/414/410 1189/417/1189 1188/1179/1188
f 412/433/412 1189/417/1189 411/417/411
f 412/433/412 413/411/413 1190/1197/1190
f 413/411/413 1191/1175/1191 1190/1197/1190
f 414/410/414 1191/1175/1191 413/411/413
f 415/409/415 1192/410/1192 414/410/414
f 415/409/415 416/408/416 1193/1174/1193
f 416/408/416 1194/1176/1194 1193/1174/1193
f 416/408/416 1195/1177/1195 1194/1176/1194
f 416/408/416 417/432/417 1195/1177/1195
f 417/432/417 1196/1196/1196 1195/1177/1195
f 417/432/417 418/430/418 1196/1196/1196
f 418/430/418 1197/1194/1197 1196/1196/1196
f 418/430/418 419/428/419 1197/1194/1197
f 419/428/419 1198/1191/1198 1197/1194/1197
f 419/428/419 420/426/420 1198/1191/1198
f 420/426/420 421/425/421 1198/1191/1198
f 421/425/421 1199/1189/1199 1198/1191/1198
f 421/425/421 1200/1190/1200 1199/1189/1199
f 421/425/421 422/402/422 1200/1190/1200
f 422/402/422 1201/1206/1201 1200/1190/1200
f 422/402/422 423/401/423 1201/1206/1201
f 423/401/423 424/403/424 1201/1206/1201
f 424/403/424 1202/1203/1202 1201/1206/1201
f 424/403/424 425/437/425 1202/1203/1202
f 425/437/425 1203/1201/1203 1202/1203/1202
f 425/437/425 426/436/426 1203/1201/1203
f 426/436/426 1204/1200/1204 1203/1201/1203
f 426/436/426 427/435/427 1204/1200/1204
f 427/435/427 428/383/428 1204/1200/1204
f 428/383/428 1205/1199/1205 1204/1200/1204
f 428/383/428 1206/1152/1206 1205/1199/1205
f 429/382/429 1206/1152/1206 428/383/428
f 430/376/430 1207/1151/1207 429/382/429
f 430/376/430 431/375/431 1208/1147/1208
f 431/375/431 1209/1148/1209 1208/1147/1208
f 431/375/431 432/377/432 1209/1148/1209
f 432/377/432 1210/1146/1210 1209/1148/1209
f 432/377/432 433/386/433 1210/1146/1210
f 433/386/433 1211/1155/1211 1210/1146/1210
f 433/386/433 434/385/434 1211/1155/1211
f 434/385/434 1212/1154/1212 1211/1155/1211
f 435/352/435 1213/1127/1213 1212/1154/1212
f 435/352/435 436/351/436 1213/1127/1213
f 436/351/436 1214/1126/1214 1213/1127/1213
f 436/351/436 1215/1125/1215 1214/1126/1214
f 436/351/436 437/350/437 1215/1125/1215
f 437/350/437 1216/1123/1216 1215/1125/1215
f 437/350/437 438/337/438 1216/1123/1216
f 438/337/438 1217/1121/1217 1216/1123/1216
f 438/337/438 439/336/439 1217/1121/1217
f 439/336/439 1218/1122/1218 1217/1121/1217
f 439/336/439 440/335/440 1218/1122/1218
f 203/249/203 1560/1032/1560 985/1031/985
f 203/249/203 1561/251/1561 1560/1032/1560
f 1561/251/1561 986/1008/986 1560/1032/1560
f 1561/251/1561 204/231/204 986/1008/986
f 204/231/204 987/1009/987 986/1008/986
f 204/231/204 205/233/205 987/1009/987
f 205/233/205 206/232/206 987/1009/987
f 206/232/206 988/1011/988 987/1009/987
f 206/232/206 989/1010/989 988/1011/988
f 207/253/207 989/1010/989 206/232/206
f 207/253/207 208/319/208 990/1035/990
f 208/319/208 991/1100/991 990/1035/990
f 208/319/208 209/321/209 991/1100/991
f 209/321/209 210/322/210 991/1100/991
f 210/322/210 211/323/211 991/1100/991
f 211/323/211 992/1102/992 991/1100/991
f 211/323/211 993/1103/993 992/1102/992
f 211/323/211 212/326/212 993/1103/993
f 212/326/212 213/328/213 993/1103/993
f 213/328/213 994/1105/994 993/1103/993
f 214/306/214 994/1105/994 213/328/213
f 214/306/214 215/308/215 995/1087/995
f 215/308/215 996/1089/996 995/1087/995
f 215/308/215 216/309/216 996/1089/996
f 216/309/216 997/1091/997 996/1089/996
f 216/309/216 217/311/217 997/1091/997
f 217/311/217 998/1094/998 997/1091/997
f 217/311/217 218/314/218 998/1094/998
f 218/314/218 999/1095/999 998/1094/998
f 218/314/218 219/315/219 999/1095/999
f 219/315/219 1000/1096/1000 999/1095/999
f 219/315/219 1001/1097/1001 1000/1096/1000
f 219/315/219 220/302/220 1001/1097/1001
f 220/302/220 221/316/221 1001/1097/1001
f 221/316/221 1002/1085/1002 1001/1097/1001
f 221/316/221 222/317/222 1002/1085/1002
f 222/317/222 223/267/223 1002/1085/1002
f 223/267/223 1003/1057/1003 1002/1085/1002
f 223/267/223 1004/1051/1004 1003/1057/1003
f 223/267/223 1005/1046/1005 1004/1051/1004
f 223/267/223 224/262/224 1005/1046/1005
f 224/262/224 1006/1044/1006 1005/1046/1005
f 224/262/224 225/261/225 1006/1044/1006
f 225/261/225 226/248/226 1006/1044/1006
f 226/248/226 1007/1028/1007 1006/1044/1006
f 226/248/226 227/245/227 1007/1028/1007
f 227/245/227 1008/1025/1008 1007/1028/1007
f 227/245/227 228/243/228 1008/1025/1008
f 228/243/228 1009/1021/1009 1008/1025/1008
f 228/243/228 229/238/229 1009/1021/1009
f 229/238/229 1010/1022/1010 1009/1021/1009
f 229/238/229 230/237/230 1010/1022/1010
f 230/237/230 1011/1036/1011 1010/1022/1010
f 230/237/230 231/236/231 1011/1036/1011
f 231/236/231 1012/1014/1012 1011/1036/1011
f 231/236/231 232/227/232 1012/1014/1012
f 232/227/232 1013/1000/1013 1012/1014/1012
f 232/227/232 233/221/233 1013/1000/1013
f 233/221/233 1014/998/1014 1013/1000/1013
f 233/221/233 1015/1002/1015 1014/998/1014
f 233/221/233 234/220/234 1015/1002/1015
f 234/220/234 235/207/235 1015/1002/1015
f 235/207/235 1016/983/1016 1015/1002/1015
f 235/207/235 236/206/236 1016/983/1016
f 236/206/236 1017/982/1017 1016/983/1016
f 236/206/236 1018/984/1018 1017/982/1017
f 236/206/236 237/211/237 1018/984/1018
f 237/211/237 1019/981/1019 1018/984/1018
f 237/211/237 238/205/238 1019/981/1019
f 238/205/238 1020/980/1020 1019/981/1019
f 238/205/238 239/204/239 1020/980/1020
f 239/204/239 1021/203/1021 1020/980/1020
f 241/222/241 1021/203/1021 240/203/240
f 241/222/241 242/224/242 1022/1001/1022
f 242/224/242 1023/1004/1023 1022/1001/1022
f 243/225/243 1024/1003/1024 1023/1004/1023
f 243/225/243 1025/999/1025 1024/1003/1024
f 243/225/243 244/223/244 1025/999/1025
f 244/223/244 1026/1016/1026 1025/999/1025
f 244/223/244 245/226/245 1026/1016/1026
f 245/226/245 246/228/246 1026/1016/1026
f 246/228/246 1027/1012/1027 1026/1016/1026
f 246/228/246 1028/1013/1028 1027/1012/1027
f 246/228/246 247/239/247 1028/1013/1028
f 247/239/247 1029/1020/1029 1028/1013/1028
f 247/239/247 248/254/248 1029/1020/1029
f 248/254/248 1030/1026/1030 1029/1020/1029
f 249/246/249 1031/1027/1031 1030/1026/1030
f 249/246/249 250/247/250 1031/1027/1031
f 250/247/250 1032/1106/1032 1031/1027/1031
f 251/330/251 252/263/252 1032/1106/1032
f 252/263/252 1033/1043/1033 1032/1106/1032
f 252/263/252 253/269/253 1033/1043/1033
f 253/269/253 1034/1053/1034 1033/1043/1033
f 253/269/253 1035/1052/1035 1034/1053/1034
f 253/269/253 254/268/254 1035/1052/1035
f 254/268/254 1036/1058/1036 1035/1052/1035
f 254/268/254 255/270/255 1036/1058/1036
f 255/270/255 1037/1056/1037 1036/1058/1036
f 255/270/255 256/280/256 1037/1056/1037
f 256/280/256 257/279/257 1037/1056/1037
f 257/279/257 1038/1067/1038 1037/1056/1037
f 257/279/257 258/278/258 1038/1067/1038
f 258/278/258 1039/1066/1039 1038/1067/1038
f 258/278/258 259/295/259 1039/1066/1039
f 259/295/259 1040/1068/1040 1039/1066/1039
f 260/294/260 1040/1068/1040 259/295/259
f 261/293/261 1041/294/1041 260/294/260
f 261/293/261 262/292/262 1042/1077/1042
f 262/292/262 1043/1076/1043 1042/1077/1042
f 262/292/262 1044/1074/1044 1043/1076/1043
f 262/292/262 263/303/263 1044/1074/1044
f 263/303/263 264/288/264 1044/1074/1044
f 264/288/264 1045/1072/1045 1044/1074/1044
f 264/288/264 265/287/265 1045/1072/1045
f 265/287/265 266/289/266 1045/1072/1045
f 266/289/266 1046/1073/1046 1045/1072/1045
f 266/289/266 267/290/267 1046/1073/1046
f 267/290/267 1047/1075/1047 1046/1073/1046
f 267/290/267 268/291/268 1047/1075/1047
f 268/291/268 269/282/269 1047/1075/1047
f 269/282/269 1048/1083/1048 1047/1075/1047
f 269/282/269 270/281/270 1048/1083/1048
f 270/281/270 1049/1084/1049 1048/1083/1048
f 270/281/270 271/283/271 1049/1084/1049
f 271/283/271 1050/1082/1050 1049/1084/1049
f 271/283/271 272/313/272 1050/1082/1050
f 272/313/272 1051/1093/1051 1050/1082/1050
f 272/313/272 273/312/273 1051/1093/1051
f 273/312/273 1052/1092/1052 1051/1093/1051
f 273/312/273 274/310/274 1052/1092/1052
f 274/310/274 1053/1090/1053 1052/1092/1052
f 274/310/274 275/307/275 1053/1090/1053
f 275/307/275 1054/1088/1054 1053/1090/1053
f 275/307/275 1055/1086/1055 1054/1088/1054
f 275/307/275 276/305/276 1055/1086/1055
f 276/305/276 277/304/277 1055/1086/1055
f 277/304/277 1056/1104/1056 1055/1086/1055
f 277/304/277 278/329/278 1056/1104/1056
f 278/329/278 279/327/279 1056/1104/1056
f 279/327/279 1057/1050/1057 1056/1104/1056
f 279/327/279 280/325/280 1057/1050/1057
f 280/325/280 1058/1048/1058 1057/1050/1057
f 280/325/280 1059/1049/1059 1058/1048/1058
f 280/325/280 281/324/281 1059/1049/1059
f 281/324/281 1060/1101/1060 1059/1049/1059
f 281/324/281 282/320/282 1060/1101/1060
f 282/320/282 1061/1099/1061 1060/1101/1060
f 282/320/282 283/252/283 1061/1099/1061
f 283/252/283 1562/1034/1562 1061/1099/1061
f 283/252/283 1563/250/1563 1562/1034/1562
f 1563/250/1563 1564/1033/1564 1562/1034/1562
f 203/249/203 1564/1033/1564 1563/250/1563
f 284/277/284 1062/1055/1062 1110/1065/1110
f 284/277/284 285/273/285 1062/1055/1062
f 285/273/285 1063/1054/1063 1062/1055/1062
f 286/265/286 1064/1047/1064 1063/1054/1063
f 287/266/287 1064/1047/1064 286/265/286
f 287/266/287 288/260/288 1065/1042/1065
f 288/260/288 289/257/289 1065/1042/1065
f 289/257/289 1066/1039/1066 1065/1042/1065
f 289/257/289 1067/1040/1067 1066/1039/1066
f 289/257/289 290/331/290 1067/1040/1067
f 290/331/290 291/255/291 1067/1040/1067
f 291/255/291 1068/1029/1068 1067/1040/1067
f 291/255/291 1069/1019/1069 1068/1029/1068
f 291/255/291 292/242/292 1069/1019/1069
f 292/242/292 1070/1017/1070 1069/1019/1069
f 292/242/292 293/244/293 1070/1017/1070
f 293/244/293 1071/1037/1071 1070/1017/1070
f 293/244/293 294/234/294 1071/1037/1071
f 294/234/294 1072/1006/1072 1071/1037/1071
f 294/234/294 295/217/295 1072/1006/1072
f 295/217/295 1073/1005/1073 1072/1006/1072
f 295/217/295 1074/997/1074 1073/1005/1073
f 295/217/295 296/219/296 1074/997/1074
f 296/219/296 1075/994/1075 1074/997/1074
f 297/216/297 1076/989/1076 1075/994/1075
f 297/216/297 298/210/298 1076/989/1076
f 298/210/298 1077/987/1077 1076/989/1076
f 299/212/299 1077/987/1077 298/210/298
f 299/212/299 1079/986/1079 1078/985/1078
f 299/212/299 300/213/300 1079/986/1079
f 300/213/300 1080/988/1080 1079/986/1079
f 300/213/300 301/214/301 1080/988/1080
f 301/214/301 1081/991/1081 1080/988/1080
f 301/214/301 302/209/302 1081/991/1081
f 302/209/302 1082/990/1082 1081/991/1081
f 302/209/302 303/208/303 1082/990/1082
f 303/208/303 1083/993/1083 1082/990/1082
f 303/208/303 1084/992/1084 1083/993/1083
f 303/208/303 304/215/304 1084/992/1084
f 304/215/304 1085/995/1085 1084/992/1084
f 304/215/304 305/218/305 1085/995/1085
f 305/218/305 1086/996/1086 1085/995/1085
f 305/218/305 306/230/306 1086/996/1086
f 306/230/306 307/229/307 1086/996/1086
f 307/229/307 1087/1007/1087 1086/996/1086
f 307/229/307 1088/1015/1088 1087/1007/1087
f 307/229/307 308/235/308 1088/1015/1088
f 308/235/308 1089/1023/1089 1088/1015/1088
f 308/235/308 309/241/309 1089/1023/1089
f 309/241/309 1090/1024/1090 1089/1023/1089
f 309/241/309 1091/1018/1091 1090/1024/1090
f 309/241/309 310/240/310 1091/1018/1091
f 310/240/310 311/256/311 1091/1018/1091
f 311/256/311 1092/1030/1092 1091/1018/1091
f 311/256/311 1093/1038/1093 1092/1030/1092
f 311/256/311 312/259/312 1093/1038/1093
f 312/259/312 1094/1041/1094 1093/1038/1093
f 313/258/313 1095/1045/1095 1094/1041/1094
f 313/258/313 314/264/314 1095/1045/1095
f 314/264/314 1096/1098/1096 1095/1045/1095
f 314/264/314 315/318/315 1096/1098/1096
f 315/318/315 316/272/316 1096/1098/1096
f 316/272/316 1097/1060/1097 1096/1098/1096
f 316/272/316 1098/1059/1098 1097/1060/1097
f 316/272/316 317/271/317 1098/1059/1098
f 317/271/317 1099/1064/1099 1098/1059/1098
f 317/271/317 318/275/318 1099/1064/1099
f 318/275/318 1100/1063/1100 1099/1064/1099
f 318/275/318 319/274/319 1100/1063/1100
f 319/274/319 1101/1061/1101 1100/1063/1100
f 319/274/319 320/300/320 1101/1061/1101
f 320/300/320 321/301/321 1101/1061/1101
f 321/301/321 1102/1081/1102 1101/1061/1101
f 321/301/321 1103/1080/1103 1102/1081/1102
f 322/299/322 1104/1079/1104 1103/1080/1103
f 322/299/322 323/298/323 1104/1079/1104
f 323/298/323 1105/1078/1105 1104/1079/1104
f 323/298/323 324/297/324 1105/1078/1105
f 324/297/324 1106/1071/1106 1105/1078/1105
f 324/297/324 325/286/325 1106/1071/1106
f 325/286/325 1107/1069/1107 1106/1071/1106
f 325/286/325 326/285/326 1107/1069/1107
f 326/285/326 327/284/327 1107/1069/1107
f 327/284/327 1108/1070/1108 1107/1069/1107
f 327/284/327 328/296/328 1108/1070/1108
f 328/296/328 1109/1062/1109 1108/1070/1108
f 328/296/328 329/276/329 1109/1062/1109
f 329/276/329 1110/1065/1110 1109/1062/1109
f 202/110/202 877/892/877 876/891/876
f 202/110/202 93/109/93 877/892/877
f 93/109/93 94/111/94 877/892/877
f 94/111/94 878/893/878 877/892/877
f 95/112/95 878/893/878 94/111/94
f 95/112/95 96/113/96 879/897/879
f 96/113/96 880/898/880 879/897/879
f 96/113/96 97/142/97 880/898/880
f 97/142/97 881/923/881 880/898/880
f 97/142/97 98/133/98 881/923/881
f 98/133/98 882/924/882 881/923/881
f 98/133/98 883/916/883 882/924/882
f 98/133/98 99/132/99 883/916/883
f 99/132/99 884/918/884 883/916/883
f 100/136/100 101/195/101 884/918/884
f 101/195/101 885/972/885 884/918/884
f 101/195/101 102/196/102 885/972/885
f 102/196/102 886/973/886 885/972/885
f 102/196/102 103/197/103 886/973/886
f 103/197/103 887/974/887 886/973/886
f 104/198/104 105/199/105 887/974/887
f 105/199/105 888/975/888 887/974/887
f 105/199/105 889/976/889 888/975/888
f 105/199/105 106/200/106 889/976/889
f 106/200/106 890/978/890 889/976/889
f 106/200/106 107/201/107 890/978/890
f 107/201/107 891/942/891 890/978/890
f 107/201/107 108/163/108 891/942/891
f 108/163/108 109/164/109 891/942/891
f 109/164/109 892/944/892 891/942/891
f 109/164/109 110/165/110 892/944/892
f 110/165/110 893/945/893 892/944/892
f 110/165/110 111/166/111 893/945/893
f 111/166/111 894/965/894 893/945/893
f 111/166/111 112/156/112 894/965/894
f 112/156/112 895/967/895 894/965/894
f 112/156/112 896/938/896 895/967/895
f 112/156/112 113/155/113 896/938/896
f 113/155/113 897/936/897 896/938/896
f 113/155/113 898/937/898 897/936/897
f 113/155/113 114/157/114 898/937/898
f 114/157/114 899/940/899 898/937/898
f 115/159/115 116/158/116 899/940/899
f 116/158/116 900/939/900 899/940/899
f 116/158/116 117/181/117 900/939/900
f 117/181/117 901/947/901 900/939/900
f 117/181/117 902/948/902 901/947/901
f 117/181/117 903/946/903 902/948/902
f 117/181/117 118/182/118 903/946/903
f 118/182/118 119/183/119 903/946/903
f 119/183/119 904/970/904 903/946/903
f 119/183/119 905/934/905 904/970/904
f 119/183/119 120/193/120 905/934/905
f 120/193/120 121/151/121 905/934/905
f 121/151/121 122/150/122 905/934/905
f 122/150/122 906/933/906 905/934/905
f 122/150/122 907/932/907 906/933/906
f 122/150/122 908/926/908 907/932/907
f 122/150/122 123/145/123 908/926/908
f 123/145/123 124/143/124 908/926/908
f 124/143/124 909/925/909 908/926/908
f 124/143/124 910/913/910 909/925/909
f 124/143/124 125/130/125 910/913/910
f 125/130/125 126/129/126 910/913/910
f 126/129/126 911/914/911 910/913/910
f 126/129/126 912/909/912 911/914/911
f 126/129/126 127/128/127 912/909/912
f 127/128/127 128/122/128 912/909/912
f 128/122/128 913/905/913 912/909/912
f 128/122/128 129/121/129 913/905/913
f 129/121/129 914/907/914 913/905/913
f 130/125/130 914/907/914 129/121/129
f 130/125/130 131/117/131 915/900/915
f 131/117/131 916/899/916 915/900/915
f 131/117/131 132/116/132 916/899/916
f 132/116/132 917/894/917 916/899/916
f 132/116/132 133/114/133 917/894/917
f 133/114/133 918/888/918 917/894/917
f 133/114/133 134/104/134 918/888/918
f 134/104/134 919/884/919 918/888/918
f 134/104/134 135/108/135 919/884/919
f 135/108/135 136/107/136 919/884/919
f 136/107/136 137/99/137 919/884/919
f 137/99/137 920/882/920 919/884/919
f 137/99/137 921/886/921 920/882/920
f 137/99/137 138/103/138 921/886/921
f 138/103/138 922/887/922 921/886/921
f 138/103/138 139/102/139 922/887/922
f 139/102/139 140/94/140 922/887/922
f 140/94/140 923/881/923 922/887/922
f 140/94/140 924/877/924 923/881/923
f 140/94/140 141/93/141 924/877/924
f 141/93/141 925/878/925 924/877/924
f 141/93/141 926/876/926 925/878/925
f 142/95/142 927/879/927 926/876/926
f 143/96/143 927/879/927 142/95/142
f 143/96/143 144/101/144 928/880/928
f 144/101/144 929/883/929 928/880/928
f 144/101/144 145/100/145 929/883/929
f 145/100/145 146/98/146 929/883/929
f 146/98/146 930/885/930 929/883/929
f 146/98/146 147/97/147 930/885/930
f 147/97/147 931/890/931 930/885/930
f 147/97/147 148/106/148 931/890/931
f 148/106/148 932/889/932 931/890/931
f 148/106/148 149/105/149 932/889/932
f 149/105/149 933/895/933 932/889/932
f 149/105/149 150/115/150 933/895/933
f 150/115/150 934/896/934 933/895/933
f 150/115/150 151/118/151 934/896/934
f 151/118/151 935/908/935 934/896/934
f 151/118/151 152/126/152 935/908/935
f 153/124/153 935/908/935 152/126/152
f 153/124/153 154/123/154 936/906/936
f 154/123/154 937/904/937 936/906/936
f 154/123/154 938/910/938 937/904/937
f 154/123/154 155/127/155 938/910/938
f 155/127/155 156/131/156 938/910/938
f 156/131/156 939/912/939 938/910/938
f 156/131/156 940/911/940 939/912/939
f 156/131/156 157/144/157 940/911/940
f 157/144/157 941/929/941 940/911/940
f 157/144/157 158/146/158 941/929/941
f 158/146/158 942/930/942 941/929/941
f 158/146/158 943/931/943 942/930/942
f 158/146/158 159/149/159 943/931/943
f 159/149/159 160/160/160 943/931/943
f 160/160/160 944/971/944 943/931/943
f 161/194/161 162/172/162 944/971/944
f 162/172/162 945/953/945 944/971/944
f 163/171/163 945/953/945 162/172/162
f 164/175/164 946/171/946 163/171/163
f 165/174/165 947/175/947 164/175/164
f 166/173/166 948/174/948 165/174/165
f 166/173/166 167/188/167 949/952/949
f 167/188/167 950/963/950 949/952/949
f 167/188/167 168/187/168 950/963/950
f 168/187/168 951/962/951 950/963/950
f 168/187/168 952/961/952 951/962/951
f 168/187/168 169/186/169 952/961/952
f 169/186/169 953/960/953 952/961/952
f 169/186/169 170/185/170 953/960/953
f 170/185/170 171/184/171 953/960/953
f 171/184/171 954/959/954 953/960/953
f 171/184/171 955/958/955 954/959/954
f 171/184/171 172/180/172 955/958/955
f 172/180/172 956/955/956 955/958/955
f 172/180/172 173/179/173 956/955/956
f 173/179/173 957/956/957 956/955/956
f 173/179/173 174/177/174 957/956/957
f 174/177/174 958/954/958 957/956/957
f 174/177/174 175/176/175 958/954/958
f 175/176/175 176/178/176 958/954/958
f 176/178/176 959/957/959 958/954/958
f 176/178/176 177/192/177 959/957/959
f 177/192/177 960/969/960 959/957/959
f 177/192/177 961/968/961 960/969/960
f 177/192/177 178/170/178 961/968/961
f 178/170/178 962/951/962 961/968/961
f 179/168/179 962/951/962 178/170/178
f 179/168/179 180/167/180 963/949/963
f 180/167/180 964/950/964 963/949/963
f 180/167/180 181/169/181 964/950/964
f 181/169/181 965/966/965 964/950/964
f 181/169/181 182/191/182 965/966/965
f 182/191/182 183/190/183 965/966/965
f 183/190/183 966/964/966 965/966/965
f 183/190/183 184/189/184 966/964/966
f 184/189/184 185/162/185 966/964/966
f 185/162/185 967/943/967 966/964/966
f 185/162/185 968/941/968 967/943/967
f 185/162/185 186/161/186 968/941/968
f 186/161/186 969/979/969 968/941/968
f 187/202/187 970/977/970 969/979/969
f 187/202/187 188/153/188 970/977/970
f 188/153/188 971/935/971 970/977/970
f 188/153/188 189/152/189 971/935/971
f 189/152/189 972/154/972 971/935/971
f 190/154/190 973/927/973 972/154/972
f 191/148/191 974/928/974 973/927/973
f 191/148/191 192/147/192 974/928/974
f 192/147/192 975/138/975 974/928/974
f 193/138/193 976/919/976 975/138/975
f 194/137/194 977/917/977 976/919/976
f 194/137/194 195/135/195 977/917/977
f 195/135/195 978/915/978 977/917/977
f 195/135/195 196/134/196 978/915/978
f 196/134/196 979/922/979 978/915/978
f 196/134/196 197/141/197 979/922/979
f 197/141/197 980/920/980 979/922/979
f 197/141/197 198/140/198 980/920/980
f 198/140/198 199/139/199 980/920/980
f 199/139/199 981/921/981 980/920/980
f 199/139/199 200/120/200 981/921/981
f 200/120/200 982/903/982 981/921/981
f 201/119/201 982/903/982 200/120/200
f 201/119/201 984/902/984 983/901/983
f 201/119/201 202/110/202 984/902/984
f 202/110/202 876/891/876 984/902/984
f 92/26/92 782/806/782 875/807/875
f 1/25/1 783/789/783 782/806/782
f 1/25/1 2/2/2 783/789/783
f 2/2/2 784/790/784 783/789/783
f 3/1/3 784/790/784 2/2/2
f 3/1/3 4/3/4 785/788/785
f 4/3/4 786/791/786 785/788/785
f 4/3/4 5/28/5 786/791/786
f 5/28/5 787/809/787 786/791/786
f 5/28/5 788/810/788 787/809/787
f 5/28/5 6/29/6 788/810/788
f 6/29/6 789/813/789 788/810/788
f 6/29/6 7/30/7 789/813/789
f 7/30/7 8/31/8 789/813/789
f 8/31/8 790/815/790 789/813/789
f 8/31/8 791/817/791 790/815/790
f 8/31/8 9/32/9 791/817/791
f 9/32/9 10/34/10 791/817/791
f 10/34/10 792/787/792 791/817/791
f 10/34/10 11/4/11 792/787/792
f 11/4/11 793/784/793 792/787/792
f 12/6/12 793/784/793 11/4/11
f 13/5/13 794/785/794 12/6/12
f 13/5/13 14/10/14 795/786/795
f 14/10/14 796/794/796 795/786/795
f 14/10/14 15/9/15 796/794/796
f 15/9/15 797/792/797 796/794/796
f 15/9/15 16/8/16 797/792/797
f 16/8/16 798/793/798 797/792/797
f 16/8/16 17/7/17 798/793/798
f 17/7/17 799/856/799 798/793/798
f 17/7/17 18/74/18 799/856/799
f 18/74/18 19/75/19 799/856/799
f 19/75/19 800/857/800 799/856/799
f 19/75/19 801/859/801 800/857/800
f 20/77/20 802/860/802 801/859/801
f 20/77/20 21/78/21 802/860/802
f 21/78/21 803/862/803 802/860/802
f 21/78/21 22/81/22 803/862/803
f 22/81/22 804/864/804 803/862/803
f 22/81/22 23/82/23 804/864/804
f 23/82/23 24/84/24 804/864/804
f 24/84/24 805/867/805 804/864/804
f 24/84/24 806/868/806 805/867/805
f 24/84/24 25/86/25 806/868/806
f 25/86/25 807/871/807 806/868/806
f 25/86/25 26/88/26 807/871/807
f 26/88/26 27/89/27 807/871/807
f 27/89/27 808/872/808 807/871/807
f 27/89/27 809/873/809 808/872/808
f 27/89/27 28/90/28 809/873/809
f 28/90/28 810/874/810 809/873/809
f 29/91/29 810/874/810 28/90/28
f 29/91/29 30/92/30 811/875/811
f 30/92/30 812/797/812 811/875/811
f 30/92/30 31/23/31 812/797/812
f 31/23/31 813/795/813 812/797/812
f 32/24/32 814/796/814 813/795/813
f 32/24/32 33/22/33 814/796/814
f 33/22/33 815/805/815 814/796/814
f 33/22/33 816/804/816 815/805/815
f 33/22/33 34/21/34 816/804/816
f 34/21/34 35/39/35 816/804/816
f 35/39/35 817/824/817 816/804/816
f 36/38/36 817/824/817 35/39/35
f 36/38/36 37/41/37 818/822/818
f 37/41/37 38/49/38 818/822/818
f 38/49/38 819/830/819 818/822/818
f 38/49/38 39/48/39 819/830/819
f 39/48/39 820/831/820 819/830/819
f 39/48/39 40/40/40 820/831/820
f 40/40/40 821/823/821 820/831/820
f 40/40/40 41/87/41 821/823/821
f 41/87/41 822/870/822 821/823/821
f 41/87/41 42/85/42 822/870/822
f 42/85/42 823/869/823 822/870/822
f 42/85/42 824/866/824 823/869/823
f 42/85/42 43/83/43 824/866/824
f 43/83/43 825/865/825 824/866/824
f 43/83/43 44/80/44 825/865/825
f 44/80/44 826/863/826 825/865/825
f 44/80/44 827/861/827 826/863/826
f 44/80/44 45/79/45 827/861/827
f 45/79/45 46/76/46 827/861/827
f 46/76/46 828/858/828 827/861/827
f 47/73/47 828/858/828 46/76/46
f 47/73/47 48/72/48 829/855/829
f 48/72/48 830/854/830 829/855/829
f 48/72/48 49/47/49 830/854/830
f 49/47/49 831/827/831 830/854/830
f 49/47/49 50/46/50 831/827/831
f 50/46/50 832/825/832 831/827/831
f 50/46/50 833/826/833 832/825/832
f 50/46/50 51/45/51 833/826/833
f 51/45/51 834/833/834 833/826/833
f 51/45/51 52/52/52 834/833/834
f 52/52/52 835/834/835 834/833/834
f 52/52/52 53/51/53 835/834/835
f 53/51/53 836/838/836 835/834/835
f 53/51/53 54/55/54 836/838/836
f 54/55/54 55/56/55 836/838/836
f 55/56/55 837/837/837 836/838/836
f 55/56/55 56/54/56 837/837/837
f 56/54/56 838/835/838 837/837/837
f 56/54/56 57/64/57 838/835/838
f 57/64/57 839/844/839 838/835/838
f 57/64/57 840/842/840 839/844/839
f 57/64/57 58/62/58 840/842/840
f 58/62/58 841/850/841 840/842/840
f 59/69/59 842/851/842 841/850/841
f 59/69/59 60/71/60 842/851/842
f 61/70/61 842/851/842 60/71/60
f 61/70/61 62/68/62 843/849/843
f 62/68/62 844/848/844 843/849/843
f 62/68/62 63/67/63 844/848/844
f 63/67/63 845/853/845 844/848/844
f 64/66/64 845/853/845 63/67/63
f 64/66/64 847/846/847 846/852/846
f 64/66/64 65/65/65 847/846/847
f 65/65/65 66/61/66 847/846/847
f 66/61/66 848/847/848 847/846/847
f 66/61/66 849/845/849 848/847/848
f 66/61/66 67/60/67 849/845/849
f 67/60/67 850/843/850 849/845/849
f 68/63/68 851/836/851 850/843/850
f 68/63/68 69/53/69 851/836/851
f 69/53/69 852/839/852 851/836/851
f 69/53/69 70/58/70 852/839/852
f 70/58/70 853/840/853 852/839/852
f 70/58/70 71/57/71 853/840/853
f 71/57/71 854/841/854 853/840/853
f 73/44/73 854/841/854 72/59/72
f 73/44/73 856/43/856 855/829/855
f 74/43/74 857/828/857 856/43/856
f 75/42/75 858/832/858 857/828/857
f 75/42/75 76/50/76 858/832/858
f 76/50/76 860/820/860 858/832/858
f 77/37/77 859/821/859 860/820/860
f 78/36/78 860/820/860 77/37/77
f 78/36/78 79/35/79 861/819/861
f 79/35/79 862/818/862 861/819/861
f 79/35/79 80/33/80 862/818/862
f 80/33/80 863/816/863 862/818/862
f 80/33/80 81/15/81 863/816/863
f 81/15/81 864/814/864 863/816/863
f 81/15/81 865/812/865 864/814/864
f 81/15/81 82/14/82 865/812/865
f 82/14/82 83/16/83 865/812/865
f 83/16/83 866/811/866 865/812/865
f 83/16/83 867/803/867 866/811/866
f 83/16/83 84/20/84 867/803/867
f 84/20/84 868/801/868 867/803/867
f 85/19/85 86/18/86 868/801/868
f 86/18/86 869/802/869 868/801/868
f 87/17/87 869/802/869 86/18/86
f 87/17/87 871/808/871 870/17/870
f 88/27/88 872/800/872 871/808/871
f 88/27/88 89/12/89 872/800/872
f 89/12/89 873/798/873 872/800/872
f 89/12/89 90/11/90 873/798/873
f 90/11/90 91/13/91 873/798/873
f 91/13/91 874/799/874 873/798/873
f 91/13/91 875/807/875 874/799/874
f 91/13/91 92/26/92 875/807/875
f 673/671/673 1452/1424/1452 1451/1423/1451
f 675/658/675 676/657/676 1456/1408/1456
f 687/696/687 1467/1454/1467 1466/1464/1466
f 691/687/691 692/686/692 1472/1442/1472
f 693/685/693 694/711/694 1474/1532/1474
f 697/714/697 698/713/698 1477/713/1477
f 698/713/698 699/710/699 1478/1475/1478
f 700/709/700 701/700/701 1481/1530/1481
f 704/683/704 1485/1439/1485 1484/1440/1484
f 714/665/714 715/701/715 1496/1452/1496
f 717/678/717 1498/1453/1498 1497/1451/1497
f 733/777/733 1513/1477/1513 1512/1476/1512
f 739/745/739 1518/1491/1518 1517/1492/1517
f 745/743/745 1524/1520/1524 1523/1490/1523
f 748/753/748 1527/1524/1527 1526/1523/1526
f 752/749/752 1531/749/1531 1530/1498/1530
f 753/755/753 1532/755/1532 1531/749/1531
f 754/754/754 1533/1500/1533 1532/755/1532
f 757/746/757 1536/1495/1536 1535/1496/1535
f 761/771/761 762/773/762 1542/1516/1542
f 768/770/768 769/769/769 1549/1514/1549
f 774/763/774 775/762/775 1554/1502/1554
f 539/542/539 1320/1309/1320 1319/1307/1319
f 544/579/544 1325/1342/1325 1324/1340/1324
f 553/536/553 554/591/554 1334/1351/1334
f 556/557/556 557/549/557 1337/1318/1337
f 561/554/561 1342/1319/1342 1341/1321/1341
f 565/558/565 1345/1323/1345 1344/1317/1344
f 577/544/577 1357/1310/1357 1356/1306/1356
f 586/561/586 1366/561/1366 1365/1325/1365
f 587/562/587 1367/562/1367 1366/561/1366
f 588/563/588 1368/563/1368 1367/562/1367
f 589/564/589 1369/564/1369 1368/563/1368
f 589/564/589 531/566/531 1370/1329/1370
f 599/611/599 600/612/600 1380/612/1380
f 601/594/601 1381/594/1381 1380/612/1380
f 601/594/601 602/593/602 1382/1352/1382
f 608/605/608 609/604/609 1389/1360/1389
f 618/642/618 619/641/619 1398/641/1398
f 619/641/619 620/646/620 1399/1392/1399
f 622/644/622 623/643/623 1402/643/1402
f 623/643/623 624/647/624 1403/1396/1403
f 625/631/625 626/630/626 1406/1386/1406
f 633/616/633 634/615/634 1413/1371/1413
f 643/634/643 644/633/644 1423/1388/1423
f 443/477/443 1222/1245/1222 1221/1234/1221
f 445/485/445 446/521/446 1225/1284/1225
f 450/450/450 1230/1214/1230 1229/1213/1229
f 454/444/454 455/443/455 1235/443/1235
f 456/446/456 1236/446/1236 1235/443/1235
f 457/447/457 1237/1211/1237 1236/446/1236
f 463/522/463 1244/522/1244 1243/1286/1243
f 463/522/463 464/523/464 1245/1287/1245
f 471/530/471 1252/1294/1252 1251/1293/1251
f 472/531/472 473/532/473 1253/1295/1253
f 478/466/478 1259/1232/1259 1258/1231/1258
f 479/467/479 480/469/480 1261/1236/1261
f 481/476/481 482/475/482 1263/1244/1263
f 484/495/484 1266/1252/1266 1265/1253/1265
f 488/512/488 489/514/489 1270/1273/1270
f 491/513/491 1272/1270/1272 1271/1274/1271
f 506/468/506 1287/468/1287 1286/1242/1286
f 507/472/507 1288/472/1288 1287/468/1287
f 508/471/508 1289/1285/1289 1288/472/1288
f 512/484/512 513/483/513 1292/1237/1292
f 331/384/331 1113/1153/1113 1112/1128/1112
f 338/370/338 1121/1138/1121 1120/1137/1120
f 352/434/352 1133/1198/1133 1132/1164/1132
f 355/407/355 1136/1172/1136 1135/1181/1135
f 366/364/366 367/360/367 1146/360/1146
f 368/358/368 1147/1132/1147 1146/360/1146
f 369/357/369 1148/1130/1148 1147/1132/1147
f 372/339/372 1151/1111/1151 1150/1112/1150
f 380/359/380 381/361/381 1159/361/1159
f 381/361/381 382/362/382 1160/1134/1160
f 385/390/385 1163/390/1163 1162/1157/1162
f 386/347/386 1164/347/1164 1163/390/1163
f 386/347/386 387/346/387 1165/1119/1165
f 391/367/391 1170/1140/1170 1169/1141/1169
f 396/394/396 1175/1161/1175 1174/1162/1174
f 408/413/408 1187/1180/1187 1186/1182/1186
f 410/414/410 411/417/411 1189/417/1189
f 412/433/412 1190/1197/1190 1189/417/1189
f 414/410/414 1192/410/1192 1191/1175/1191
f 415/409/415 1193/1174/1193 1192/410/1192
f 429/382/429 1207/1151/1207 1206/1152/1206
f 430/376/430 1208/1147/1208 1207/1151/1207
f 434/385/434 435/352/435 1212/1154/1212
f 207/253/207 990/1035/990 989/1010/989
f 214/306/214 995/1087/995 994/1105/994
f 239/204/239 240/203/240 1021/203/1021
f 241/222/241 1022/1001/1022 1021/203/1021
f 242/224/242 243/225/243 1023/1004/1023
f 248/254/248 249/246/249 1030/1026/1030
f 250/247/250 251/330/251 1032/1106/1032
f 260/294/260 1041/294/1041 1040/1068/1040
f 261/293/261 1042/1077/1042 1041/294/1041
f 203/249/203 985/1031/985 1564/1033/1564
f 285/273/285 286/265/286 1063/1054/1063
f 287/266/287 1065/1042/1065 1064/1047/1064
f 296/219/296 297/216/297 1075/994/1075
f 299/212/299 1078/985/1078 1077/987/1077
f 312/259/312 313/258/313 1094/1041/1094
f 321/301/321 322/299/322 1103/1080/1103
f 329/276/329 284/277/284 1110/1065/1110
f 95/112/95 879/897/879 878/893/878
f 99/132/99 100/136/100 884/918/884
f 103/197/103 104/198/104 887/974/887
f 114/157/114 115/159/115 899/940/899
f 130/125/130 915/900/915 914/907/914
f 141/93/141 142/95/142 926/876/926
f 143/96/143 928/880/928 927/879/927
f 153/124/153 936/906/936 935/908/935
f 160/160/160 161/194/161 944/971/944
f 163/171/163 946/171/946 945/953/945
f 164/175/164 947/175/947 946/171/946
f 165/174/165 948/174/948 947/175/947
f 166/173/166 949/952/949 948/174/948
f 179/168/179 963/949/963 962/951/962
f 186/161/186 187/202/187 969/979/969
f 189/152/189 190/154/190 972/154/972
f 190/154/190 191/148/191 973/927/973
f 192/147/192 193/138/193 975/138/975
f 193/138/193 194/137/194 976/919/976
f 201/119/201 983/901/983 982/903/982
f 92/26/92 1/25/1 782/806/782
f 3/1/3 785/788/785 784/790/784
f 12/6/12 794/785/794 793/784/793
f 13/5/13 795/786/795 794/785/794
f 19/75/19 20/77/20 801/859/801
f 29/91/29 811/875/811 810/874/810
f 31/23/31 32/24/32 813/795/813
f 36/38/36 818/822/818 817/824/817
f 47/73/47 829/855/829 828/858/828
f 58/62/58 59/69/59 841/850/841
f 61/70/61 843/849/843 842/851/842
f 64/66/64 846/852/846 845/853/845
f 67/60/67 68/63/68 850/843/850
f 71/57/71 72/59/72 854/841/854
f 73/44/73 855/829/855 854/841/854
f 73/44/73 74/43/74 856/43/856
f 74/43/74 75/42/75 857/828/857
f 76/50/76 77/37/77 860/820/860
f 78/36/78 861/819/861 860/820/860
f 84/20/84 85/19/85 868/801/868
f 87/17/87 870/17/870 869/802/869
f 87/17/87 88/27/88 871/808/871
